{
	"credit": "Made with Blockbench",
	"texture_size": [64, 64],
	"textures": {
		"2": "items/back/browncat_mask"
	},
	"elements": [
		{
			"from": [2.1, 16, 5],
			"to": [13.1, 26, 14],
			"faces": {
				"north": {"uv": [2.75, 8.5, 5.5, 11], "texture": "#2"},
				"east": {"uv": [9, 0, 11.25, 2.5], "texture": "#2"},
				"south": {"uv": [5.5, 8.75, 8.25, 11.25], "texture": "#2"},
				"west": {"uv": [9, 2.5, 11.25, 5], "texture": "#2"},
				"up": {"uv": [11.5, 8.25, 8.75, 6], "texture": "#2"},
				"down": {"uv": [11, 8.75, 8.25, 11], "texture": "#2"}
			}
		},
		{
			"from": [1.85, 0, 2.5],
			"to": [13.35, 16.5, 14.5],
			"faces": {
				"north": {"uv": [0, 0, 3, 4.25], "texture": "#2"},
				"east": {"uv": [3, 0, 6, 4.25], "texture": "#2"},
				"south": {"uv": [0, 4.25, 3, 8.5], "texture": "#2"},
				"west": {"uv": [3, 4.25, 6, 8.5], "texture": "#2"},
				"up": {"uv": [9, 3, 6, 0], "texture": "#2"},
				"down": {"uv": [9, 3, 6, 6], "texture": "#2"}
			}
		},
		{
			"from": [2.1, 22.5, 3],
			"to": [13.1, 26, 5],
			"faces": {
				"north": {"uv": [9, 5, 11.75, 6], "texture": "#2"},
				"east": {"uv": [8, 11.5, 8.5, 12.5], "texture": "#2"},
				"south": {"uv": [2.75, 11, 5.5, 12], "texture": "#2"},
				"west": {"uv": [8.5, 11.5, 9, 12.5], "texture": "#2"},
				"up": {"uv": [11.5, 8.75, 8.75, 8.25], "texture": "#2"},
				"down": {"uv": [11, 11, 8.25, 11.5], "texture": "#2"}
			}
		},
		{
			"from": [2.1, 16, 3],
			"to": [13.1, 17, 5],
			"faces": {
				"north": {"uv": [11.25, 4.5, 14, 4.75], "texture": "#2"},
				"east": {"uv": [5.5, 8.5, 6, 8.75], "texture": "#2"},
				"south": {"uv": [11.25, 4.75, 14, 5], "texture": "#2"},
				"west": {"uv": [11.75, 3.75, 12.25, 4], "texture": "#2"},
				"up": {"uv": [13.75, 9.25, 11, 8.75], "texture": "#2"},
				"down": {"uv": [13.75, 9.25, 11, 9.75], "texture": "#2"}
			}
		},
		{
			"from": [2.1, 17, 3],
			"to": [3.6, 22.5, 5],
			"faces": {
				"north": {"uv": [11.25, 0, 11.75, 1.5], "texture": "#2"},
				"east": {"uv": [11.25, 1.5, 11.75, 3], "texture": "#2"},
				"south": {"uv": [11.25, 3, 11.75, 4.5], "texture": "#2"},
				"west": {"uv": [5.5, 11.25, 6, 12.75], "texture": "#2"},
				"up": {"uv": [1.75, 12.25, 1.25, 11.75], "texture": "#2"},
				"down": {"uv": [12.25, 1.25, 11.75, 1.75], "texture": "#2"}
			}
		},
		{
			"from": [11.6, 17, 3],
			"to": [13.1, 22.5, 5],
			"faces": {
				"north": {"uv": [6, 11.25, 6.5, 12.75], "texture": "#2"},
				"east": {"uv": [6.5, 11.25, 7, 12.75], "texture": "#2"},
				"south": {"uv": [7, 11.25, 7.5, 12.75], "texture": "#2"},
				"west": {"uv": [7.5, 11.25, 8, 12.75], "texture": "#2"},
				"up": {"uv": [2.25, 12.25, 1.75, 11.75], "texture": "#2"},
				"down": {"uv": [12.25, 1.75, 11.75, 2.25], "texture": "#2"}
			}
		},
		{
			"from": [2.1, -2, 3],
			"to": [13.1, 0, 14],
			"rotation": {"angle": 0, "axis": "y", "origin": [0, 1, 0]},
			"faces": {
				"north": {"uv": [11, 9.75, 13.75, 10.25], "texture": "#2"},
				"east": {"uv": [11, 10.25, 13.75, 10.75], "texture": "#2"},
				"south": {"uv": [11, 10.75, 13.75, 11.25], "texture": "#2"},
				"west": {"uv": [0, 11.25, 2.75, 11.75], "texture": "#2"},
				"up": {"uv": [8.75, 8.75, 6, 6], "texture": "#2"},
				"down": {"uv": [2.75, 8.5, 0, 11.25], "texture": "#2"}
			}
		},
		{
			"from": [9.6, 23.25, 2.5],
			"to": [11.35, 24.75, 3],
			"rotation": {"angle": 0, "axis": "y", "origin": [9.6, 23, 1]},
			"faces": {
				"north": {"uv": [2.25, 11.75, 2.75, 12.25], "texture": "#2"},
				"east": {"uv": [10.75, 11.5, 11, 12], "texture": "#2"},
				"south": {"uv": [11.75, 2.25, 12.25, 2.75], "texture": "#2"},
				"west": {"uv": [11.75, 4, 12, 4.5], "texture": "#2"},
				"up": {"uv": [12.25, 5.25, 11.75, 5], "texture": "#2"},
				"down": {"uv": [12.25, 5.25, 11.75, 5.5], "texture": "#2"}
			}
		},
		{
			"from": [3.85, 23.25, 2.5],
			"to": [5.6, 24.75, 3],
			"rotation": {"angle": 0, "axis": "y", "origin": [5.6, 23, 1]},
			"faces": {
				"north": {"uv": [11.75, 2.75, 12.25, 3.25], "texture": "#2"},
				"east": {"uv": [11.75, 5.5, 12, 6], "texture": "#2"},
				"south": {"uv": [11.75, 3.25, 12.25, 3.75], "texture": "#2"},
				"west": {"uv": [11.75, 11.25, 12, 11.75], "texture": "#2"},
				"up": {"uv": [12.25, 12, 11.75, 11.75], "texture": "#2"},
				"down": {"uv": [3.25, 12, 2.75, 12.25], "texture": "#2"}
			}
		},
		{
			"from": [6.95, 23, 2.25],
			"to": [8.25, 23.6, 3],
			"rotation": {"angle": 0, "axis": "y", "origin": [8.35, 23, 1]},
			"faces": {
				"north": {"uv": [8, 11.25, 8.25, 11.5], "texture": "#2"},
				"east": {"uv": [3.25, 12, 3.5, 12.25], "texture": "#2"},
				"south": {"uv": [3.5, 12, 3.75, 12.25], "texture": "#2"},
				"west": {"uv": [3.75, 12, 4, 12.25], "texture": "#2"},
				"up": {"uv": [4.25, 12.25, 4, 12], "texture": "#2"},
				"down": {"uv": [12.25, 4, 12, 4.25], "texture": "#2"}
			}
		},
		{
			"from": [8.6, 24.3, 3.3],
			"to": [11.85, 27.1, 5.7],
			"rotation": {"angle": 45, "axis": "z", "origin": [10.35, 26.25, 4.5]},
			"faces": {
				"north": {"uv": [11, 11.25, 11.75, 12], "texture": "#2"},
				"east": {"uv": [9, 11.5, 9.5, 12.25], "texture": "#2"},
				"south": {"uv": [11.5, 6, 12.25, 6.75], "texture": "#2"},
				"west": {"uv": [9.5, 11.5, 10, 12.25], "texture": "#2"},
				"up": {"uv": [12.25, 8.75, 11.5, 8.25], "texture": "#2"},
				"down": {"uv": [10.75, 11.5, 10, 12], "texture": "#2"}
			}
		},
		{
			"from": [3.35, 24.35, 3.3],
			"to": [6.6, 27.2, 5.7],
			"rotation": {"angle": -45, "axis": "z", "origin": [4.85, 26.35, 4.5]},
			"faces": {
				"north": {"uv": [11.5, 6.75, 12.25, 7.5], "texture": "#2"},
				"east": {"uv": [0, 11.75, 0.5, 12.5], "texture": "#2"},
				"south": {"uv": [11.5, 7.5, 12.25, 8.25], "texture": "#2"},
				"west": {"uv": [11.75, 0, 12.25, 0.75], "texture": "#2"},
				"up": {"uv": [1.25, 12.25, 0.5, 11.75], "texture": "#2"},
				"down": {"uv": [12.5, 0.75, 11.75, 1.25], "texture": "#2"}
			}
		}
	],
	"gui_light": "front",
	"display": {
		"thirdperson_righthand": {
			"rotation": [66.54, -0.33, 17.75],
			"translation": [0.25, -0.75, -0.5],
			"scale": [0.3, 0.3, 0.3]
		},
		"thirdperson_lefthand": {
			"rotation": [66.54, -0.33, 17.75],
			"translation": [0.25, -0.75, -0.5],
			"scale": [0.3, 0.3, 0.3]
		},
		"firstperson_righthand": {
			"rotation": [-175.18, 45.07, 174.49],
			"translation": [2, -1.5, 0],
			"scale": [0.5, 0.5, 0.5]
		},
		"firstperson_lefthand": {
			"rotation": [-175.18, 45.07, 174.49],
			"translation": [2, -1.5, 0],
			"scale": [0, 0, 0]
		},
		"ground": {
			"translation": [0, 4, 0],
			"scale": [0.4, 0.4, 0.4]
		},
		"gui": {
			"rotation": [-173.96, 18.25, 179.86],
			"translation": [0, -1.75, 0.75],
			"scale": [0.5, 0.5, 0.5]
		},
		"head": {
			"translation": [0.5, -57, 0],
			"scale": [1.7, 1.7, 1.7]
		},
		"fixed": {
			"translation": [0, -2.5, 0.75],
			"scale": [0.6, 0.6, 0.6]
		}
	},
	"groups": [
		{
			"name": "group",
			"origin": [4.85, 26.35, 4.5],
			"color": 0,
			"children": [0, 1, 2, 3, 4, 5, 6, 7, 8, 9, 10, 11]
		}
	]
}