{
	"credit": "Made with Blockbench",
	"texture_size": [64, 64],
	"textures": {
		"0": "items/back/browncat_bag",
		"particle": "items/back/browncat_bag"
	},
	"elements": [
		{
			"from": [3.75, 1.5, 5],
			"to": [13.25, 8, 10],
			"rotation": {"angle": 0, "axis": "y", "origin": [3, 0, 5]},
			"faces": {
				"north": {"uv": [0, 0, 2.5, 1.75], "texture": "#0"},
				"east": {"uv": [1, 3.5, 2.25, 5.25], "texture": "#0"},
				"south": {"uv": [0, 1.75, 2.5, 3.5], "texture": "#0"},
				"west": {"uv": [3.5, 2.5, 4.75, 4.25], "texture": "#0"},
				"up": {"uv": [5, 1.25, 2.5, 0], "texture": "#0"},
				"down": {"uv": [5, 1.25, 2.5, 2.5], "texture": "#0"}
			}
		},
		{
			"from": [9, 6.5, 5.3],
			"to": [12.25, 9.1, 7.7],
			"rotation": {"angle": 45, "axis": "z", "origin": [10.75, 8.25, 6.5]},
			"faces": {
				"north": {"uv": [4.75, 3, 5.5, 3.75], "texture": "#0"},
				"east": {"uv": [5, 0.75, 5.5, 1.5], "texture": "#0"},
				"south": {"uv": [3.5, 4.75, 4.25, 5.5], "texture": "#0"},
				"west": {"uv": [5, 1.5, 5.5, 2.25], "texture": "#0"},
				"up": {"uv": [5.5, 4.25, 4.75, 3.75], "texture": "#0"},
				"down": {"uv": [5.75, 4.75, 5, 5.25], "texture": "#0"}
			}
		},
		{
			"from": [4.75, 6.25, 5.3],
			"to": [8, 9.1, 7.7],
			"rotation": {"angle": -45, "axis": "z", "origin": [6.25, 8.25, 6.5]},
			"faces": {
				"north": {"uv": [4.25, 4.75, 5, 5.5], "texture": "#0"},
				"east": {"uv": [1, 5.25, 1.5, 6], "texture": "#0"},
				"south": {"uv": [5, 0, 5.75, 0.75], "texture": "#0"},
				"west": {"uv": [1.5, 5.25, 2, 6], "texture": "#0"},
				"up": {"uv": [5.75, 5.75, 5, 5.25], "texture": "#0"},
				"down": {"uv": [6.25, 0.75, 5.5, 1.25], "texture": "#0"}
			}
		},
		{
			"from": [12.75, 8, 6.5],
			"to": [12.75, 27, 8.5],
			"rotation": {"angle": 0, "axis": "y", "origin": [2.75, 7, 5]},
			"faces": {
				"north": {"uv": [0, 0, 0, 4.75], "texture": "#0"},
				"east": {"uv": [2.5, 2.5, 3, 7.25], "texture": "#0"},
				"south": {"uv": [0, 0, 0, 4.75], "texture": "#0"},
				"west": {"uv": [3, 2.5, 3.5, 7.25], "texture": "#0"},
				"up": {"uv": [0, 0.5, 0, 0], "texture": "#0"},
				"down": {"uv": [0, 0, 0, 0.5], "texture": "#0"}
			}
		},
		{
			"from": [4.25, 8, 6.5],
			"to": [4.25, 27, 8.5],
			"rotation": {"angle": 0, "axis": "y", "origin": [-5.75, 7, 5]},
			"faces": {
				"north": {"uv": [0, 0, 0, 4.75], "texture": "#0"},
				"east": {"uv": [0, 3.5, 0.5, 8.25], "texture": "#0"},
				"south": {"uv": [0, 0, 0, 4.75], "texture": "#0"},
				"west": {"uv": [0.5, 3.5, 1, 8.25], "texture": "#0"},
				"up": {"uv": [0, 0.5, 0, 0], "texture": "#0"},
				"down": {"uv": [0, 0, 0, 0.5], "texture": "#0"}
			}
		},
		{
			"from": [4.25, 27, 6.5],
			"to": [12.75, 27, 8.5],
			"rotation": {"angle": 0, "axis": "y", "origin": [2.75, 7, 5]},
			"faces": {
				"north": {"uv": [0, 0, 2.25, 0], "texture": "#0"},
				"east": {"uv": [0, 0, 0.5, 0], "texture": "#0"},
				"south": {"uv": [0, 0, 2.25, 0], "texture": "#0"},
				"west": {"uv": [0, 0, 0.5, 0], "texture": "#0"},
				"up": {"uv": [5.75, 4.75, 3.5, 4.25], "texture": "#0"},
				"down": {"uv": [7, 2.5, 4.75, 3], "texture": "#0"}
			}
		},
		{
			"from": [10.5, 3.75, 4.5],
			"to": [12.25, 5.25, 5],
			"rotation": {"angle": 0, "axis": "y", "origin": [10.5, 3.5, 3]},
			"faces": {
				"north": {"uv": [2, 5.25, 2.5, 5.75], "texture": "#0"},
				"east": {"uv": [2.25, 3.5, 2.5, 4], "texture": "#0"},
				"south": {"uv": [5.5, 1.25, 6, 1.75], "texture": "#0"},
				"west": {"uv": [2.25, 4, 2.5, 4.5], "texture": "#0"},
				"up": {"uv": [5.5, 2.5, 5, 2.25], "texture": "#0"},
				"down": {"uv": [6, 2.25, 5.5, 2.5], "texture": "#0"}
			}
		},
		{
			"from": [4.75, 3.75, 4.5],
			"to": [6.5, 5.25, 5],
			"rotation": {"angle": 0, "axis": "y", "origin": [6.5, 3.5, 3]},
			"faces": {
				"north": {"uv": [5.5, 1.75, 6, 2.25], "texture": "#0"},
				"east": {"uv": [2.25, 4.5, 2.5, 5], "texture": "#0"},
				"south": {"uv": [5.5, 3, 6, 3.5], "texture": "#0"},
				"west": {"uv": [3.5, 5.5, 3.75, 6], "texture": "#0"},
				"up": {"uv": [6, 3.75, 5.5, 3.5], "texture": "#0"},
				"down": {"uv": [4.25, 5.5, 3.75, 5.75], "texture": "#0"}
			}
		},
		{
			"from": [7.85, 3.25, 4.25],
			"to": [9.15, 3.85, 5],
			"rotation": {"angle": 0, "axis": "y", "origin": [9.25, 3.25, 3]},
			"faces": {
				"north": {"uv": [2.25, 5, 2.5, 5.25], "texture": "#0"},
				"east": {"uv": [5.5, 3.75, 5.75, 4], "texture": "#0"},
				"south": {"uv": [5.5, 4, 5.75, 4.25], "texture": "#0"},
				"west": {"uv": [4.25, 5.5, 4.5, 5.75], "texture": "#0"},
				"up": {"uv": [4.75, 5.75, 4.5, 5.5], "texture": "#0"},
				"down": {"uv": [5, 5.5, 4.75, 5.75], "texture": "#0"}
			}
		}
	],
	"gui_light": "front",
	"display": {
		"thirdperson_righthand": {
			"rotation": [86, 0, 0],
			"scale": [0.36, 0.36, 0.36]
		},
		"thirdperson_lefthand": {
			"rotation": [86, 0, 0],
			"scale": [0.36, 0.36, 0.36]
		},
		"firstperson_righthand": {
			"scale": [0, 0, 0]
		},
		"firstperson_lefthand": {
			"scale": [0, 0, 0]
		},
		"ground": {
			"translation": [0, 5.5, 0],
			"scale": [0.55, 0.55, 0.55]
		},
		"gui": {
			"rotation": [-177.25, 20.04, -151.41],
			"translation": [-0.5, -3, 0],
			"scale": [0.53, 0.53, 0.53]
		},
		"head": {
			"rotation": [81.84, 56.16, -81.29],
			"translation": [-5, -59.5, 0],
			"scale": [1.12, 1.12, 1.12]
		},
		"fixed": {
			"rotation": [0, 0, 27.25],
			"translation": [2.25, -6.75, 0]
		}
	},
	"groups": [
		{
			"name": "group",
			"origin": [7.5, 9.25, 7.5],
			"color": 0,
			"children": [0, 1, 2, 3, 4, 5, 6, 7, 8]
		}
	]
}