{
	"credit": "Made with Blockbench",
	"texture_size": [32, 32],
	"textures": {
		"1": "items/back/bunny_backpack"
	},
	"elements": [
		{
			"from": [5, 0, 6],
			"to": [11, 5, 7],
			"faces": {
				"north": {"uv": [0, 8, 3, 10.5], "texture": "#1"},
				"east": {"uv": [7, 10, 7.5, 12.5], "texture": "#1"},
				"west": {"uv": [7.5, 10, 8, 12.5], "texture": "#1"},
				"up": {"uv": [7, 10.5, 4, 10], "texture": "#1"},
				"down": {"uv": [13, 9.5, 10, 10], "texture": "#1"}
			}
		},
		{
			"from": [9, 4.92388, 5.61732],
			"to": [12, 6.92388, 5.61732],
			"rotation": {"angle": -22.5, "axis": "x", "origin": [12, 5.92388, 5.61732]},
			"faces": {
				"north": {"uv": [10, 10, 11.5, 11], "texture": "#1"},
				"east": {"uv": [0, 0, 0, 1], "texture": "#1"},
				"south": {"uv": [0, 10.5, 1.5, 11.5], "texture": "#1"},
				"west": {"uv": [0, 0, 0, 1], "texture": "#1"},
				"up": {"uv": [1.5, 0, 0, 0], "texture": "#1"},
				"down": {"uv": [1.5, 0, 0, 0], "texture": "#1"}
			}
		},
		{
			"from": [11, 0, 6],
			"to": [13, 5, 6],
			"rotation": {"angle": 0, "axis": "y", "origin": [16, 0, 0]},
			"faces": {
				"north": {"uv": [3, 8, 4, 10.5], "texture": "#1"},
				"east": {"uv": [0, 0, 0, 2.5], "texture": "#1"},
				"south": {"uv": [9.5, 5.5, 10.5, 8], "texture": "#1"},
				"west": {"uv": [0, 0, 0, 2.5], "texture": "#1"},
				"up": {"uv": [1, 0, 0, 0], "texture": "#1"},
				"down": {"uv": [1, 0, 0, 0], "texture": "#1"}
			}
		},
		{
			"from": [4, 4.92388, 5.61732],
			"to": [7, 6.92388, 5.61732],
			"rotation": {"angle": -22.5, "axis": "x", "origin": [4, 5.92388, 5.61732]},
			"faces": {
				"north": {"uv": [1.5, 10.5, 3, 11.5], "texture": "#1"},
				"east": {"uv": [0, 0, 0, 1], "texture": "#1"},
				"south": {"uv": [3, 10.5, 4.5, 11.5], "texture": "#1"},
				"west": {"uv": [0, 0, 0, 1], "texture": "#1"},
				"up": {"uv": [1.5, 0, 0, 0], "texture": "#1"},
				"down": {"uv": [1.5, 0, 0, 0], "texture": "#1"}
			}
		},
		{
			"from": [3, 0, 6],
			"to": [5, 5, 6],
			"faces": {
				"north": {"uv": [8, 9.5, 9, 12], "texture": "#1"},
				"east": {"uv": [0, 0, 0, 2.5], "texture": "#1"},
				"south": {"uv": [9, 9.5, 10, 12], "texture": "#1"},
				"west": {"uv": [0, 0, 0, 2.5], "texture": "#1"},
				"up": {"uv": [1, 0, 0, 0], "texture": "#1"},
				"down": {"uv": [1, 0, 0, 0], "texture": "#1"}
			}
		},
		{
			"from": [4, 0, 7],
			"to": [12, 8, 10],
			"faces": {
				"north": {"uv": [0, 4, 4, 8], "texture": "#1", "tintindex": 0},
				"east": {"uv": [8, 0, 9.5, 4], "texture": "#1", "tintindex": 0},
				"south": {"uv": [4, 0, 8, 4], "texture": "#1", "tintindex": 0},
				"west": {"uv": [8, 4, 9.5, 8], "texture": "#1", "tintindex": 0},
				"up": {"uv": [12, 9.5, 8, 8], "texture": "#1", "tintindex": 0},
				"down": {"uv": [13.5, 0, 9.5, 1.5], "texture": "#1", "tintindex": 0}
			}
		},
		{
			"from": [4, 7.875, 7.625],
			"to": [12, 9.875, 7.625],
			"rotation": {"angle": -22.5, "axis": "x", "origin": [8, 9, 8]},
			"faces": {
				"north": {"uv": [9.5, 3.5, 13.5, 4.5], "texture": "#1", "tintindex": 0},
				"east": {"uv": [0, 0, 0, 1], "texture": "#1", "tintindex": 0},
				"south": {"uv": [9.5, 4.5, 13.5, 5.5], "texture": "#1", "tintindex": 0},
				"west": {"uv": [0, 0, 0, 1], "texture": "#1", "tintindex": 0},
				"up": {"uv": [4, 0, 0, 0], "texture": "#1", "tintindex": 0},
				"down": {"uv": [4, 0, 0, 0], "texture": "#1", "tintindex": 0}
			}
		},
		{
			"from": [1.5, 6, 6.9375],
			"to": [9.5, 12, 6.9375],
			"rotation": {"angle": 22.5, "axis": "z", "origin": [8, 7.5, 6.75]},
			"faces": {
				"north": {"uv": [4, 4, 8, 7], "texture": "#1"},
				"east": {"uv": [0, 0, 0, 3], "texture": "#1"},
				"south": {"uv": [4, 7, 8, 10], "texture": "#1"},
				"west": {"uv": [0, 0, 0, 3], "texture": "#1"},
				"up": {"uv": [4, 0, 0, 0], "texture": "#1"},
				"down": {"uv": [4, 0, 0, 0], "texture": "#1"}
			}
		},
		{
			"from": [4, 0, 12],
			"to": [12, 8, 14],
			"rotation": {"angle": 0, "axis": "y", "origin": [8, 4, 14]},
			"faces": {
				"south": {"uv": [0, 0, 4, 4], "texture": "#1", "tintindex": 0},
				"up": {"uv": [13.5, 2.5, 9.5, 1.5], "texture": "#1", "tintindex": 0},
				"down": {"uv": [13.5, 2.5, 9.5, 3.5], "texture": "#1", "tintindex": 0}
			}
		},
		{
			"from": [4, 0, 10],
			"to": [12, 8, 12],
			"rotation": {"angle": 0, "axis": "y", "origin": [8, 4, 14]},
			"faces": {
				"up": {"uv": [13.5, 2.5, 9.5, 1.5], "rotation": 180, "texture": "#1", "tintindex": 0},
				"down": {"uv": [13.5, 2.5, 9.5, 3.5], "rotation": 180, "texture": "#1", "tintindex": 0}
			}
		},
		{
			"from": [4, 0, 12],
			"to": [12, 8, 10],
			"rotation": {"angle": 0, "axis": "y", "origin": [8, 4, 14]},
			"faces": {
				"up": {"uv": [13.5, 2.5, 9.5, 1.5], "texture": "#1", "tintindex": 0},
				"down": {"uv": [13.5, 2.5, 9.5, 3.5], "texture": "#1", "tintindex": 0}
			}
		},
		{
			"from": [4, 0, 14],
			"to": [12, 8, 12],
			"rotation": {"angle": 0, "axis": "y", "origin": [8, 4, 14]},
			"faces": {
				"north": {"uv": [0, 0, 4, 4], "texture": "#1", "tintindex": 0},
				"up": {"uv": [13.5, 2.5, 9.5, 1.5], "rotation": 180, "texture": "#1", "tintindex": 0},
				"down": {"uv": [13.5, 2.5, 9.5, 3.5], "rotation": 180, "texture": "#1", "tintindex": 0}
			}
		}
	],
	"gui_light": "front",
	"display": {
		"thirdperson_righthand": {
			"rotation": [0, -180, 0],
			"translation": [0, 5.5, 0],
			"scale": [0.7, 0.7, 0.7]
		},
		"thirdperson_lefthand": {
			"rotation": [0, -180, 0],
			"translation": [0, 5.5, 0],
			"scale": [0.7, 0.7, 0.7]
		},
		"firstperson_righthand": {
			"rotation": [0, 110, 0],
			"translation": [0, 5.5, 0],
			"scale": [0.7, 0.7, 0.7]
		},
		"firstperson_lefthand": {
			"rotation": [0, 110, 0],
			"translation": [0, 5.5, 0],
			"scale": [0.7, 0.7, 0.7]
		},
		"ground": {
			"rotation": [45, 0, 0],
			"translation": [0, 2, 0],
			"scale": [0.5, 0.5, 0.5]
		},
		"gui": {
			"rotation": [15, -145, 0],
			"translation": [1, 3.5, 0],
			"scale": [1.1, 1.1, 1.1]
		},
		"head": {
			"rotation": [0, -180, 0],
			"translation": [0, -42, 7.25],
			"scale": [1.81, 1.81, 1.81]
		},
		"fixed": {
			"translation": [0, 5.5, -3.5],
			"scale": [1.81, 1.81, 1.81]
		}
	}
}