{
	"credit": "Made with Blockbench",
	"texture_size": [64, 64],
	"textures": {
		"2": "items/back/camper_backpack",
		"particle": "items/back/camper_backpack"
	},
	"elements": [
		{
			"from": [3, 0, 6],
			"to": [13, 12, 10],
			"rotation": {"angle": 0, "axis": "y", "origin": [8, 9.5, 9.5]},
			"faces": {
				"north": {"uv": [0, 0, 2.5, 3], "texture": "#2"},
				"east": {"uv": [2, 5.5, 3, 8.5], "texture": "#2"},
				"south": {"uv": [2.5, 0, 5, 3], "texture": "#2"},
				"west": {"uv": [3, 5.5, 4, 8.5], "texture": "#2"},
				"up": {"uv": [7.5, 2.75, 5, 1.75], "texture": "#2"},
				"down": {"uv": [6.5, 5.5, 4, 6.5], "texture": "#2"}
			}
		},
		{
			"from": [0.5, 12, 5],
			"to": [15.5, 17, 10],
			"rotation": {"angle": 0, "axis": "y", "origin": [8, 9.5, 9.5]},
			"faces": {
				"north": {"uv": [0, 3, 3.75, 4.25], "texture": "#2", "tintindex": 0},
				"east": {"uv": [4, 6.5, 5.25, 7.75], "texture": "#2", "tintindex": 0},
				"south": {"uv": [3.75, 3, 7.5, 4.25], "texture": "#2", "tintindex": 0},
				"west": {"uv": [5.25, 6.5, 6.5, 7.75], "texture": "#2", "tintindex": 0},
				"up": {"uv": [3.75, 5.5, 0, 4.25], "texture": "#2", "tintindex": 0},
				"down": {"uv": [7.5, 4.25, 3.75, 5.5], "texture": "#2", "tintindex": 0}
			}
		},
		{
			"from": [2.5, 11.8, 4.8],
			"to": [4.5, 11.8, 10.2],
			"rotation": {"angle": 0, "axis": "y", "origin": [8, 9.5, 9.5]},
			"faces": {
				"north": {"uv": [0, 0, 0.5, 0], "texture": "#2"},
				"east": {"uv": [0, 0, 1.25, 0], "texture": "#2"},
				"south": {"uv": [0, 0, 0.5, 0], "texture": "#2"},
				"west": {"uv": [0, 0, 1.25, 0], "texture": "#2"},
				"up": {"uv": [7.5, 7.75, 7, 6.5], "texture": "#2"},
				"down": {"uv": [0.5, 7.25, 0, 8.5], "texture": "#2"}
			}
		},
		{
			"from": [2.5, 11.8, 10.2],
			"to": [4.5, 17.2, 10.2],
			"rotation": {"angle": 0, "axis": "y", "origin": [8, 9.5, 9.5]},
			"faces": {
				"north": {"uv": [0.5, 7.25, 1, 8.5], "texture": "#2"},
				"east": {"uv": [0, 0, 0, 1.25], "texture": "#2"},
				"south": {"uv": [1, 7.25, 1.5, 8.5], "texture": "#2"},
				"west": {"uv": [0, 0, 0, 1.25], "texture": "#2"},
				"up": {"uv": [0.5, 0, 0, 0], "texture": "#2"},
				"down": {"uv": [0.5, 0, 0, 0], "texture": "#2"}
			}
		},
		{
			"from": [2.5, 17.2, 4.8],
			"to": [4.5, 17.2, 10.2],
			"rotation": {"angle": 0, "axis": "y", "origin": [8, 9.5, 9.5]},
			"faces": {
				"north": {"uv": [0, 0, 0.5, 0], "texture": "#2"},
				"east": {"uv": [0, 0, 1.25, 0], "texture": "#2"},
				"south": {"uv": [0, 0, 0.5, 0], "texture": "#2"},
				"west": {"uv": [0, 0, 1.25, 0], "texture": "#2"},
				"up": {"uv": [2, 8.5, 1.5, 7.25], "texture": "#2"},
				"down": {"uv": [8, 0, 7.5, 1.25], "texture": "#2"}
			}
		},
		{
			"from": [2.5, 11.8, 4.8],
			"to": [4.5, 17.2, 4.8],
			"rotation": {"angle": 0, "axis": "y", "origin": [8, 9.5, 9.5]},
			"faces": {
				"north": {"uv": [7.5, 1.25, 8, 2.5], "texture": "#2"},
				"east": {"uv": [0, 0, 0, 1.25], "texture": "#2"},
				"south": {"uv": [7.5, 2.5, 8, 3.75], "texture": "#2"},
				"west": {"uv": [0, 0, 0, 1.25], "texture": "#2"},
				"up": {"uv": [0.5, 0, 0, 0], "texture": "#2"},
				"down": {"uv": [0.5, 0, 0, 0], "texture": "#2"}
			}
		},
		{
			"from": [11.5, 11.8, 4.8],
			"to": [13.5, 17.2, 4.8],
			"rotation": {"angle": 0, "axis": "y", "origin": [8, 9.5, 9.5]},
			"faces": {
				"north": {"uv": [8, 1.25, 7.5, 2.5], "texture": "#2"},
				"east": {"uv": [0, 0, 0, 1.25], "texture": "#2"},
				"south": {"uv": [8, 2.5, 7.5, 3.75], "texture": "#2"},
				"west": {"uv": [0, 0, 0, 1.25], "texture": "#2"},
				"up": {"uv": [0, 0, 0.5, 0], "texture": "#2"},
				"down": {"uv": [0, 0, 0.5, 0], "texture": "#2"}
			}
		},
		{
			"from": [11.5, 17.2, 4.8],
			"to": [13.5, 17.2, 10.2],
			"rotation": {"angle": 0, "axis": "y", "origin": [8, 9.5, 9.5]},
			"faces": {
				"north": {"uv": [0.5, 0, 0, 0], "texture": "#2"},
				"east": {"uv": [1.25, 0, 0, 0], "texture": "#2"},
				"south": {"uv": [0.5, 0, 0, 0], "texture": "#2"},
				"west": {"uv": [1.25, 0, 0, 0], "texture": "#2"},
				"up": {"uv": [1.5, 8.5, 2, 7.25], "texture": "#2"},
				"down": {"uv": [7.5, 0, 8, 1.25], "texture": "#2"}
			}
		},
		{
			"from": [11.5, 11.8, 10.2],
			"to": [13.5, 17.2, 10.2],
			"rotation": {"angle": 0, "axis": "y", "origin": [8, 9.5, 9.5]},
			"faces": {
				"north": {"uv": [1, 7.25, 0.5, 8.5], "texture": "#2"},
				"east": {"uv": [0, 0, 0, 1.25], "texture": "#2"},
				"south": {"uv": [1.5, 7.25, 1, 8.5], "texture": "#2"},
				"west": {"uv": [0, 0, 0, 1.25], "texture": "#2"},
				"up": {"uv": [0, 0, 0.5, 0], "texture": "#2"},
				"down": {"uv": [0, 0, 0.5, 0], "texture": "#2"}
			}
		},
		{
			"from": [11.5, 11.8, 4.8],
			"to": [13.5, 11.8, 10.2],
			"rotation": {"angle": 0, "axis": "y", "origin": [8, 9.5, 9.5]},
			"faces": {
				"north": {"uv": [0.5, 0, 0, 0], "texture": "#2"},
				"east": {"uv": [1.25, 0, 0, 0], "texture": "#2"},
				"south": {"uv": [0.5, 0, 0, 0], "texture": "#2"},
				"west": {"uv": [1.25, 0, 0, 0], "texture": "#2"},
				"up": {"uv": [7, 7.75, 7.5, 6.5], "texture": "#2"},
				"down": {"uv": [0, 7.25, 0.5, 8.5], "texture": "#2"}
			}
		},
		{
			"from": [4, 1, 4],
			"to": [12, 8, 6],
			"rotation": {"angle": 0, "axis": "y", "origin": [8, 9.5, 9.5]},
			"faces": {
				"north": {"uv": [5, 0, 7, 1.75], "texture": "#2"},
				"east": {"uv": [6.5, 6.5, 7, 8.25], "texture": "#2"},
				"south": {"uv": [0, 5.5, 2, 7.25], "texture": "#2"},
				"west": {"uv": [7, 0, 7.5, 1.75], "texture": "#2"},
				"up": {"uv": [8.5, 6, 6.5, 5.5], "texture": "#2"},
				"down": {"uv": [8.5, 6, 6.5, 6.5], "texture": "#2"}
			}
		}
	],
	"display": {
		"thirdperson_righthand": {
			"rotation": [-165.11, 23.22, -166.65],
			"translation": [-1.75, 2.5, -0.25],
			"scale": [0.8, 0.8, 0.8]
		},
		"thirdperson_lefthand": {
			"rotation": [-165.11, 23.22, -166.65],
			"translation": [-1.75, 2.5, -0.25],
			"scale": [0.8, 0.8, 0.8]
		},
		"firstperson_righthand": {
			"rotation": [160.14, 23.22, -166.65],
			"translation": [-1.75, 2.5, -0.25],
			"scale": [0.8, 0.8, 0.8]
		},
		"firstperson_lefthand": {
			"rotation": [160.14, 23.22, -166.65],
			"translation": [-1.75, 2.5, -0.25],
			"scale": [0.8, 0.8, 0.8]
		},
		"ground": {
			"translation": [0, 6.25, 0]
		},
		"gui": {
			"rotation": [30, 225, 0],
			"scale": [0.625, 0.625, 0.625]
		},
		"head": {
			"rotation": [-180, 0, -180],
			"translation": [0, -48, 6.5],
			"scale": [1.6, 1.6, 1.6]
		}
	},
	"groups": [
		{
			"name": "body",
			"origin": [0, 11, 0],
			"color": 0,
			"nbt": "{}",
			"armAnimationEnabled": false,
			"children": [0, 1, 2, 3, 4, 5, 6, 7, 8, 9, 10]
		}
	]
}