{
	"credit": "Made with Blockbench",
	"texture_size": [64, 64],
	"textures": {
		"2": "items/back/chicks_mask"
	},
	"elements": [
		{
			"from": [2.1, 16, 5],
			"to": [13.1, 26, 14],
			"faces": {
				"north": {"uv": [2.75, 8.5, 5.5, 11], "texture": "#2"},
				"east": {"uv": [9, 0, 11.25, 2.5], "texture": "#2"},
				"south": {"uv": [5.5, 8.75, 8.25, 11.25], "texture": "#2"},
				"west": {"uv": [9, 2.5, 11.25, 5], "texture": "#2"},
				"up": {"uv": [11.5, 8.25, 8.75, 6], "texture": "#2"},
				"down": {"uv": [11, 8.75, 8.25, 11], "texture": "#2"}
			}
		},
		{
			"from": [1.85, 0, 2.5],
			"to": [13.35, 16.5, 14.5],
			"faces": {
				"north": {"uv": [0, 0, 3, 4.25], "texture": "#2"},
				"east": {"uv": [3, 0, 6, 4.25], "texture": "#2"},
				"south": {"uv": [0, 4.25, 3, 8.5], "texture": "#2"},
				"west": {"uv": [3, 4.25, 6, 8.5], "texture": "#2"},
				"up": {"uv": [9, 3, 6, 0], "texture": "#2"},
				"down": {"uv": [9, 3, 6, 6], "texture": "#2"}
			}
		},
		{
			"from": [2.1, 22.5, 3],
			"to": [13.1, 26, 5],
			"faces": {
				"north": {"uv": [9, 5, 11.75, 6], "texture": "#2"},
				"east": {"uv": [8, 11.5, 8.5, 12.5], "texture": "#2"},
				"south": {"uv": [2.75, 11, 5.5, 12], "texture": "#2"},
				"west": {"uv": [8.5, 11.5, 9, 12.5], "texture": "#2"},
				"up": {"uv": [11.5, 8.75, 8.75, 8.25], "texture": "#2"},
				"down": {"uv": [11, 11, 8.25, 11.5], "texture": "#2"}
			}
		},
		{
			"from": [2.1, 16, 3],
			"to": [13.1, 17, 5],
			"faces": {
				"north": {"uv": [11.25, 4.5, 14, 4.75], "texture": "#2"},
				"east": {"uv": [5.5, 8.5, 6, 8.75], "texture": "#2"},
				"south": {"uv": [11.25, 4.75, 14, 5], "texture": "#2"},
				"west": {"uv": [11.75, 4, 12.25, 4.25], "texture": "#2"},
				"up": {"uv": [13.75, 9.25, 11, 8.75], "texture": "#2"},
				"down": {"uv": [13.75, 9.25, 11, 9.75], "texture": "#2"}
			}
		},
		{
			"from": [2.1, 17, 3],
			"to": [3.6, 22.5, 5],
			"faces": {
				"north": {"uv": [11.25, 0, 11.75, 1.5], "texture": "#2"},
				"east": {"uv": [11.25, 1.5, 11.75, 3], "texture": "#2"},
				"south": {"uv": [11.25, 3, 11.75, 4.5], "texture": "#2"},
				"west": {"uv": [5.5, 11.25, 6, 12.75], "texture": "#2"},
				"up": {"uv": [11, 12, 10.5, 11.5], "texture": "#2"},
				"down": {"uv": [2, 11.75, 1.5, 12.25], "texture": "#2"}
			}
		},
		{
			"from": [11.6, 17, 3],
			"to": [13.1, 22.5, 5],
			"faces": {
				"north": {"uv": [6, 11.25, 6.5, 12.75], "texture": "#2"},
				"east": {"uv": [6.5, 11.25, 7, 12.75], "texture": "#2"},
				"south": {"uv": [7, 11.25, 7.5, 12.75], "texture": "#2"},
				"west": {"uv": [7.5, 11.25, 8, 12.75], "texture": "#2"},
				"up": {"uv": [12.25, 2, 11.75, 1.5], "texture": "#2"},
				"down": {"uv": [2.5, 11.75, 2, 12.25], "texture": "#2"}
			}
		},
		{
			"from": [2.1, -2, 3],
			"to": [13.1, 0, 14],
			"rotation": {"angle": 0, "axis": "y", "origin": [0, 1, 0]},
			"faces": {
				"north": {"uv": [11, 9.75, 13.75, 10.25], "texture": "#2"},
				"east": {"uv": [11, 10.25, 13.75, 10.75], "texture": "#2"},
				"south": {"uv": [11, 10.75, 13.75, 11.25], "texture": "#2"},
				"west": {"uv": [0, 11.25, 2.75, 11.75], "texture": "#2"},
				"up": {"uv": [8.75, 8.75, 6, 6], "texture": "#2"},
				"down": {"uv": [2.75, 8.5, 0, 11.25], "texture": "#2"}
			}
		},
		{
			"from": [11.74645, 22.64645, 4],
			"to": [14.74645, 24.64645, 7],
			"rotation": {"angle": -22.5, "axis": "z", "origin": [13.24645, 23.64645, 5.5]},
			"faces": {
				"north": {"uv": [11.5, 8.25, 12.25, 8.75], "texture": "#2"},
				"east": {"uv": [9, 11.5, 9.75, 12], "texture": "#2"},
				"south": {"uv": [9.75, 11.5, 10.5, 12], "texture": "#2"},
				"west": {"uv": [0, 11.75, 0.75, 12.25], "texture": "#2"},
				"up": {"uv": [11.75, 12, 11, 11.25], "texture": "#2"},
				"down": {"uv": [12.25, 6, 11.5, 6.75], "texture": "#2"}
			}
		},
		{
			"from": [0.45355, 22.64645, 4],
			"to": [3.45355, 24.64645, 7],
			"rotation": {"angle": 22.5, "axis": "z", "origin": [1.95355, 23.64645, 5.5]},
			"faces": {
				"north": {"uv": [11.75, 0, 12.5, 0.5], "texture": "#2"},
				"east": {"uv": [11.75, 0.5, 12.5, 1], "texture": "#2"},
				"south": {"uv": [0.75, 11.75, 1.5, 12.25], "texture": "#2"},
				"west": {"uv": [11.75, 1, 12.5, 1.5], "texture": "#2"},
				"up": {"uv": [12.25, 7.5, 11.5, 6.75], "texture": "#2"},
				"down": {"uv": [12.25, 7.5, 11.5, 8.25], "texture": "#2"}
			}
		},
		{
			"from": [7.35, 25.75, 5],
			"to": [8.35, 27.75, 6],
			"rotation": {"angle": 0, "axis": "y", "origin": [2.35, 23.75, 3]},
			"faces": {
				"north": {"uv": [2.5, 11.75, 2.75, 12.25], "texture": "#2"},
				"east": {"uv": [11.75, 5, 12, 5.5], "texture": "#2"},
				"south": {"uv": [11.75, 5.5, 12, 6], "texture": "#2"},
				"west": {"uv": [11.75, 11.25, 12, 11.75], "texture": "#2"},
				"up": {"uv": [8.25, 11.5, 8, 11.25], "texture": "#2"},
				"down": {"uv": [12.25, 11.25, 12, 11.5], "texture": "#2"}
			}
		},
		{
			"from": [6.35, 25, 5.025],
			"to": [7.35, 27, 5.975],
			"rotation": {"angle": 22.5, "axis": "z", "origin": [6.85, 26, 5.5]},
			"faces": {
				"north": {"uv": [11.75, 11.75, 12, 12.25], "texture": "#2"},
				"east": {"uv": [2.75, 12, 3, 12.5], "texture": "#2"},
				"south": {"uv": [3, 12, 3.25, 12.5], "texture": "#2"},
				"west": {"uv": [3.25, 12, 3.5, 12.5], "texture": "#2"},
				"up": {"uv": [11.75, 12.25, 11.5, 12], "texture": "#2"},
				"down": {"uv": [12.25, 11.5, 12, 11.75], "texture": "#2"}
			}
		},
		{
			"from": [9.6, 23.25, 2.5],
			"to": [11.35, 24.75, 3],
			"rotation": {"angle": 0, "axis": "y", "origin": [9.6, 23, 1]},
			"faces": {
				"north": {"uv": [11.75, 2, 12.25, 2.5], "texture": "#2"},
				"east": {"uv": [3.5, 12, 3.75, 12.5], "texture": "#2"},
				"south": {"uv": [11.75, 2.5, 12.25, 3], "texture": "#2"},
				"west": {"uv": [3.75, 12, 4, 12.5], "texture": "#2"},
				"up": {"uv": [12.25, 4.5, 11.75, 4.25], "texture": "#2"},
				"down": {"uv": [4.5, 12, 4, 12.25], "texture": "#2"}
			}
		},
		{
			"from": [3.85, 23.25, 2.5],
			"to": [5.6, 24.75, 3],
			"rotation": {"angle": 0, "axis": "y", "origin": [5.6, 23, 1]},
			"faces": {
				"north": {"uv": [11.75, 3, 12.25, 3.5], "texture": "#2"},
				"east": {"uv": [4.5, 12, 4.75, 12.5], "texture": "#2"},
				"south": {"uv": [11.75, 3.5, 12.25, 4], "texture": "#2"},
				"west": {"uv": [4.75, 12, 5, 12.5], "texture": "#2"},
				"up": {"uv": [5.5, 12.25, 5, 12], "texture": "#2"},
				"down": {"uv": [12.5, 5, 12, 5.25], "texture": "#2"}
			}
		},
		{
			"from": [6.6, 23.25, 2.25],
			"to": [8.6, 23.75, 3],
			"rotation": {"angle": 0, "axis": "y", "origin": [8.35, 23, 1]},
			"faces": {
				"north": {"uv": [12, 5.25, 12.5, 5.5], "texture": "#2"},
				"east": {"uv": [12, 11.75, 12.25, 12], "texture": "#2"},
				"south": {"uv": [12, 5.5, 12.5, 5.75], "texture": "#2"},
				"west": {"uv": [12, 12, 12.25, 12.25], "texture": "#2"},
				"up": {"uv": [12.5, 6, 12, 5.75], "texture": "#2"},
				"down": {"uv": [9.5, 12, 9, 12.25], "texture": "#2"}
			}
		},
		{
			"from": [6.6, 23.5, 2.25],
			"to": [8.6, 24, 3],
			"rotation": {"angle": 22.5, "axis": "x", "origin": [7.6, 23.75, 2.625]},
			"faces": {
				"north": {"uv": [9.5, 12, 10, 12.25], "texture": "#2"},
				"east": {"uv": [0, 12.25, 0.25, 12.5], "texture": "#2"},
				"south": {"uv": [10, 12, 10.5, 12.25], "texture": "#2"},
				"west": {"uv": [0.25, 12.25, 0.5, 12.5], "texture": "#2"},
				"up": {"uv": [11, 12.25, 10.5, 12], "texture": "#2"},
				"down": {"uv": [11.5, 12, 11, 12.25], "texture": "#2"}
			}
		}
	],
	"gui_light": "front",
	"display": {
		"thirdperson_righthand": {
			"rotation": [66.54, -0.33, 17.75],
			"translation": [0.25, -0.75, -0.5],
			"scale": [0.3, 0.3, 0.3]
		},
		"thirdperson_lefthand": {
			"rotation": [66.54, -0.33, 17.75],
			"translation": [0.25, -0.75, -0.5],
			"scale": [0.3, 0.3, 0.3]
		},
		"firstperson_righthand": {
			"rotation": [-175.18, 45.07, 174.49],
			"translation": [2, -1.5, 0],
			"scale": [0.5, 0.5, 0.5]
		},
		"firstperson_lefthand": {
			"rotation": [-175.18, 45.07, 174.49],
			"translation": [2, -1.5, 0],
			"scale": [0, 0, 0]
		},
		"ground": {
			"translation": [0, 4, 0],
			"scale": [0.4, 0.4, 0.4]
		},
		"gui": {
			"rotation": [-173.96, 18.25, 179.86],
			"translation": [0, -1.75, 0.75],
			"scale": [0.5, 0.5, 0.5]
		},
		"head": {
			"translation": [0.5, -57, 0],
			"scale": [1.7, 1.7, 1.7]
		},
		"fixed": {
			"translation": [0, -2.5, 0.75],
			"scale": [0.6, 0.6, 0.6]
		}
	},
	"groups": [
		{
			"name": "group",
			"origin": [7.6, 23.75, 2.625],
			"color": 0,
			"children": [0, 1, 2, 3, 4, 5, 6, 7, 8, 9, 10, 11, 12, 13, 14]
		},
		{
			"name": "group",
			"origin": [0, 0, 0],
			"color": 0,
			"children": []
		},
		{
			"name": "group",
			"origin": [4.6, -0.25, -4],
			"color": 0,
			"children": [
				{
					"name": "group",
					"origin": [-10, -14, 0],
					"color": 0,
					"children": []
				}
			]
		}
	]
}