{
	"credit": "Made with Blockbench",
	"texture_size": [64, 64],
	"textures": {
		"0": "items/back/chicks_bag",
		"particle": "items/back/chicks_bag"
	},
	"elements": [
		{
			"from": [3.75, 1, 5],
			"to": [13.25, 8, 10],
			"rotation": {"angle": 0, "axis": "y", "origin": [3, 0, 5]},
			"faces": {
				"north": {"uv": [0, 0, 2.25, 1.75], "texture": "#0"},
				"east": {"uv": [0.5, 3.5, 1.75, 5.25], "texture": "#0"},
				"south": {"uv": [0, 1.75, 2.25, 3.5], "texture": "#0"},
				"west": {"uv": [3.75, 2.5, 5, 4.25], "texture": "#0"},
				"up": {"uv": [4.5, 1.25, 2.25, 0], "texture": "#0"},
				"down": {"uv": [4.5, 1.25, 2.25, 2.5], "texture": "#0"}
			}
		},
		{
			"from": [12.75, 8, 6.5],
			"to": [12.75, 27, 8.5],
			"rotation": {"angle": 0, "axis": "y", "origin": [2.75, 7, 5]},
			"faces": {
				"north": {"uv": [0, 0, 0, 4.75], "texture": "#0"},
				"east": {"uv": [2.25, 2.5, 2.75, 7.25], "texture": "#0"},
				"south": {"uv": [0, 0, 0, 4.75], "texture": "#0"},
				"west": {"uv": [2.75, 2.5, 3.25, 7.25], "texture": "#0"},
				"up": {"uv": [0, 0.5, 0, 0], "texture": "#0"},
				"down": {"uv": [0, 0, 0, 0.5], "texture": "#0"}
			}
		},
		{
			"from": [4.25, 8, 6.5],
			"to": [4.25, 27, 8.5],
			"rotation": {"angle": 0, "axis": "y", "origin": [-5.75, 7, 5]},
			"faces": {
				"north": {"uv": [0, 0, 0, 4.75], "texture": "#0"},
				"east": {"uv": [3.25, 2.5, 3.75, 7.25], "texture": "#0"},
				"south": {"uv": [0, 0, 0, 4.75], "texture": "#0"},
				"west": {"uv": [0, 3.5, 0.5, 8.25], "texture": "#0"},
				"up": {"uv": [0, 0.5, 0, 0], "texture": "#0"},
				"down": {"uv": [0, 0, 0, 0.5], "texture": "#0"}
			}
		},
		{
			"from": [4.25, 27, 6.5],
			"to": [12.75, 27, 8.5],
			"rotation": {"angle": 0, "axis": "y", "origin": [2.75, 7, 5]},
			"faces": {
				"north": {"uv": [0, 0, 2.25, 0], "texture": "#0"},
				"east": {"uv": [0, 0, 0.5, 0], "texture": "#0"},
				"south": {"uv": [0, 0, 2.25, 0], "texture": "#0"},
				"west": {"uv": [0, 0, 0.5, 0], "texture": "#0"},
				"up": {"uv": [7.25, 4.25, 5, 3.75], "texture": "#0"},
				"down": {"uv": [6, 5.5, 3.75, 6], "texture": "#0"}
			}
		},
		{
			"from": [11.64645, 3.14645, 6],
			"to": [14.64645, 5.14645, 9],
			"rotation": {"angle": -22.5, "axis": "z", "origin": [13.14645, 4.14645, 7.5]},
			"faces": {
				"north": {"uv": [1.25, 6, 2, 6.5], "texture": "#0"},
				"east": {"uv": [6, 5.5, 6.75, 6], "texture": "#0"},
				"south": {"uv": [6.25, 0, 7, 0.5], "texture": "#0"},
				"west": {"uv": [6.25, 0.5, 7, 1], "texture": "#0"},
				"up": {"uv": [1.25, 6, 0.5, 5.25], "texture": "#0"},
				"down": {"uv": [2, 5.25, 1.25, 6], "texture": "#0"}
			}
		},
		{
			"from": [2.35355, 3.14645, 6],
			"to": [5.35355, 5.14645, 9],
			"rotation": {"angle": 22.5, "axis": "z", "origin": [3.85355, 4.14645, 7.5]},
			"faces": {
				"north": {"uv": [2, 6, 1.25, 6.5], "texture": "#0"},
				"east": {"uv": [7, 0.5, 6.25, 1], "texture": "#0"},
				"south": {"uv": [7, 0, 6.25, 0.5], "texture": "#0"},
				"west": {"uv": [6.75, 5.5, 6, 6], "texture": "#0"},
				"up": {"uv": [0.5, 6, 1.25, 5.25], "texture": "#0"},
				"down": {"uv": [1.25, 5.25, 2, 6], "texture": "#0"}
			}
		},
		{
			"from": [8.25, 8, 7],
			"to": [9.25, 10, 8],
			"rotation": {"angle": 0, "axis": "y", "origin": [3.25, 6, 5]},
			"faces": {
				"north": {"uv": [2, 5, 2.25, 5.5], "texture": "#0"},
				"east": {"uv": [2, 5.5, 2.25, 6], "texture": "#0"},
				"south": {"uv": [2, 6, 2.25, 6.5], "texture": "#0"},
				"west": {"uv": [6.25, 6.25, 6.5, 6.75], "texture": "#0"},
				"up": {"uv": [2, 5.25, 1.75, 5], "texture": "#0"},
				"down": {"uv": [1.25, 6.75, 1, 7], "texture": "#0"}
			}
		},
		{
			"from": [7.25, 7.25, 7.025],
			"to": [8.25, 9.25, 7.975],
			"rotation": {"angle": 22.5, "axis": "z", "origin": [7.75, 8.25, 7.5]},
			"faces": {
				"north": {"uv": [1.25, 6.5, 1.5, 7], "texture": "#0"},
				"east": {"uv": [1.5, 6.5, 1.75, 7], "texture": "#0"},
				"south": {"uv": [1.75, 6.5, 2, 7], "texture": "#0"},
				"west": {"uv": [2, 6.5, 2.25, 7], "texture": "#0"},
				"up": {"uv": [4.5, 7, 4.25, 6.75], "texture": "#0"},
				"down": {"uv": [7, 5.75, 6.75, 6], "texture": "#0"}
			}
		},
		{
			"from": [10.5, 3.75, 4.5],
			"to": [12.25, 5.25, 5],
			"rotation": {"angle": 0, "axis": "y", "origin": [10.5, 3.5, 3]},
			"faces": {
				"north": {"uv": [1.75, 3.5, 2.25, 4], "texture": "#0"},
				"east": {"uv": [4.5, 6.5, 4.75, 7], "texture": "#0"},
				"south": {"uv": [1.75, 4, 2.25, 4.5], "texture": "#0"},
				"west": {"uv": [4.75, 6.5, 5, 7], "texture": "#0"},
				"up": {"uv": [5.5, 6.75, 5, 6.5], "texture": "#0"},
				"down": {"uv": [7, 6.25, 6.5, 6.5], "texture": "#0"}
			}
		},
		{
			"from": [4.75, 3.75, 4.5],
			"to": [6.5, 5.25, 5],
			"rotation": {"angle": 0, "axis": "y", "origin": [6.5, 3.5, 3]},
			"faces": {
				"north": {"uv": [1.75, 4.5, 2.25, 5], "texture": "#0"},
				"east": {"uv": [5.5, 6.5, 5.75, 7], "texture": "#0"},
				"south": {"uv": [5.75, 6.25, 6.25, 6.75], "texture": "#0"},
				"west": {"uv": [6.5, 6.5, 6.75, 7], "texture": "#0"},
				"up": {"uv": [1, 7, 0.5, 6.75], "texture": "#0"},
				"down": {"uv": [7.25, 2.5, 6.75, 2.75], "texture": "#0"}
			}
		},
		{
			"from": [7.5, 3.75, 4.25],
			"to": [9.5, 4.25, 5],
			"rotation": {"angle": 0, "axis": "y", "origin": [9.25, 3.5, 3]},
			"faces": {
				"north": {"uv": [6.75, 2.75, 7.25, 3], "texture": "#0"},
				"east": {"uv": [6.25, 6.75, 6.5, 7], "texture": "#0"},
				"south": {"uv": [6.75, 3, 7.25, 3.25], "texture": "#0"},
				"west": {"uv": [6.75, 6.5, 7, 6.75], "texture": "#0"},
				"up": {"uv": [7.25, 3.5, 6.75, 3.25], "texture": "#0"},
				"down": {"uv": [7.25, 3.5, 6.75, 3.75], "texture": "#0"}
			}
		},
		{
			"from": [7.5, 4, 4.25],
			"to": [9.5, 4.5, 5],
			"rotation": {"angle": 22.5, "axis": "x", "origin": [8.5, 4.25, 4.625]},
			"faces": {
				"north": {"uv": [3.75, 6.75, 4.25, 7], "texture": "#0"},
				"east": {"uv": [6.75, 6.75, 7, 7], "texture": "#0"},
				"south": {"uv": [5, 6.75, 5.5, 7], "texture": "#0"},
				"west": {"uv": [7, 0, 7.25, 0.25], "texture": "#0"},
				"up": {"uv": [7.25, 5.75, 6.75, 5.5], "texture": "#0"},
				"down": {"uv": [6.25, 6.75, 5.75, 7], "texture": "#0"}
			}
		}
	],
	"gui_light": "front",
	"display": {
		"thirdperson_righthand": {
			"rotation": [86, 0, 0],
			"scale": [0.36, 0.36, 0.36]
		},
		"thirdperson_lefthand": {
			"rotation": [86, 0, 0],
			"scale": [0.36, 0.36, 0.36]
		},
		"firstperson_righthand": {
			"scale": [0, 0, 0]
		},
		"firstperson_lefthand": {
			"scale": [0, 0, 0]
		},
		"ground": {
			"translation": [0, 5.5, 0],
			"scale": [0.55, 0.55, 0.55]
		},
		"gui": {
			"rotation": [-177.25, 20.04, -151.41],
			"translation": [-0.5, -3, 0],
			"scale": [0.53, 0.53, 0.53]
		},
		"head": {
			"rotation": [81.84, 56.16, -81.29],
			"translation": [-5, -59.5, 0],
			"scale": [1.12, 1.12, 1.12]
		},
		"fixed": {
			"rotation": [0, 0, 27.25],
			"translation": [2.25, -6.75, 0]
		}
	},
	"groups": [
		{
			"name": "group",
			"origin": [7.5, 9.25, 7.5],
			"color": 0,
			"children": [0, 1, 2, 3, 4, 5, 6, 7, 8, 9, 10, 11]
		}
	]
}