{
	"credit": "Made with Blockbench",
	"texture_size": [128, 128],
	"textures": {
		"1": "items/back/cyber_machine"
	},
	"elements": [
		{
			"name": "body",
			"from": [2, 24.33333, 6.14764],
			"to": [14, 27.33333, 9.14764],
			"rotation": {"angle": 0, "axis": "y", "origin": [8, 14.0988, 8]},
			"faces": {
				"north": {"uv": [4, 0, 5.5, 0.375], "texture": "#1"},
				"east": {"uv": [3, 6.625, 3.375, 7], "texture": "#1"},
				"south": {"uv": [4, 0.5, 5.5, 0.875], "texture": "#1"},
				"west": {"uv": [3.75, 7.375, 4.125, 7.75], "texture": "#1"},
				"up": {"uv": [5.5, 1.375, 4, 1], "texture": "#1"},
				"down": {"uv": [6, 3.75, 4.5, 4.125], "texture": "#1"}
			}
		},
		{
			"name": "body",
			"from": [5.5, 26.33333, 1.09764],
			"to": [10.5, 29.33333, 13.09764],
			"rotation": {"angle": 0, "axis": "y", "origin": [8, 14.0988, 8]},
			"faces": {
				"north": {"uv": [7.125, 1.5, 7.75, 1.875], "texture": "#1"},
				"east": {"uv": [4.5, 4.25, 6, 4.625], "texture": "#1"},
				"south": {"uv": [7.375, 3.25, 8, 3.625], "texture": "#1"},
				"west": {"uv": [4.5, 4.75, 6, 5.125], "texture": "#1"},
				"up": {"uv": [2.125, 5.75, 1.5, 4.25], "texture": "#1"},
				"down": {"uv": [2.875, 4.25, 2.25, 5.75], "texture": "#1"}
			}
		},
		{
			"name": "body",
			"from": [15.50556, -1.33333, -2.58335],
			"to": [20.50556, 3.66667, 12.41665],
			"rotation": {"angle": -22.5, "axis": "y", "origin": [8, 14.0988, 8]},
			"faces": {
				"north": {"uv": [6, 7.25, 6.625, 7.875], "texture": "#1"},
				"east": {"uv": [2, 0.75, 3.875, 1.375], "texture": "#1"},
				"south": {"uv": [6.75, 7.25, 7.375, 7.875], "texture": "#1"},
				"west": {"uv": [3, 2.25, 4.875, 2.875], "texture": "#1"},
				"up": {"uv": [3.625, 4.875, 3, 3], "texture": "#1"},
				"down": {"uv": [0.625, 3.5, 0, 5.375], "texture": "#1"}
			}
		},
		{
			"name": "body",
			"from": [-4.50556, -1.33333, -2.58335],
			"to": [0.49444, 3.66667, 12.41665],
			"rotation": {"angle": 22.5, "axis": "y", "origin": [8, 14.0988, 8]},
			"faces": {
				"north": {"uv": [7.375, 2.5, 8, 3.125], "texture": "#1"},
				"east": {"uv": [3.5, 1.5, 5.375, 2.125], "texture": "#1"},
				"south": {"uv": [3, 7.375, 3.625, 8], "texture": "#1"},
				"west": {"uv": [3.75, 3, 5.625, 3.625], "texture": "#1"},
				"up": {"uv": [1.375, 5.375, 0.75, 3.5], "texture": "#1"},
				"down": {"uv": [4.375, 3.75, 3.75, 5.625], "texture": "#1"}
			}
		},
		{
			"name": "body",
			"from": [-4.50556, 22.66667, -2.58335],
			"to": [0.49444, 27.66667, 12.41665],
			"rotation": {"angle": 22.5, "axis": "y", "origin": [8, 14.0988, 8]},
			"faces": {
				"north": {"uv": [7.375, 2.5, 8, 3.125], "texture": "#1"},
				"east": {"uv": [3.5, 1.5, 5.375, 2.125], "texture": "#1"},
				"south": {"uv": [3, 7.375, 3.625, 8], "texture": "#1"},
				"west": {"uv": [3.75, 3, 5.625, 3.625], "texture": "#1"},
				"up": {"uv": [1.375, 5.375, 0.75, 3.5], "texture": "#1"},
				"down": {"uv": [4.375, 3.75, 3.75, 5.625], "texture": "#1"}
			}
		},
		{
			"name": "body",
			"from": [15.50556, 22.66667, -2.58335],
			"to": [20.50556, 27.66667, 12.41665],
			"rotation": {"angle": -22.5, "axis": "y", "origin": [8, 14.0988, 8]},
			"faces": {
				"north": {"uv": [6, 7.25, 6.625, 7.875], "texture": "#1"},
				"east": {"uv": [2, 0.75, 3.875, 1.375], "texture": "#1"},
				"south": {"uv": [6.75, 7.25, 7.375, 7.875], "texture": "#1"},
				"west": {"uv": [3, 2.25, 4.875, 2.875], "texture": "#1"},
				"up": {"uv": [3.625, 4.875, 3, 3], "texture": "#1"},
				"down": {"uv": [0.625, 3.5, 0, 5.375], "texture": "#1"}
			}
		},
		{
			"name": "body",
			"from": [1.11559, 24.69967, 6.09764],
			"to": [13.11559, 27.69967, 9.09764],
			"rotation": {"angle": 45, "axis": "z", "origin": [8, 14.0988, 8]},
			"faces": {
				"north": {"uv": [5.625, 0.5, 7.125, 0.875], "texture": "#1"},
				"east": {"uv": [2, 7.5, 2.375, 7.875], "texture": "#1"},
				"south": {"uv": [5.625, 1, 7.125, 1.375], "texture": "#1"},
				"west": {"uv": [2.5, 7.5, 2.875, 7.875], "texture": "#1"},
				"up": {"uv": [7.25, 3.125, 5.75, 2.75], "texture": "#1"},
				"down": {"uv": [7.25, 3.25, 5.75, 3.625], "texture": "#1"}
			}
		},
		{
			"name": "body",
			"from": [-6.48528, 6.84805, 6.14764],
			"to": [-3.48528, 18.84805, 9.14764],
			"rotation": {"angle": 0, "axis": "y", "origin": [8, 14.0988, 8]},
			"faces": {
				"north": {"uv": [3.5, 5.75, 3.875, 7.25], "texture": "#1"},
				"east": {"uv": [4, 5.75, 4.375, 7.25], "texture": "#1"},
				"south": {"uv": [4.5, 5.75, 4.875, 7.25], "texture": "#1"},
				"west": {"uv": [5, 5.75, 5.375, 7.25], "texture": "#1"},
				"up": {"uv": [7.875, 7.625, 7.5, 7.25], "texture": "#1"},
				"down": {"uv": [8, 5.75, 7.625, 6.125], "texture": "#1"}
			}
		},
		{
			"name": "body",
			"from": [2, -1.63723, 6.14764],
			"to": [14, 1.36277, 9.14764],
			"rotation": {"angle": 0, "axis": "y", "origin": [8, 14.0988, 8]},
			"faces": {
				"north": {"uv": [6, 5.75, 7.5, 6.125], "texture": "#1"},
				"east": {"uv": [7.75, 3.75, 8.125, 4.125], "texture": "#1"},
				"south": {"uv": [6.125, 3.75, 7.625, 4.125], "texture": "#1"},
				"west": {"uv": [7.75, 4.25, 8.125, 4.625], "texture": "#1"},
				"up": {"uv": [7.625, 4.625, 6.125, 4.25], "texture": "#1"},
				"down": {"uv": [7.625, 4.75, 6.125, 5.125], "texture": "#1"}
			}
		},
		{
			"name": "body",
			"from": [2.88441, -1.2709, 6.09764],
			"to": [14.88441, 1.7291, 9.09764],
			"rotation": {"angle": -45, "axis": "z", "origin": [8, 14.0988, 8]},
			"faces": {
				"north": {"uv": [6.125, 5.25, 7.625, 5.625], "texture": "#1"},
				"east": {"uv": [7.75, 4.75, 8.125, 5.125], "texture": "#1"},
				"south": {"uv": [6, 6.25, 7.5, 6.625], "texture": "#1"},
				"west": {"uv": [7.75, 5.25, 8.125, 5.625], "texture": "#1"},
				"up": {"uv": [8.125, 2.375, 6.625, 2], "texture": "#1"},
				"down": {"uv": [7.5, 6.75, 6, 7.125], "texture": "#1"}
			}
		},
		{
			"name": "body",
			"from": [1.11559, -1.2709, 6.09764],
			"to": [13.11559, 1.7291, 9.09764],
			"rotation": {"angle": 45, "axis": "z", "origin": [8, 14.0988, 8]},
			"faces": {
				"north": {"uv": [7.625, 5.25, 6.125, 5.625], "texture": "#1"},
				"east": {"uv": [8.125, 5.25, 7.75, 5.625], "texture": "#1"},
				"south": {"uv": [7.5, 6.25, 6, 6.625], "texture": "#1"},
				"west": {"uv": [8.125, 4.75, 7.75, 5.125], "texture": "#1"},
				"up": {"uv": [6.625, 2.375, 8.125, 2], "texture": "#1"},
				"down": {"uv": [6, 6.75, 7.5, 7.125], "texture": "#1"}
			}
		},
		{
			"name": "body",
			"from": [19.48528, 6.84805, 6.14764],
			"to": [22.48528, 18.84805, 9.14764],
			"rotation": {"angle": 0, "axis": "y", "origin": [8, 14.0988, 8]},
			"faces": {
				"north": {"uv": [3.875, 5.75, 3.5, 7.25], "texture": "#1"},
				"east": {"uv": [5.375, 5.75, 5, 7.25], "texture": "#1"},
				"south": {"uv": [4.875, 5.75, 4.5, 7.25], "texture": "#1"},
				"west": {"uv": [4.375, 5.75, 4, 7.25], "texture": "#1"},
				"up": {"uv": [7.5, 7.625, 7.875, 7.25], "texture": "#1"},
				"down": {"uv": [7.625, 5.75, 8, 6.125], "texture": "#1"}
			}
		},
		{
			"name": "body",
			"from": [2.88441, 24.69967, 6.09764],
			"to": [14.88441, 27.69967, 9.09764],
			"rotation": {"angle": -45, "axis": "z", "origin": [8, 14.0988, 8]},
			"faces": {
				"north": {"uv": [7.125, 0.5, 5.625, 0.875], "texture": "#1"},
				"east": {"uv": [2.875, 7.5, 2.5, 7.875], "texture": "#1"},
				"south": {"uv": [7.125, 1, 5.625, 1.375], "texture": "#1"},
				"west": {"uv": [2.375, 7.5, 2, 7.875], "texture": "#1"},
				"up": {"uv": [5.75, 3.125, 7.25, 2.75], "texture": "#1"},
				"down": {"uv": [5.75, 3.25, 7.25, 3.625], "texture": "#1"}
			}
		}
	],
	"gui_light": "front",
	"display": {
		"thirdperson_righthand": {
			"translation": [0, -1.75, 0]
		},
		"thirdperson_lefthand": {
			"translation": [0, -1.75, 0]
		},
		"ground": {
			"translation": [0, 3.75, 0],
			"scale": [0.6, 0.6, 0.6]
		},
		"gui": {
			"rotation": [16, -180, 0],
			"translation": [0, -2.25, 0],
			"scale": [0.4, 0.4, 0.4]
		},
		"head": {
			"translation": [0, -55, 11],
			"scale": [2, 2, 2]
		},
		"fixed": {
			"translation": [-0.25, -3.25, -2],
			"scale": [0.6, 0.6, 0.6]
		}
	},
	"groups": [
		{
			"name": "cyber_machine",
			"origin": [0, 18.0988, 0],
			"color": 0,
			"children": [0, 1, 2, 3, 4, 5, 6, 7, 8, 9, 10, 11, 12]
		}
	]
}