{
	"credit": "Made with Blockbench",
	"texture_size": [128, 128],
	"textures": {
		"1": "items/back/demon_wings"
	},
	"elements": [
		{
			"name": "body",
			"from": [7.56171, 7.59067, 7.22917],
			"to": [14.22171, 9.07067, 8.70917],
			"rotation": {"angle": 22.5, "axis": "z", "origin": [8, 11.68039, 8]},
			"faces": {
				"north": {"uv": [4, 3, 5.125, 3.25], "texture": "#1"},
				"east": {"uv": [5.375, 1.5, 5.625, 1.75], "texture": "#1"},
				"south": {"uv": [4, 3.375, 5.125, 3.625], "texture": "#1"},
				"west": {"uv": [5.375, 1.875, 5.625, 2.125], "texture": "#1"},
				"up": {"uv": [5.125, 4, 4, 3.75], "texture": "#1"},
				"down": {"uv": [5.125, 4.125, 4, 4.375], "texture": "#1"}
			}
		},
		{
			"name": "body",
			"from": [8.44984, 2.40492, 7.96917],
			"to": [31.38984, 17.94492, 7.96917],
			"rotation": {"angle": 0, "axis": "y", "origin": [8, 11.68039, 8]},
			"faces": {
				"north": {"uv": [3.875, 2.75, 0, 5.375], "texture": "#1"},
				"east": {"uv": [1.75, 5.5, 1.75, 8.125], "texture": "#1"},
				"south": {"uv": [0, 2.75, 3.875, 5.375], "texture": "#1"},
				"west": {"uv": [1.875, 5.5, 1.875, 8.125], "texture": "#1"},
				"up": {"uv": [9.375, 3, 5.5, 3], "texture": "#1"},
				"down": {"uv": [9.375, 3.125, 5.5, 3.125], "texture": "#1"}
			}
		},
		{
			"name": "body",
			"from": [12.18304, 5.52104, 7.22917],
			"to": [19.58304, 7.00104, 8.70917],
			"rotation": {"angle": 45, "axis": "z", "origin": [8, 11.68039, 8]},
			"faces": {
				"north": {"uv": [4, 1.5, 5.25, 1.75], "texture": "#1"},
				"east": {"uv": [5.375, 2.25, 5.625, 2.5], "texture": "#1"},
				"south": {"uv": [4, 1.875, 5.25, 2.125], "texture": "#1"},
				"west": {"uv": [5.375, 2.625, 5.625, 2.875], "texture": "#1"},
				"up": {"uv": [5.25, 2.5, 4, 2.25], "texture": "#1"},
				"down": {"uv": [5.25, 2.625, 4, 2.875], "texture": "#1"}
			}
		},
		{
			"name": "body",
			"from": [19.49925, 15.08204, 7.22917],
			"to": [29.11925, 16.56204, 8.70917],
			"rotation": {"angle": 0, "axis": "y", "origin": [8, 11.68039, 8]},
			"faces": {
				"north": {"uv": [4, 0, 5.625, 0.25], "texture": "#1"},
				"east": {"uv": [0, 5.5, 0.25, 5.75], "texture": "#1"},
				"south": {"uv": [4, 0.375, 5.625, 0.625], "texture": "#1"},
				"west": {"uv": [0.375, 5.5, 0.625, 5.75], "texture": "#1"},
				"up": {"uv": [5.625, 1, 4, 0.75], "texture": "#1"},
				"down": {"uv": [5.625, 1.125, 4, 1.375], "texture": "#1"}
			}
		},
		{
			"name": "body",
			"from": [13.90154, 2.44843, 7.78417],
			"to": [14.64154, 8.36843, 8.52417],
			"rotation": {"angle": 22.5, "axis": "z", "origin": [8, 11.68039, 8]},
			"faces": {
				"north": {"uv": [5, 4.5, 5.125, 5.5], "texture": "#1"},
				"east": {"uv": [5.25, 3, 5.375, 4], "texture": "#1"},
				"south": {"uv": [5.25, 4.125, 5.375, 5.125], "texture": "#1"},
				"west": {"uv": [5.25, 5.25, 5.375, 6.25], "texture": "#1"},
				"up": {"uv": [0.875, 5.625, 0.75, 5.5], "texture": "#1"},
				"down": {"uv": [1.125, 5.5, 1, 5.625], "texture": "#1"}
			}
		},
		{
			"name": "body",
			"from": [18.96836, -2.67757, 7.59917],
			"to": [19.70836, 6.20243, 8.33917],
			"rotation": {"angle": 45, "axis": "z", "origin": [8, 11.68039, 8]},
			"faces": {
				"north": {"uv": [4, 4.5, 4.125, 6], "texture": "#1"},
				"east": {"uv": [4.25, 4.5, 4.375, 6], "texture": "#1"},
				"south": {"uv": [4.5, 4.5, 4.625, 6], "texture": "#1"},
				"west": {"uv": [4.75, 4.5, 4.875, 6], "texture": "#1"},
				"up": {"uv": [1.375, 5.625, 1.25, 5.5], "texture": "#1"},
				"down": {"uv": [1.625, 5.5, 1.5, 5.625], "texture": "#1"}
			}
		},
		{
			"name": "body",
			"from": [1.77829, 7.59067, 7.22917],
			"to": [8.43829, 9.07067, 8.70917],
			"rotation": {"angle": -22.5, "axis": "z", "origin": [8, 11.68039, 8]},
			"faces": {
				"north": {"uv": [5.125, 3, 4, 3.25], "texture": "#1"},
				"east": {"uv": [5.625, 1.875, 5.375, 2.125], "texture": "#1"},
				"south": {"uv": [5.125, 3.375, 4, 3.625], "texture": "#1"},
				"west": {"uv": [5.625, 1.5, 5.375, 1.75], "texture": "#1"},
				"up": {"uv": [4, 4, 5.125, 3.75], "texture": "#1"},
				"down": {"uv": [4, 4.125, 5.125, 4.375], "texture": "#1"}
			}
		},
		{
			"name": "body",
			"from": [-3.58304, 5.52104, 7.22917],
			"to": [3.81696, 7.00104, 8.70917],
			"rotation": {"angle": -45, "axis": "z", "origin": [8, 11.68039, 8]},
			"faces": {
				"north": {"uv": [5.25, 1.5, 4, 1.75], "texture": "#1"},
				"east": {"uv": [5.625, 2.625, 5.375, 2.875], "texture": "#1"},
				"south": {"uv": [5.25, 1.875, 4, 2.125], "texture": "#1"},
				"west": {"uv": [5.625, 2.25, 5.375, 2.5], "texture": "#1"},
				"up": {"uv": [4, 2.5, 5.25, 2.25], "texture": "#1"},
				"down": {"uv": [4, 2.625, 5.25, 2.875], "texture": "#1"}
			}
		},
		{
			"name": "body",
			"from": [-13.11925, 15.08204, 7.22917],
			"to": [-3.49925, 16.56204, 8.70917],
			"rotation": {"angle": 0, "axis": "y", "origin": [8, 11.68039, 8]},
			"faces": {
				"north": {"uv": [5.625, 0, 4, 0.25], "texture": "#1"},
				"east": {"uv": [0.625, 5.5, 0.375, 5.75], "texture": "#1"},
				"south": {"uv": [5.625, 0.375, 4, 0.625], "texture": "#1"},
				"west": {"uv": [0.25, 5.5, 0, 5.75], "texture": "#1"},
				"up": {"uv": [4, 1, 5.625, 0.75], "texture": "#1"},
				"down": {"uv": [4, 1.125, 5.625, 1.375], "texture": "#1"}
			}
		},
		{
			"name": "body",
			"from": [1.35846, 2.44843, 7.78417],
			"to": [2.09846, 8.36843, 8.52417],
			"rotation": {"angle": -22.5, "axis": "z", "origin": [8, 11.68039, 8]},
			"faces": {
				"north": {"uv": [5.125, 4.5, 5, 5.5], "texture": "#1"},
				"east": {"uv": [5.375, 5.25, 5.25, 6.25], "texture": "#1"},
				"south": {"uv": [5.375, 4.125, 5.25, 5.125], "texture": "#1"},
				"west": {"uv": [5.375, 3, 5.25, 4], "texture": "#1"},
				"up": {"uv": [0.75, 5.625, 0.875, 5.5], "texture": "#1"},
				"down": {"uv": [1, 5.5, 1.125, 5.625], "texture": "#1"}
			}
		},
		{
			"name": "body",
			"from": [-3.70836, -2.67757, 7.59917],
			"to": [-2.96836, 6.20243, 8.33917],
			"rotation": {"angle": -45, "axis": "z", "origin": [8, 11.68039, 8]},
			"faces": {
				"north": {"uv": [4.125, 4.5, 4, 6], "texture": "#1"},
				"east": {"uv": [4.875, 4.5, 4.75, 6], "texture": "#1"},
				"south": {"uv": [4.625, 4.5, 4.5, 6], "texture": "#1"},
				"west": {"uv": [4.375, 4.5, 4.25, 6], "texture": "#1"},
				"up": {"uv": [1.25, 5.625, 1.375, 5.5], "texture": "#1"},
				"down": {"uv": [1.5, 5.5, 1.625, 5.625], "texture": "#1"}
			}
		},
		{
			"name": "body",
			"from": [-15.38984, 2.40492, 7.96917],
			"to": [7.55016, 17.94492, 7.96917],
			"rotation": {"angle": 0, "axis": "y", "origin": [8, 11.68039, 8]},
			"faces": {
				"north": {"uv": [0, 2.75, 3.875, 5.375], "texture": "#1"},
				"east": {"uv": [1.875, 5.5, 1.875, 8.125], "texture": "#1"},
				"south": {"uv": [3.875, 2.75, 0, 5.375], "texture": "#1"},
				"west": {"uv": [1.75, 5.5, 1.75, 8.125], "texture": "#1"},
				"up": {"uv": [5.5, 3, 9.375, 3], "texture": "#1"},
				"down": {"uv": [5.5, 3.125, 9.375, 3.125], "texture": "#1"}
			}
		}
	],
	"gui_light": "front",
	"display": {
		"thirdperson_righthand": {
			"translation": [0, -1.75, 0]
		},
		"thirdperson_lefthand": {
			"translation": [0, -1.75, 0]
		},
		"gui": {
			"translation": [0, -1.5, 0],
			"scale": [0.4, 0.4, 0.4]
		},
		"head": {
			"translation": [0, -47.75, 4.25],
			"scale": [1.8, 1.8, 1.8]
		},
		"fixed": {
			"translation": [0, -1.75, -1.75]
		}
	}
}