{
	"credit": "Made with Blockbench",
	"texture_size": [64, 64],
	"textures": {
		"1": "items/back/frog_backpack",
		"particle": "items/back/frog_backpack"
	},
	"elements": [
		{
			"from": [3, 0, 6],
			"to": [13, 12, 10],
			"rotation": {"angle": 0, "axis": "y", "origin": [8, 9.5, 9.5]},
			"faces": {
				"north": {"uv": [0, 0, 2.5, 3], "texture": "#1", "tintindex": 0},
				"east": {"uv": [4, 3, 5, 6], "texture": "#1", "tintindex": 0},
				"south": {"uv": [2.5, 0, 5, 3], "texture": "#1", "tintindex": 0},
				"west": {"uv": [0, 4.75, 1, 7.75], "texture": "#1", "tintindex": 0},
				"up": {"uv": [3.5, 5.75, 1, 4.75], "texture": "#1", "tintindex": 0},
				"down": {"uv": [7.5, 0, 5, 1], "texture": "#1", "tintindex": 0}
			}
		},
		{
			"from": [4, 0, 4],
			"to": [12, 7, 6],
			"rotation": {"angle": 0, "axis": "y", "origin": [8, 9.5, 9.5]},
			"faces": {
				"north": {"uv": [0, 3, 2, 4.75], "texture": "#1", "tintindex": 0},
				"east": {"uv": [6, 6.5, 6.5, 8.25], "texture": "#1", "tintindex": 0},
				"south": {"uv": [2, 3, 4, 4.75], "texture": "#1", "tintindex": 0},
				"west": {"uv": [6.5, 6.5, 7, 8.25], "texture": "#1", "tintindex": 0},
				"up": {"uv": [8, 6.5, 6, 6], "texture": "#1", "tintindex": 0},
				"down": {"uv": [8.25, 1, 6.25, 1.5], "texture": "#1", "tintindex": 0}
			}
		},
		{
			"from": [1, 11, 6.5],
			"to": [5, 15, 9.5],
			"faces": {
				"north": {"uv": [6.25, 1.5, 7.25, 2.5], "texture": "#1", "tintindex": 0},
				"east": {"uv": [1, 7, 1.75, 8], "texture": "#1", "tintindex": 0},
				"south": {"uv": [6.25, 2.5, 7.25, 3.5], "texture": "#1", "tintindex": 0},
				"west": {"uv": [1.75, 7, 2.5, 8], "texture": "#1", "tintindex": 0},
				"up": {"uv": [3.5, 7.75, 2.5, 7], "texture": "#1", "tintindex": 0},
				"down": {"uv": [8, 6.5, 7, 7.25], "texture": "#1", "tintindex": 0}
			}
		},
		{
			"from": [11, 11, 6.5],
			"to": [15, 15, 9.5],
			"rotation": {"angle": 0, "axis": "y", "origin": [16, 0, 0]},
			"faces": {
				"north": {"uv": [6.25, 3.5, 7.25, 4.5], "texture": "#1", "tintindex": 0},
				"east": {"uv": [7.25, 1.5, 8, 2.5], "texture": "#1", "tintindex": 0},
				"south": {"uv": [6.25, 4.5, 7.25, 5.5], "texture": "#1", "tintindex": 0},
				"west": {"uv": [7.25, 2.5, 8, 3.5], "texture": "#1", "tintindex": 0},
				"up": {"uv": [4.5, 8, 3.5, 7.25], "texture": "#1", "tintindex": 0},
				"down": {"uv": [8.25, 3.5, 7.25, 4.25], "texture": "#1", "tintindex": 0}
			}
		},
		{
			"from": [2, 12, 6.4],
			"to": [4, 14, 6.4],
			"faces": {
				"north": {"uv": [3.5, 4.75, 4, 5.25], "texture": "#1"},
				"east": {"uv": [0, 0, 0, 0.5], "texture": "#1"},
				"south": {"uv": [3.5, 5.25, 4, 5.75], "texture": "#1"},
				"west": {"uv": [0, 0, 0, 0.5], "texture": "#1"},
				"up": {"uv": [0.5, 0, 0, 0], "texture": "#1"},
				"down": {"uv": [0.5, 0, 0, 0], "texture": "#1"}
			}
		},
		{
			"from": [12, 12, 6.4],
			"to": [14, 14, 6.4],
			"rotation": {"angle": 0, "axis": "y", "origin": [16, 0, 0]},
			"faces": {
				"north": {"uv": [4.5, 7.25, 5, 7.75], "texture": "#1"},
				"east": {"uv": [0, 0, 0, 0.5], "texture": "#1"},
				"south": {"uv": [7.25, 4.75, 7.75, 5.25], "texture": "#1"},
				"west": {"uv": [0, 0, 0, 0.5], "texture": "#1"},
				"up": {"uv": [0.5, 0, 0, 0], "texture": "#1"},
				"down": {"uv": [0.5, 0, 0, 0], "texture": "#1"}
			}
		},
		{
			"from": [5.5, 9, 5.9],
			"to": [10.5, 11, 5.9],
			"faces": {
				"north": {"uv": [6.25, 5.5, 7.5, 6], "texture": "#1"},
				"east": {"uv": [0, 0, 0, 0.5], "texture": "#1"},
				"south": {"uv": [7.25, 4.25, 8.5, 4.75], "texture": "#1"},
				"west": {"uv": [0, 0, 0, 0.5], "texture": "#1"},
				"up": {"uv": [1.25, 0, 0, 0], "texture": "#1"},
				"down": {"uv": [1.25, 0, 0, 0], "texture": "#1"}
			}
		},
		{
			"from": [2, -6.26777, 6.23223],
			"to": [7, -1.26777, 6.23223],
			"rotation": {"angle": 45, "axis": "x", "origin": [5.5, -1.76777, 8.23223]},
			"faces": {
				"north": {"uv": [5, 1, 6.25, 2.25], "texture": "#1", "tintindex": 0},
				"east": {"uv": [0, 0, 0, 1.25], "texture": "#1", "tintindex": 0},
				"south": {"uv": [5, 2.25, 6.25, 3.5], "texture": "#1", "tintindex": 0},
				"west": {"uv": [0, 0, 0, 1.25], "texture": "#1", "tintindex": 0},
				"up": {"uv": [1.25, 0, 0, 0], "texture": "#1", "tintindex": 0},
				"down": {"uv": [1.25, 0, 0, 0], "texture": "#1"}
			}
		},
		{
			"from": [-1.6, 2.73223, 7.40381],
			"to": [3.4, 7.73223, 7.40381],
			"rotation": {"angle": 22.5, "axis": "z", "origin": [0.5, 6.23223, 7.40381]},
			"faces": {
				"north": {"uv": [1, 5.75, 2.25, 7], "texture": "#1", "tintindex": 0},
				"east": {"uv": [0, 0, 0, 1.25], "texture": "#1", "tintindex": 0},
				"south": {"uv": [2.25, 5.75, 3.5, 7], "texture": "#1", "tintindex": 0},
				"west": {"uv": [0, 0, 0, 1.25], "texture": "#1", "tintindex": 0},
				"up": {"uv": [1.25, 0, 0, 0], "texture": "#1", "tintindex": 0},
				"down": {"uv": [1.25, 0, 0, 0], "texture": "#1"}
			}
		},
		{
			"from": [12.6, 2.73223, 7.40381],
			"to": [17.6, 7.73223, 7.40381],
			"rotation": {"angle": -22.5, "axis": "z", "origin": [15.5, 6.23223, 7.40381]},
			"faces": {
				"north": {"uv": [3.5, 6, 4.75, 7.25], "texture": "#1", "tintindex": 0},
				"east": {"uv": [0, 0, 0, 1.25], "texture": "#1", "tintindex": 0},
				"south": {"uv": [4.75, 6, 6, 7.25], "texture": "#1", "tintindex": 0},
				"west": {"uv": [0, 0, 0, 1.25], "texture": "#1", "tintindex": 0},
				"up": {"uv": [1.25, 0, 0, 0], "texture": "#1", "tintindex": 0},
				"down": {"uv": [1.25, 0, 0, 0], "texture": "#1"}
			}
		},
		{
			"from": [9, -6.26777, 6.23223],
			"to": [14, -1.26777, 6.23223],
			"rotation": {"angle": 45, "axis": "x", "origin": [5.5, -1.76777, 8.23223]},
			"faces": {
				"north": {"uv": [5, 3.5, 6.25, 4.75], "texture": "#1", "tintindex": 0},
				"east": {"uv": [0, 0, 0, 1.25], "texture": "#1", "tintindex": 0},
				"south": {"uv": [5, 4.75, 6.25, 6], "texture": "#1", "tintindex": 0},
				"west": {"uv": [0, 0, 0, 1.25], "texture": "#1", "tintindex": 0},
				"up": {"uv": [1.25, 0, 0, 0], "texture": "#1", "tintindex": 0},
				"down": {"uv": [1.25, 0, 0, 0], "texture": "#1"}
			}
		}
	],
	"display": {
		"thirdperson_righthand": {
			"rotation": [-165.11, 23.22, -166.65],
			"translation": [-1.75, 2.5, -0.25],
			"scale": [0.8, 0.8, 0.8]
		},
		"thirdperson_lefthand": {
			"rotation": [-165.11, 23.22, -166.65],
			"translation": [-1.75, 2.5, -0.25],
			"scale": [0.8, 0.8, 0.8]
		},
		"firstperson_righthand": {
			"rotation": [160.14, 23.22, -166.65],
			"translation": [-1.75, 2.5, -0.25],
			"scale": [0.8, 0.8, 0.8]
		},
		"firstperson_lefthand": {
			"rotation": [160.14, 23.22, -166.65],
			"translation": [-1.75, 2.5, -0.25],
			"scale": [0.8, 0.8, 0.8]
		},
		"ground": {
			"translation": [0, 6.25, 0]
		},
		"gui": {
			"rotation": [30, 225, 0],
			"scale": [0.625, 0.625, 0.625]
		},
		"head": {
			"rotation": [-180, 0, -180],
			"translation": [0, -46, 6.5],
			"scale": [1.6, 1.6, 1.6]
		}
	},
	"groups": [
		{
			"name": "body",
			"origin": [0, 11, 0],
			"color": 0,
			"nbt": "{}",
			"armAnimationEnabled": false,
			"children": [0, 1]
		},
		2,
		3,
		4,
		5,
		6,
		7,
		8,
		9,
		10
	]
}