{
	"credit": "Made with Blockbench",
	"texture_size": [32, 32],
	"textures": {
		"1": "items/back/frog_cross_bag"
	},
	"elements": [
		{
			"from": [2.61732, 11.07612, 4.5],
			"to": [7.61732, 15.07612, 6.5],
			"rotation": {"angle": -22.5, "axis": "z", "origin": [5.11732, 13.07612, 5.5]},
			"faces": {
				"north": {"uv": [0, 0, 2.5, 2], "texture": "#1"},
				"east": {"uv": [1, 4, 0, 6], "texture": "#1"},
				"south": {"uv": [0, 2, 2.5, 4], "texture": "#1"},
				"west": {"uv": [0, 4, 1, 6], "texture": "#1"},
				"up": {"uv": [6.75, 1, 4.25, 0], "texture": "#1"},
				"down": {"uv": [6.75, 1, 4.25, 2], "texture": "#1"}
			}
		},
		{
			"from": [6, 15, 4.75],
			"to": [8, 16, 5.75],
			"rotation": {"angle": -22.5, "axis": "z", "origin": [5.5, 14, 5]},
			"faces": {
				"north": {"uv": [5.5, 3.5, 6.5, 4], "texture": "#1"},
				"east": {"uv": [6, 4, 6.5, 4.5], "texture": "#1"},
				"south": {"uv": [5.5, 2, 6.5, 2.5], "texture": "#1"},
				"west": {"uv": [5.5, 4, 6, 4.5], "texture": "#1"},
				"up": {"uv": [6.5, 3, 5.5, 2.5], "texture": "#1"},
				"down": {"uv": [6.5, 3, 5.5, 3.5], "texture": "#1"}
			}
		},
		{
			"from": [3, 15, 4.75],
			"to": [5, 16, 5.75],
			"rotation": {"angle": -22.5, "axis": "z", "origin": [5.5, 14, 5]},
			"faces": {
				"north": {"uv": [4.5, 3.5, 5.5, 4], "texture": "#1"},
				"east": {"uv": [5, 4, 5.5, 4.5], "texture": "#1"},
				"south": {"uv": [4.5, 2, 5.5, 2.5], "texture": "#1"},
				"west": {"uv": [4.5, 4, 5, 4.5], "texture": "#1"},
				"up": {"uv": [5.5, 3, 4.5, 2.5], "texture": "#1"},
				"down": {"uv": [5.5, 3, 4.5, 3.5], "texture": "#1"}
			}
		},
		{
			"from": [9.2388, 13.17317, 5.5],
			"to": [10.2388, 23.67317, 6],
			"rotation": {"angle": -22.5, "axis": "z", "origin": [10.2388, 19.67317, 5.25]},
			"faces": {
				"north": {"uv": [2.5, 0, 3.25, 5.5], "texture": "#1"},
				"east": {"uv": [2.25, 4, 2.5, 9.5], "texture": "#1"},
				"south": {"uv": [3.25, 0, 4, 5.5], "texture": "#1"},
				"west": {"uv": [3.5, 5.5, 3.75, 11], "texture": "#1"},
				"up": {"uv": [6.75, 5, 6.25, 4.75], "texture": "#1"},
				"down": {"uv": [6.25, 4.75, 5.75, 5], "texture": "#1"}
			}
		},
		{
			"from": [10.75, 23.25, 5.5],
			"to": [11.75, 23.75, 10.5],
			"rotation": {"angle": 0, "axis": "y", "origin": [11.27966, 23.71748, 8]},
			"faces": {
				"north": {"uv": [5, 4.75, 5.5, 5], "texture": "#1"},
				"east": {"uv": [6.75, 0, 9.25, 0.25], "texture": "#1"},
				"south": {"uv": [4.5, 4.75, 5, 5], "texture": "#1"},
				"west": {"uv": [6.75, 0.5, 9.25, 0.75], "texture": "#1"},
				"up": {"uv": [5.5, 7.5, 5, 5], "texture": "#1"},
				"down": {"uv": [3, 5.5, 2.5, 8], "texture": "#1"}
			}
		},
		{
			"from": [9.44865, 18.22816, 10],
			"to": [10.44865, 23.72816, 10.5],
			"rotation": {"angle": -22.5, "axis": "z", "origin": [9.94865, 20.47816, 10.25]},
			"faces": {
				"north": {"uv": [4, 5, 4.5, 7.75], "texture": "#1"},
				"east": {"uv": [6, 6, 6.25, 8.75], "texture": "#1"},
				"south": {"uv": [3.25, 0, 2.5, 2.75], "texture": "#1"},
				"west": {"uv": [6.5, 6, 6.75, 8.75], "texture": "#1"},
				"up": {"uv": [7.5, 1.25, 7, 1], "texture": "#1"},
				"down": {"uv": [7.5, 1.5, 7, 1.75], "texture": "#1"}
			}
		},
		{
			"from": [5.58031, 12.0867, 10],
			"to": [6.58031, 19.5867, 10.5],
			"rotation": {"angle": -45, "axis": "z", "origin": [6.58031, 15.3367, 10.25]},
			"faces": {
				"north": {"uv": [1, 4, 1.75, 7.75], "texture": "#1"},
				"east": {"uv": [0.5, 6, 0.75, 9.75], "texture": "#1"},
				"south": {"uv": [1.75, 4, 2.5, 7.75], "texture": "#1"},
				"west": {"uv": [5.5, 6, 5.75, 9.75], "texture": "#1"},
				"up": {"uv": [7.5, 2.25, 7, 2], "texture": "#1"},
				"down": {"uv": [7.5, 2.5, 7, 2.75], "texture": "#1"}
			}
		},
		{
			"from": [3.58031, 13.0867, 6],
			"to": [4.33031, 14.0867, 10.5],
			"rotation": {"angle": 0, "axis": "y", "origin": [3.95531, 13.5867, 8.25]},
			"faces": {
				"north": {"uv": [6.5, 1, 7, 1.5], "texture": "#1"},
				"east": {"uv": [5.5, 5, 7.75, 5.5], "texture": "#1"},
				"south": {"uv": [6.5, 1.5, 7, 2], "texture": "#1"},
				"west": {"uv": [5.5, 5.5, 7.75, 6], "texture": "#1"},
				"up": {"uv": [3.5, 8, 3, 5.75], "texture": "#1"},
				"down": {"uv": [0.5, 6, 0, 8.25], "texture": "#1"}
			}
		}
	],
	"display": {
		"thirdperson_righthand": {
			"translation": [2.75, -5.75, 2.5]
		},
		"thirdperson_lefthand": {
			"translation": [-2.25, -6.75, 1.75]
		},
		"firstperson_righthand": {
			"translation": [1.75, -4, 0]
		},
		"firstperson_lefthand": {
			"translation": [0, -5.25, 0]
		},
		"ground": {
			"translation": [0, -6.75, 0]
		},
		"gui": {
			"rotation": [0, 180, 0],
			"translation": [-0.75, -11, 0],
			"scale": [1.2, 1.2, 1.2]
		},
		"head": {
			"translation": [0, -65.25, 0],
			"scale": [1.6, 1.6, 1.6]
		},
		"fixed": {
			"translation": [0, -8.25, 0]
		}
	}
}