{
	"credit": "Made with Blockbench",
	"texture_size": [32, 32],
	"textures": {
		"3": "items/back/goth_backpack"
	},
	"elements": [
		{
			"from": [3, 3, 6],
			"to": [13, 12, 10],
			"rotation": {"angle": 0, "axis": "y", "origin": [8, 9.5, 9.5]},
			"faces": {
				"north": {"uv": [0, 0, 5, 4.5], "texture": "#3", "tintindex": 0},
				"east": {"uv": [10, 9, 12, 13.5], "texture": "#3", "tintindex": 0},
				"south": {"uv": [0, 4.5, 5, 9], "texture": "#3", "tintindex": 0},
				"west": {"uv": [5, 10.5, 7, 15], "texture": "#3", "tintindex": 0},
				"up": {"uv": [15, 7, 10, 5], "texture": "#3", "tintindex": 0},
				"down": {"uv": [15, 7, 10, 9], "texture": "#3", "tintindex": 0}
			}
		},
		{
			"from": [4, 4, 4],
			"to": [12, 9, 6],
			"rotation": {"angle": 0, "axis": "y", "origin": [8, 9.5, 9.5]},
			"faces": {
				"north": {"uv": [10, 0, 14, 2.5], "texture": "#3", "tintindex": 0},
				"east": {"uv": [7, 10.5, 8, 13], "texture": "#3", "tintindex": 0},
				"south": {"uv": [10, 2.5, 14, 5], "texture": "#3", "tintindex": 0},
				"west": {"uv": [8, 10.5, 9, 13], "texture": "#3", "tintindex": 0},
				"up": {"uv": [16, 10, 12, 9], "texture": "#3", "tintindex": 0},
				"down": {"uv": [16, 10, 12, 11], "texture": "#3", "tintindex": 0}
			}
		},
		{
			"from": [-6.6194, 9, 6.08658],
			"to": [3.3806, 16, 6.08658],
			"rotation": {"angle": -22.5, "axis": "y", "origin": [-1.6194, 15.5, 8.08658]},
			"faces": {
				"north": {"uv": [5, 0, 10, 3.5], "texture": "#3", "tintindex": 0},
				"east": {"uv": [0, 0, 0, 3.5], "texture": "#3", "tintindex": 0},
				"south": {"uv": [5, 3.5, 10, 7], "texture": "#3", "tintindex": 0},
				"west": {"uv": [0, 0, 0, 3.5], "texture": "#3", "tintindex": 0},
				"up": {"uv": [5, 0, 0, 0], "texture": "#3", "tintindex": 0},
				"down": {"uv": [5, 0, 0, 0], "texture": "#3", "tintindex": 0}
			}
		},
		{
			"from": [12.6194, 9, 6.08658],
			"to": [22.6194, 16, 6.08658],
			"rotation": {"angle": 22.5, "axis": "y", "origin": [17.6194, 15.5, 8.08658]},
			"faces": {
				"north": {"uv": [5, 7, 10, 10.5], "texture": "#3", "tintindex": 0},
				"east": {"uv": [0, 0, 0, 3.5], "texture": "#3", "tintindex": 0},
				"south": {"uv": [0, 9, 5, 12.5], "texture": "#3", "tintindex": 0},
				"west": {"uv": [0, 0, 0, 3.5], "texture": "#3", "tintindex": 0},
				"up": {"uv": [5, 0, 0, 0], "texture": "#3", "tintindex": 0},
				"down": {"uv": [5, 0, 0, 0], "texture": "#3", "tintindex": 0}
			}
		},
		{
			"from": [6, 12, 8],
			"to": [10, 14, 8],
			"faces": {
				"north": {"uv": [12, 11, 14, 12], "texture": "#3", "tintindex": 0},
				"east": {"uv": [0, 0, 0, 1], "texture": "#3", "tintindex": 0},
				"south": {"uv": [12, 12, 14, 13], "texture": "#3", "tintindex": 0},
				"west": {"uv": [0, 0, 0, 1], "texture": "#3", "tintindex": 0},
				"up": {"uv": [2, 0, 0, 0], "texture": "#3", "tintindex": 0},
				"down": {"uv": [2, 0, 0, 0], "texture": "#3", "tintindex": 0}
			}
		}
	],
	"display": {
		"thirdperson_righthand": {
			"rotation": [-165.11, 23.22, -166.65],
			"translation": [-1.75, 2.5, -0.25],
			"scale": [0.8, 0.8, 0.8]
		},
		"thirdperson_lefthand": {
			"rotation": [-165.11, 23.22, -166.65],
			"translation": [-1.75, 2.5, -0.25],
			"scale": [0.8, 0.8, 0.8]
		},
		"firstperson_righthand": {
			"rotation": [160.14, 23.22, -166.65],
			"translation": [-1.75, 2.5, -0.25],
			"scale": [0.8, 0.8, 0.8]
		},
		"firstperson_lefthand": {
			"rotation": [160.14, 23.22, -166.65],
			"translation": [-1.75, 2.5, -0.25],
			"scale": [0.8, 0.8, 0.8]
		},
		"ground": {
			"translation": [0, 6.25, 0]
		},
		"gui": {
			"rotation": [30, 225, 0],
			"scale": [0.625, 0.625, 0.625]
		},
		"head": {
			"rotation": [-180, 0, -180],
			"translation": [0, -48, 6.5],
			"scale": [1.6, 1.6, 1.6]
		}
	},
	"groups": [
		{
			"name": "body",
			"origin": [0, 11, 0],
			"color": 0,
			"nbt": "{}",
			"armAnimationEnabled": false,
			"children": [0, 1]
		},
		2,
		3,
		4
	]
}