{
	"credit": "Made with Blockbench",
	"texture_size": [128, 128],
	"textures": {
		"2": "items/back/phoenix_wings",
		"particle": "items/back/phoenix_wings"
	},
	"elements": [
		{
			"name": "body",
			"from": [5.48, 7.78836, 9.36],
			"to": [10.52, 10.30836, 11.04],
			"rotation": {"angle": 0, "axis": "y", "origin": [8, 8.29236, 11.69961]},
			"faces": {
				"north": {"uv": [4, 4.125, 4.75, 4.5], "texture": "#2"},
				"east": {"uv": [6.625, 4.875, 6.875, 5.25], "texture": "#2"},
				"south": {"uv": [4, 4.625, 4.75, 5], "texture": "#2"},
				"west": {"uv": [6.75, 0.625, 7, 1], "texture": "#2"},
				"up": {"uv": [5.875, 5.5, 5.125, 5.25], "texture": "#2"},
				"down": {"uv": [4.75, 5.625, 4, 5.875], "texture": "#2"}
			}
		},
		{
			"name": "body",
			"from": [8.55484, 1.06836, 8.45141],
			"to": [30.39484, 27.94836, 8.45141],
			"rotation": {"angle": -22.5, "axis": "y", "origin": [8, 8.29236, 11.69961]},
			"faces": {
				"north": {"uv": [6.625, 0, 3.375, 4], "texture": "#2"},
				"east": {"uv": [0.75, 7.125, 0.75, 11.125], "texture": "#2"},
				"south": {"uv": [3.375, 0, 6.625, 4], "texture": "#2"},
				"west": {"uv": [0.875, 7.125, 0.875, 11.125], "texture": "#2"},
				"up": {"uv": [10.125, 6.625, 6.875, 6.625], "texture": "#2"},
				"down": {"uv": [10.25, 5.625, 7, 5.625], "texture": "#2"}
			}
		},
		{
			"name": "body",
			"from": [-2.67021, -7.33164, 9.05269],
			"to": [9.92979, 6.94836, 9.05269],
			"rotation": {"angle": 45, "axis": "y", "origin": [8, 8.29236, 11.69961]},
			"faces": {
				"north": {"uv": [2, 4.125, 3.875, 6.25], "texture": "#2"},
				"east": {"uv": [1.125, 7.125, 1.125, 9.25], "texture": "#2"},
				"south": {"uv": [3.875, 4.125, 2, 6.25], "texture": "#2"},
				"west": {"uv": [1, 7.125, 1, 9.25], "texture": "#2"},
				"up": {"uv": [7.125, 0, 9, 0], "texture": "#2"},
				"down": {"uv": [7.125, 0.125, 9, 0.125], "texture": "#2"}
			}
		},
		{
			"name": "body",
			"from": [6.07021, -7.33164, 9.05269],
			"to": [18.67021, 6.94836, 9.05269],
			"rotation": {"angle": -45, "axis": "y", "origin": [8, 8.29236, 11.69961]},
			"faces": {
				"north": {"uv": [3.875, 4.125, 2, 6.25], "texture": "#2"},
				"east": {"uv": [1, 7.125, 1, 9.25], "texture": "#2"},
				"south": {"uv": [2, 4.125, 3.875, 6.25], "texture": "#2"},
				"west": {"uv": [1.125, 7.125, 1.125, 9.25], "texture": "#2"},
				"up": {"uv": [9, 0, 7.125, 0], "texture": "#2"},
				"down": {"uv": [9, 0.125, 7.125, 0.125], "texture": "#2"}
			}
		},
		{
			"name": "body",
			"from": [-14.39484, 1.06836, 8.45141],
			"to": [7.44516, 27.94836, 8.45141],
			"rotation": {"angle": 22.5, "axis": "y", "origin": [8, 8.29236, 11.69961]},
			"faces": {
				"north": {"uv": [3.375, 0, 6.625, 4], "texture": "#2"},
				"east": {"uv": [0.875, 7.125, 0.875, 11.125], "texture": "#2"},
				"south": {"uv": [6.625, 0, 3.375, 4], "texture": "#2"},
				"west": {"uv": [0.75, 7.125, 0.75, 11.125], "texture": "#2"},
				"up": {"uv": [6.875, 6.625, 10.125, 6.625], "texture": "#2"},
				"down": {"uv": [7, 5.625, 10.25, 5.625], "texture": "#2"}
			}
		},
		{
			"name": "body",
			"from": [6.32, 10.30836, 9.36],
			"to": [9.68, 11.98836, 11.04],
			"rotation": {"angle": 0, "axis": "y", "origin": [8, 8.29236, 11.69961]},
			"faces": {
				"north": {"uv": [6, 5, 6.5, 5.25], "texture": "#2"},
				"east": {"uv": [2.125, 6.75, 2.375, 7], "texture": "#2"},
				"south": {"uv": [5.25, 6, 5.75, 6.25], "texture": "#2"},
				"west": {"uv": [6.75, 2.25, 7, 2.5], "texture": "#2"},
				"up": {"uv": [6.375, 6.25, 5.875, 6], "texture": "#2"},
				"down": {"uv": [0.5, 6.375, 0, 6.625], "texture": "#2"}
			}
		},
		{
			"name": "body",
			"from": [6.74, 7.78836, 11.04],
			"to": [9.26, 10.30836, 11.88],
			"rotation": {"angle": 0, "axis": "y", "origin": [8, 8.29236, 11.69961]},
			"faces": {
				"north": {"uv": [6, 4.5, 6.375, 4.875], "texture": "#2"},
				"east": {"uv": [5.75, 6.75, 5.875, 7.125], "texture": "#2"},
				"south": {"uv": [4.75, 6, 5.125, 6.375], "texture": "#2"},
				"west": {"uv": [6, 6.75, 6.125, 7.125], "texture": "#2"},
				"up": {"uv": [6.625, 6.875, 6.25, 6.75], "texture": "#2"},
				"down": {"uv": [7.125, 6.75, 6.75, 6.875], "texture": "#2"}
			}
		},
		{
			"name": "body",
			"from": [7.16, 6.94836, 11.04],
			"to": [8.84, 7.78836, 11.88],
			"rotation": {"angle": 0, "axis": "y", "origin": [8, 8.29236, 11.69961]},
			"faces": {
				"north": {"uv": [6, 5.375, 6.25, 5.5], "texture": "#2"},
				"east": {"uv": [5, 6.5, 5.125, 6.625], "texture": "#2"},
				"south": {"uv": [4.375, 6.875, 4.625, 7], "texture": "#2"},
				"west": {"uv": [4.75, 6.875, 4.875, 7], "texture": "#2"},
				"up": {"uv": [7.125, 6.25, 6.875, 6.125], "texture": "#2"},
				"down": {"uv": [7.125, 6.375, 6.875, 6.5], "texture": "#2"}
			}
		},
		{
			"name": "body",
			"from": [7.16, 10.30836, 11.04],
			"to": [8.84, 11.14836, 11.88],
			"rotation": {"angle": 0, "axis": "y", "origin": [8, 8.29236, 11.69961]},
			"faces": {
				"north": {"uv": [7, 4.875, 7.25, 5], "texture": "#2"},
				"east": {"uv": [6.625, 7, 6.75, 7.125], "texture": "#2"},
				"south": {"uv": [7, 5.125, 7.25, 5.25], "texture": "#2"},
				"west": {"uv": [6.875, 7, 7, 7.125], "texture": "#2"},
				"up": {"uv": [7.25, 5.5, 7, 5.375], "texture": "#2"},
				"down": {"uv": [6.5, 7, 6.25, 7.125], "texture": "#2"}
			}
		},
		{
			"name": "body",
			"from": [6.32, 6.10836, 9.36],
			"to": [9.68, 7.78836, 11.04],
			"rotation": {"angle": 0, "axis": "y", "origin": [8, 8.29236, 11.69961]},
			"faces": {
				"north": {"uv": [0.625, 6.375, 1.125, 6.625], "texture": "#2"},
				"east": {"uv": [2.5, 6.75, 2.75, 7], "texture": "#2"},
				"south": {"uv": [1.25, 6.375, 1.75, 6.625], "texture": "#2"},
				"west": {"uv": [6.75, 2.625, 7, 2.875], "texture": "#2"},
				"up": {"uv": [2.375, 6.625, 1.875, 6.375], "texture": "#2"},
				"down": {"uv": [3, 6.375, 2.5, 6.625], "texture": "#2"}
			}
		}
	],
	"gui_light": "front",
	"display": {
		"thirdperson_righthand": {
			"translation": [0, -1.75, 0]
		},
		"thirdperson_lefthand": {
			"translation": [0, -1.75, 0]
		},
		"gui": {
			"translation": [0, -1.25, -1.75],
			"scale": [0.4, 0.4, 0.4]
		},
		"head": {
			"translation": [0, -48.5, 2.5],
			"scale": [1.9, 1.9, 1.9]
		},
		"fixed": {
			"rotation": [0, -180, 0],
			"translation": [0, 1.5, -1.75]
		}
	}
}