{
	"credit": "Made with Blockbench",
	"textures": {
		"0": "items/back/princess",
		"particle": "items/back/princess"
	},
	"elements": [
		{
			"from": [0, 13, 8],
			"to": [16, 25, 8],
			"faces": {
				"north": {"uv": [2.0625, 0, 11.625, 6.25], "texture": "#0"},
				"east": {"uv": [0, 0, 0, 12], "texture": "#missing"},
				"south": {"uv": [11.625, 0, 2.0625, 6.25], "texture": "#0"},
				"west": {"uv": [0, 0, 0, 12], "texture": "#missing"},
				"up": {"uv": [0, 0, 16, 0], "texture": "#missing"},
				"down": {"uv": [0, 0, 16, 0], "texture": "#missing"}
			}
		}
	],
	"display": {
		"thirdperson_righthand": {
			"rotation": [30, 0, 0],
			"translation": [0, -6.5, -4.25],
			"scale": [0.8, 0.8, 0.8]
		},
		"thirdperson_lefthand": {
			"rotation": [30, 0, 0],
			"translation": [0, -6.5, -4.25],
			"scale": [0.8, 0.8, 0.8]
		},
		"firstperson_righthand": {
			"rotation": [-180, 37.5, -180],
			"translation": [0, -3.5, 0],
			"scale": [0.6, 0.6, 0.6]
		},
		"firstperson_lefthand": {
			"rotation": [-180, 37.5, -180],
			"translation": [0, -3.5, 0],
			"scale": [0.6, 0.6, 0.6]
		},
		"ground": {
			"translation": [0, -5, 0],
			"scale": [0.6, 0.6, 0.6]
		},
		"gui": {
			"rotation": [0, 180, 0],
			"translation": [0, -10.25, 0]
		},
		"head": {
			"translation": [0, 1.75, 0]
		},
		"fixed": {
			"translation": [0, -10.25, 0]
		}
	}
}