{
	"credit": "Made with Blockbench",
	"texture_size": [32, 32],
	"textures": {
		"2": "items/back/school_backpack",
		"particle": "items/back/school_backpack"
	},
	"elements": [
		{
			"from": [3, 0, 6],
			"to": [13, 12, 10],
			"rotation": {"angle": 0, "axis": "y", "origin": [8, 9.5, 9.5]},
			"faces": {
				"north": {"uv": [0, 0, 5, 6], "texture": "#2", "tintindex": 0},
				"east": {"uv": [0, 9, 2, 15], "texture": "#2", "tintindex": 0},
				"south": {"uv": [5, 0, 10, 6], "texture": "#2", "tintindex": 0},
				"west": {"uv": [2, 9, 4, 15], "texture": "#2", "tintindex": 0},
				"up": {"uv": [9, 11, 4, 9], "texture": "#2", "tintindex": 0},
				"down": {"uv": [14, 9, 9, 11], "texture": "#2", "tintindex": 0}
			}
		},
		{
			"from": [2, 0, 6.5],
			"to": [3, 5, 9.5],
			"rotation": {"angle": 0, "axis": "y", "origin": [8, 9.5, 9.5]},
			"faces": {
				"north": {"uv": [6.5, 11, 7, 13.5], "texture": "#2", "tintindex": 0},
				"east": {"uv": [10, 0, 11.5, 2.5], "texture": "#2", "tintindex": 0},
				"south": {"uv": [7, 11, 7.5, 13.5], "texture": "#2", "tintindex": 0},
				"west": {"uv": [10, 2.5, 11.5, 5], "texture": "#2", "tintindex": 0},
				"up": {"uv": [12.5, 1.5, 12, 0], "texture": "#2", "tintindex": 0},
				"down": {"uv": [12.5, 1.5, 12, 3], "texture": "#2", "tintindex": 0}
			}
		},
		{
			"from": [13, 0, 6.5],
			"to": [14, 5, 9.5],
			"rotation": {"angle": 0, "axis": "y", "origin": [8, 9.5, 9.5]},
			"faces": {
				"north": {"uv": [7.5, 11, 8, 13.5], "texture": "#2", "tintindex": 0},
				"east": {"uv": [10, 5, 11.5, 7.5], "texture": "#2", "tintindex": 0},
				"south": {"uv": [8, 11, 8.5, 13.5], "texture": "#2", "tintindex": 0},
				"west": {"uv": [4, 11, 5.5, 13.5], "texture": "#2", "tintindex": 0},
				"up": {"uv": [12.5, 4.5, 12, 3], "texture": "#2", "tintindex": 0},
				"down": {"uv": [12.5, 4.5, 12, 6], "texture": "#2", "tintindex": 0}
			}
		},
		{
			"from": [3, 6, 5],
			"to": [13, 12, 6],
			"rotation": {"angle": 0, "axis": "y", "origin": [8, 9.5, 9.5]},
			"faces": {
				"north": {"uv": [0, 6, 5, 9], "texture": "#2", "tintindex": 0},
				"east": {"uv": [5.5, 11, 6, 14], "texture": "#2", "tintindex": 0},
				"south": {"uv": [5, 6, 10, 9], "texture": "#2", "tintindex": 0},
				"west": {"uv": [6, 11, 6.5, 14], "texture": "#2", "tintindex": 0},
				"up": {"uv": [15, 8, 10, 7.5], "texture": "#2", "tintindex": 0},
				"down": {"uv": [15, 8, 10, 8.5], "texture": "#2", "tintindex": 0}
			}
		},
		{
			"from": [10, 0.39583, 5.78995],
			"to": [11, 3.39583, 5.78995],
			"rotation": {"angle": 0, "axis": "y", "origin": [8, 8.89583, 9.28995]},
			"faces": {
				"north": {"uv": [9.5, 11, 10, 12.5], "texture": "#2", "tintindex": 0},
				"east": {"uv": [0, 0, 0, 1.5], "texture": "#2", "tintindex": 0},
				"south": {"uv": [10, 11, 10.5, 12.5], "texture": "#2", "tintindex": 0},
				"west": {"uv": [0, 0, 0, 1.5], "texture": "#2", "tintindex": 0},
				"up": {"uv": [0.5, 0, 0, 0], "texture": "#2", "tintindex": 0},
				"down": {"uv": [0.5, 0, 0, 0], "texture": "#2"}
			}
		},
		{
			"from": [10, 5.98269, 4.71844],
			"to": [11, 8.98269, 4.71844],
			"rotation": {"angle": 0, "axis": "y", "origin": [8, 9.28269, 9.41844]},
			"faces": {
				"north": {"uv": [10.5, 11, 11, 12.5], "texture": "#2", "tintindex": 0},
				"east": {"uv": [0, 0, 0, 1.5], "texture": "#2", "tintindex": 0},
				"south": {"uv": [11, 11, 11.5, 12.5], "texture": "#2", "tintindex": 0},
				"west": {"uv": [0, 0, 0, 1.5], "texture": "#2", "tintindex": 0},
				"up": {"uv": [0.5, 0, 0, 0], "texture": "#2", "tintindex": 0},
				"down": {"uv": [0.5, 0, 0, 0], "texture": "#2"}
			}
		},
		{
			"from": [10, 3.41105, 5.86649],
			"to": [11, 6.21105, 5.86649],
			"rotation": {"angle": -22.5, "axis": "x", "origin": [8, 3.21105, 5.86649]},
			"faces": {
				"north": {"uv": [8.5, 11, 9, 12.5], "texture": "#2", "tintindex": 0},
				"east": {"uv": [0, 0, 0, 1.5], "texture": "#2", "tintindex": 0},
				"south": {"uv": [9, 11, 9.5, 12.5], "texture": "#2", "tintindex": 0},
				"west": {"uv": [0, 0, 0, 1.5], "texture": "#2", "tintindex": 0},
				"up": {"uv": [0.5, 0, 0, 0], "texture": "#2", "tintindex": 0},
				"down": {"uv": [0.5, 0, 0, 0], "texture": "#2"}
			}
		},
		{
			"from": [5, 0.39583, 5.78995],
			"to": [6, 3.39583, 5.78995],
			"rotation": {"angle": 0, "axis": "y", "origin": [3, 8.89583, 9.28995]},
			"faces": {
				"north": {"uv": [11.5, 6, 12, 7.5], "texture": "#2", "tintindex": 0},
				"east": {"uv": [0, 0, 0, 1.5], "texture": "#2", "tintindex": 0},
				"south": {"uv": [11.5, 11, 12, 12.5], "texture": "#2", "tintindex": 0},
				"west": {"uv": [0, 0, 0, 1.5], "texture": "#2", "tintindex": 0},
				"up": {"uv": [0.5, 0, 0, 0], "texture": "#2", "tintindex": 0},
				"down": {"uv": [0.5, 0, 0, 0], "texture": "#2"}
			}
		},
		{
			"from": [5, 3.41105, 5.86649],
			"to": [6, 6.21105, 5.86649],
			"rotation": {"angle": -22.5, "axis": "x", "origin": [3, 3.21105, 5.86649]},
			"faces": {
				"north": {"uv": [11.5, 3, 12, 4.5], "texture": "#2", "tintindex": 0},
				"east": {"uv": [0, 0, 0, 1.5], "texture": "#2", "tintindex": 0},
				"south": {"uv": [11.5, 4.5, 12, 6], "texture": "#2", "tintindex": 0},
				"west": {"uv": [0, 0, 0, 1.5], "texture": "#2", "tintindex": 0},
				"up": {"uv": [0.5, 0, 0, 0], "texture": "#2", "tintindex": 0},
				"down": {"uv": [0.5, 0, 0, 0], "texture": "#2"}
			}
		},
		{
			"from": [5, 5.98269, 4.71844],
			"to": [6, 8.98269, 4.71844],
			"rotation": {"angle": 0, "axis": "y", "origin": [3, 9.28269, 9.41844]},
			"faces": {
				"north": {"uv": [11.5, 0, 12, 1.5], "texture": "#2", "tintindex": 0},
				"east": {"uv": [0, 0, 0, 1.5], "texture": "#2", "tintindex": 0},
				"south": {"uv": [11.5, 1.5, 12, 3], "texture": "#2", "tintindex": 0},
				"west": {"uv": [0, 0, 0, 1.5], "texture": "#2", "tintindex": 0},
				"up": {"uv": [0.5, 0, 0, 0], "texture": "#2", "tintindex": 0},
				"down": {"uv": [0.5, 0, 0, 0], "texture": "#2"}
			}
		},
		{
			"from": [9.5, 2, 5.7],
			"to": [11.5, 3, 5.7],
			"faces": {
				"north": {"uv": [10, 8.5, 11, 9], "texture": "#2"},
				"east": {"uv": [0, 0, 0, 0.5], "texture": "#2"},
				"south": {"uv": [11, 8.5, 12, 9], "texture": "#2"},
				"west": {"uv": [0, 0, 0, 0.5], "texture": "#2"},
				"up": {"uv": [1, 0, 0, 0], "texture": "#2"},
				"down": {"uv": [1, 0, 0, 0], "texture": "#2"}
			}
		},
		{
			"from": [4.5, 2, 5.7],
			"to": [6.5, 3, 5.7],
			"rotation": {"angle": 0, "axis": "y", "origin": [-5, 0, 0]},
			"faces": {
				"north": {"uv": [12, 6, 13, 6.5], "texture": "#2"},
				"east": {"uv": [0, 0, 0, 0.5], "texture": "#2"},
				"south": {"uv": [12, 6.5, 13, 7], "texture": "#2"},
				"west": {"uv": [0, 0, 0, 0.5], "texture": "#2"},
				"up": {"uv": [1, 0, 0, 0], "texture": "#2"},
				"down": {"uv": [1, 0, 0, 0], "texture": "#2"}
			}
		}
	],
	"display": {
		"thirdperson_righthand": {
			"rotation": [-165.11, 23.22, -166.65],
			"translation": [-1.75, 2.5, -0.25],
			"scale": [0.8, 0.8, 0.8]
		},
		"thirdperson_lefthand": {
			"rotation": [-165.11, 23.22, -166.65],
			"translation": [-1.75, 2.5, -0.25],
			"scale": [0.8, 0.8, 0.8]
		},
		"firstperson_righthand": {
			"rotation": [160.14, 23.22, -166.65],
			"translation": [-1.75, 2.5, -0.25],
			"scale": [0.8, 0.8, 0.8]
		},
		"firstperson_lefthand": {
			"rotation": [160.14, 23.22, -166.65],
			"translation": [-1.75, 2.5, -0.25],
			"scale": [0.8, 0.8, 0.8]
		},
		"ground": {
			"translation": [0, 6.25, 0]
		},
		"gui": {
			"rotation": [30, 225, 0],
			"scale": [0.625, 0.625, 0.625]
		},
		"head": {
			"rotation": [-180, 0, -180],
			"translation": [0, -46, 6.5],
			"scale": [1.6, 1.6, 1.6]
		}
	},
	"groups": [
		{
			"name": "body",
			"origin": [0, 11, 0],
			"color": 0,
			"nbt": "{}",
			"armAnimationEnabled": false,
			"children": [0, 1, 2, 3, 4, 5, 6, 7, 8, 9]
		},
		10,
		11
	]
}