{
	"credit": "Made with Blockbench",
	"texture_size": [32, 32],
	"textures": {
		"3": "items/back/teddy_bear_backpack"
	},
	"elements": [
		{
			"from": [4.5, 1, 6],
			"to": [11.5, 10, 10],
			"rotation": {"angle": 0, "axis": "y", "origin": [8, 9.5, 9.5]},
			"faces": {
				"north": {"uv": [0, 0, 3.5, 4.5], "texture": "#3", "tintindex": 0},
				"east": {"uv": [0, 4.5, 2, 9], "texture": "#3", "tintindex": 0},
				"south": {"uv": [3.5, 0, 7, 4.5], "texture": "#3", "tintindex": 0},
				"west": {"uv": [2, 4.5, 4, 9], "texture": "#3", "tintindex": 0},
				"up": {"uv": [7.5, 6.5, 4, 4.5], "texture": "#3", "tintindex": 0},
				"down": {"uv": [7.5, 6.5, 4, 8.5], "texture": "#3", "tintindex": 0}
			}
		},
		{
			"from": [1.79289, 3.46447, 6.5],
			"to": [4.79289, 9.46447, 9.5],
			"rotation": {"angle": -45, "axis": "z", "origin": [3.79289, 6.46447, 10]},
			"faces": {
				"north": {"uv": [2.5, 9, 4, 12], "texture": "#3", "tintindex": 0},
				"east": {"uv": [10, 4, 11.5, 7], "texture": "#3", "tintindex": 0},
				"south": {"uv": [6.5, 10, 8, 13], "texture": "#3", "tintindex": 0},
				"west": {"uv": [10, 7, 11.5, 10], "texture": "#3", "tintindex": 0},
				"up": {"uv": [14.5, 6.5, 13, 5], "texture": "#3", "tintindex": 0},
				"down": {"uv": [7, 13, 5.5, 14.5], "texture": "#3", "tintindex": 0}
			}
		},
		{
			"from": [11.20711, 3.46447, 6.5],
			"to": [14.20711, 9.46447, 9.5],
			"rotation": {"angle": 45, "axis": "z", "origin": [12.20711, 6.46447, 10]},
			"faces": {
				"north": {"uv": [8, 10, 9.5, 13], "texture": "#3", "tintindex": 0},
				"east": {"uv": [9.5, 10, 11, 13], "texture": "#3", "tintindex": 0},
				"south": {"uv": [4, 11, 5.5, 14], "texture": "#3", "tintindex": 0},
				"west": {"uv": [11, 10, 12.5, 13], "texture": "#3", "tintindex": 0},
				"up": {"uv": [14.5, 9.5, 13, 8], "texture": "#3", "tintindex": 0},
				"down": {"uv": [10, 13, 8.5, 14.5], "texture": "#3", "tintindex": 0}
			}
		},
		{
			"from": [4.5, -3, 6.5],
			"to": [7.5, 1, 9.5],
			"rotation": {"angle": 0, "axis": "y", "origin": [6.5, -2, 10.5]},
			"faces": {
				"north": {"uv": [0, 11.5, 1.5, 13.5], "texture": "#3", "tintindex": 0},
				"east": {"uv": [11.5, 4, 13, 6], "texture": "#3", "tintindex": 0},
				"south": {"uv": [11.5, 6, 13, 8], "texture": "#3", "tintindex": 0},
				"west": {"uv": [11.5, 8, 13, 10], "texture": "#3", "tintindex": 0},
				"up": {"uv": [14.5, 8, 13, 6.5], "texture": "#3", "tintindex": 0},
				"down": {"uv": [8.5, 13, 7, 14.5], "texture": "#3", "tintindex": 0}
			}
		},
		{
			"from": [8.5, -3, 6.5],
			"to": [11.5, 1, 9.5],
			"rotation": {"angle": 0, "axis": "y", "origin": [9.5, -2, 10.5]},
			"faces": {
				"north": {"uv": [12, 0, 13.5, 2], "texture": "#3", "tintindex": 0},
				"east": {"uv": [1.5, 12, 3, 14], "texture": "#3", "tintindex": 0},
				"south": {"uv": [12.5, 2, 14, 4], "texture": "#3", "tintindex": 0},
				"west": {"uv": [12.5, 10, 14, 12], "texture": "#3", "tintindex": 0},
				"up": {"uv": [11.5, 14.5, 10, 13], "texture": "#3", "tintindex": 0},
				"down": {"uv": [13, 13, 11.5, 14.5], "texture": "#3", "tintindex": 0}
			}
		},
		{
			"from": [5.5, 2, 5],
			"to": [10.5, 6, 7],
			"rotation": {"angle": 0, "axis": "y", "origin": [8, 9.5, 9.5]},
			"faces": {
				"north": {"uv": [9.5, 0, 12, 2], "texture": "#3", "tintindex": 0},
				"east": {"uv": [5.5, 11, 6.5, 13], "texture": "#3", "tintindex": 0},
				"south": {"uv": [10, 2, 12.5, 4], "texture": "#3", "tintindex": 0},
				"west": {"uv": [3, 12, 4, 14], "texture": "#3", "tintindex": 0},
				"up": {"uv": [15, 13, 12.5, 12], "texture": "#3", "tintindex": 0},
				"down": {"uv": [15.5, 4, 13, 5], "texture": "#3", "tintindex": 0}
			}
		},
		{
			"from": [5.5, 9.44667, 3.61822],
			"to": [10.5, 14.44667, 8.61822],
			"rotation": {"angle": -22.5, "axis": "x", "origin": [7, 13.19667, 7.91822]},
			"faces": {
				"north": {"uv": [7, 0, 9.5, 2.5], "texture": "#3", "tintindex": 0},
				"east": {"uv": [7.5, 2.5, 10, 5], "texture": "#3", "tintindex": 0},
				"south": {"uv": [7.5, 5, 10, 7.5], "texture": "#3", "tintindex": 0},
				"west": {"uv": [7.5, 7.5, 10, 10], "texture": "#3", "tintindex": 0},
				"up": {"uv": [6.5, 11, 4, 8.5], "texture": "#3", "tintindex": 0},
				"down": {"uv": [2.5, 9, 0, 11.5], "texture": "#3", "tintindex": 0}
			}
		},
		{
			"from": [6, 11.44667, 3.51822],
			"to": [7, 12.44667, 3.51822],
			"rotation": {"angle": -22.5, "axis": "x", "origin": [7, 13.19667, 7.91822]},
			"faces": {
				"north": {"uv": [14, 11, 14.5, 11.5], "texture": "#3"},
				"east": {"uv": [0, 0, 0, 0.5], "texture": "#3"},
				"south": {"uv": [14, 11.5, 14.5, 12], "texture": "#3"},
				"west": {"uv": [0, 0, 0, 0.5], "texture": "#3"},
				"up": {"uv": [0.5, 0, 0, 0], "texture": "#3"},
				"down": {"uv": [0.5, 0, 0, 0], "texture": "#3"}
			}
		},
		{
			"from": [9, 11.44667, 3.51822],
			"to": [10, 12.44667, 3.51822],
			"rotation": {"angle": -22.5, "axis": "x", "origin": [9, 13.19667, 7.91822]},
			"faces": {
				"north": {"uv": [13, 14, 13.5, 14.5], "texture": "#3"},
				"east": {"uv": [0, 0, 0, 0.5], "texture": "#3"},
				"south": {"uv": [13.5, 14, 14, 14.5], "texture": "#3"},
				"west": {"uv": [0, 0, 0, 0.5], "texture": "#3"},
				"up": {"uv": [0.5, 0, 0, 0], "texture": "#3"},
				"down": {"uv": [0.5, 0, 0, 0], "texture": "#3"}
			}
		},
		{
			"from": [6.5, 9.44667, 2.61822],
			"to": [9.5, 11.44667, 3.61822],
			"rotation": {"angle": -22.5, "axis": "x", "origin": [7, 13.19667, 7.91822]},
			"faces": {
				"north": {"uv": [13, 13, 14.5, 14], "texture": "#3", "tintindex": 0},
				"east": {"uv": [2.5, 14, 3, 15], "texture": "#3", "tintindex": 0},
				"south": {"uv": [0, 13.5, 1.5, 14.5], "texture": "#3"},
				"west": {"uv": [14, 2.5, 14.5, 3.5], "texture": "#3", "tintindex": 0},
				"up": {"uv": [14.5, 10, 13, 9.5], "texture": "#3", "tintindex": 0},
				"down": {"uv": [15.5, 2, 14, 2.5], "texture": "#3", "tintindex": 0}
			}
		},
		{
			"from": [7, 11.54667, 2.51822],
			"to": [9, 11.54667, 3.51822],
			"rotation": {"angle": -22.5, "axis": "x", "origin": [7, 13.19667, 7.91822]},
			"faces": {
				"north": {"uv": [0, 0, 1, 0], "texture": "#3"},
				"east": {"uv": [0, 0, 0.5, 0], "texture": "#3"},
				"south": {"uv": [0, 0, 1, 0], "texture": "#3"},
				"west": {"uv": [0, 0, 0.5, 0], "texture": "#3"},
				"up": {"uv": [15, 10.5, 14, 10], "texture": "#3"},
				"down": {"uv": [15, 10.5, 14, 11], "texture": "#3"}
			}
		},
		{
			"from": [7.5, 10.54667, 2.51822],
			"to": [8.5, 11.54667, 2.51822],
			"rotation": {"angle": -22.5, "axis": "x", "origin": [7, 13.19667, 7.91822]},
			"faces": {
				"north": {"uv": [9.5, 2, 10, 2.5], "texture": "#3"},
				"east": {"uv": [0, 0, 0, 0.5], "texture": "#3"},
				"south": {"uv": [5, 14, 5.5, 14.5], "texture": "#3"},
				"west": {"uv": [0, 0, 0, 0.5], "texture": "#3"},
				"up": {"uv": [0.5, 0, 0, 0], "texture": "#3"},
				"down": {"uv": [0.5, 0, 0, 0], "texture": "#3"}
			}
		},
		{
			"from": [5, 15.67553, 7.00976],
			"to": [6, 16.67553, 7.00976],
			"rotation": {"angle": -22.5, "axis": "x", "origin": [4, 12.82553, 12.50976]},
			"faces": {
				"north": {"uv": [9.5, 2, 10, 2.5], "texture": "#3"},
				"east": {"uv": [0, 0, 0, 0.5], "texture": "#3"},
				"south": {"uv": [5, 14, 5.5, 14.5], "texture": "#3"},
				"west": {"uv": [0, 0, 0, 0.5], "texture": "#3"},
				"up": {"uv": [0.5, 0, 0, 0], "texture": "#3"},
				"down": {"uv": [0.5, 0, 0, 0], "texture": "#3"}
			}
		},
		{
			"from": [10, 15.67553, 7.00976],
			"to": [11, 16.67553, 7.00976],
			"rotation": {"angle": -22.5, "axis": "x", "origin": [12, 12.82553, 12.50976]},
			"faces": {
				"north": {"uv": [10, 2, 9.5, 2.5], "texture": "#3"},
				"east": {"uv": [0, 0, 0, 0.5], "texture": "#3"},
				"south": {"uv": [5.5, 14, 5, 14.5], "texture": "#3"},
				"west": {"uv": [0, 0, 0, 0.5], "texture": "#3"},
				"up": {"uv": [0, 0, 0.5, 0], "texture": "#3"},
				"down": {"uv": [0, 0, 0.5, 0], "texture": "#3"}
			}
		},
		{
			"from": [7.5, 3, 4.9],
			"to": [8.5, 4, 4.9],
			"rotation": {"angle": 0, "axis": "y", "origin": [10, 2.5, 5]},
			"faces": {
				"north": {"uv": [10, 2, 9.5, 2.5], "texture": "#3"},
				"east": {"uv": [0, 0, 0, 0.5], "texture": "#3"},
				"south": {"uv": [5.5, 14, 5, 14.5], "texture": "#3"},
				"west": {"uv": [0, 0, 0, 0.5], "texture": "#3"},
				"up": {"uv": [0, 0, 0.5, 0], "texture": "#3"},
				"down": {"uv": [0, 0, 0.5, 0], "texture": "#3"}
			}
		},
		{
			"from": [4.5, 13.44667, 6.61822],
			"to": [6.5, 15.44667, 7.61822],
			"rotation": {"angle": -22.5, "axis": "x", "origin": [7, 13.19667, 7.91822]},
			"faces": {
				"north": {"uv": [6.5, 8.5, 7.5, 9.5], "texture": "#3", "tintindex": 0},
				"east": {"uv": [7, 2.5, 7.5, 3.5], "texture": "#3", "tintindex": 0},
				"south": {"uv": [13.5, 0, 14.5, 1], "texture": "#3", "tintindex": 0},
				"west": {"uv": [7, 3.5, 7.5, 4.5], "texture": "#3", "tintindex": 0},
				"up": {"uv": [7.5, 10, 6.5, 9.5], "texture": "#3", "tintindex": 0},
				"down": {"uv": [2.5, 11.5, 1.5, 12], "texture": "#3", "tintindex": 0}
			}
		},
		{
			"from": [9.5, 13.44667, 6.61822],
			"to": [11.5, 15.44667, 7.61822],
			"rotation": {"angle": -22.5, "axis": "x", "origin": [9, 13.19667, 7.91822]},
			"faces": {
				"north": {"uv": [13.5, 1, 14.5, 2], "texture": "#3", "tintindex": 0},
				"east": {"uv": [3, 14, 3.5, 15], "texture": "#3", "tintindex": 0},
				"south": {"uv": [1.5, 14, 2.5, 15], "texture": "#3", "tintindex": 0},
				"west": {"uv": [3.5, 14, 4, 15], "texture": "#3", "tintindex": 0},
				"up": {"uv": [15, 4, 14, 3.5], "texture": "#3", "tintindex": 0},
				"down": {"uv": [5, 14, 4, 14.5], "texture": "#3", "tintindex": 0}
			}
		}
	],
	"display": {
		"thirdperson_righthand": {
			"rotation": [-165.11, 23.22, -166.65],
			"translation": [-1.75, 2.5, -0.25],
			"scale": [0.8, 0.8, 0.8]
		},
		"thirdperson_lefthand": {
			"rotation": [-165.11, 23.22, -166.65],
			"translation": [-1.75, 2.5, -0.25],
			"scale": [0.8, 0.8, 0.8]
		},
		"firstperson_righthand": {
			"rotation": [160.14, 23.22, -166.65],
			"translation": [-1.75, 2.5, -0.25],
			"scale": [0.8, 0.8, 0.8]
		},
		"firstperson_lefthand": {
			"rotation": [160.14, 23.22, -166.65],
			"translation": [-1.75, 2.5, -0.25],
			"scale": [0.8, 0.8, 0.8]
		},
		"ground": {
			"translation": [0, 6.25, 0]
		},
		"gui": {
			"rotation": [30, 225, 0],
			"scale": [0.625, 0.625, 0.625]
		},
		"head": {
			"rotation": [-180, 0, -180],
			"translation": [0, -45, 6.5],
			"scale": [1.6, 1.6, 1.6]
		}
	},
	"groups": [
		{
			"name": "body",
			"origin": [0, 11, 0],
			"color": 0,
			"nbt": "{}",
			"armAnimationEnabled": false,
			"children": [0, 1, 2, 3, 4, 5]
		},
		6,
		7,
		8,
		9,
		10,
		11,
		12,
		13,
		14,
		15,
		16
	]
}