{
	"credit": "Made with yy Blockbench",
	"textures": {
		"0": "items/back/feather_animation_white",
		"1": "items/back/star_animation",
		"2": "items/back/wing_white",
		"particle": "items/back/feather_animation_white"
	},
	"elements": [
		{
			"from": [-16, 10.1, 10.7],
			"to": [10.3, 26.4, 10.7],
			"rotation": {"angle": -22.5, "axis": "y", "origin": [-2, 9, 4]},
			"faces": {
				"north": {"uv": [0.125, 1.66667, 16, 10.54167], "texture": "#2"},
				"east": {"uv": [0, 0, 0, 16], "texture": "#missing"},
				"south": {"uv": [16, 1.66667, 0.11111, 10.55278], "texture": "#2"},
				"west": {"uv": [0, 0, 0, 16], "texture": "#missing"},
				"up": {"uv": [0, 0, 16, 0], "texture": "#missing"},
				"down": {"uv": [0, 0, 16, 0], "texture": "#missing"}
			}
		},
		{
			"from": [-14.6, 6.6, 5.7],
			"to": [-5.5, 16, 5.7],
			"rotation": {"angle": -22.5, "axis": "y", "origin": [-11.25, 13.7, 6.8]},
			"faces": {
				"north": {"uv": [16, 0, 0, 16], "texture": "#0"},
				"east": {"uv": [0, 0, 0, 9.4], "texture": "#missing"},
				"south": {"uv": [0, 0, 16, 16], "texture": "#0"},
				"west": {"uv": [0, 0, 0, 9.4], "texture": "#missing"},
				"up": {"uv": [9.1, 0, 0, 0], "texture": "#missing"},
				"down": {"uv": [9.1, 0, 0, 0], "texture": "#missing"}
			}
		},
		{
			"from": [3.7, 10.1, 9.9],
			"to": [30, 26.4, 9.9],
			"rotation": {"angle": 22.5, "axis": "y", "origin": [18, 9, 4]},
			"faces": {
				"north": {"uv": [16, 1.66667, 0.125, 10.54167], "texture": "#2"},
				"east": {"uv": [0, 0, 0, 16], "texture": "#missing"},
				"south": {"uv": [0.11111, 1.66667, 16, 10.53056], "texture": "#2"},
				"west": {"uv": [0, 0, 0, 16], "texture": "#missing"},
				"up": {"uv": [16, 0, 0, 0], "texture": "#missing"},
				"down": {"uv": [16, 0, 0, 0], "texture": "#missing"}
			}
		},
		{
			"from": [18.5, 17.6, 4.9],
			"to": [27.6, 27, 4.9],
			"rotation": {"angle": 22.5, "axis": "y", "origin": [27.25, 13.7, 6.8]},
			"faces": {
				"north": {"uv": [0, 0, 16, 16], "texture": "#0"},
				"east": {"uv": [0, 0, 0, 9.4], "texture": "#missing"},
				"south": {"uv": [16, 0, 0, 16], "texture": "#0"},
				"west": {"uv": [0, 0, 0, 9.4], "texture": "#missing"},
				"up": {"uv": [0, 0, 9.1, 0], "texture": "#missing"},
				"down": {"uv": [0, 0, 9.1, 0], "texture": "#missing"}
			}
		},
		{
			"from": [-8.3, 21, 10.3],
			"to": [-3.4, 26.1, 10.3],
			"rotation": {"angle": -22.5, "axis": "y", "origin": [-1.85, 20.05, 10.3]},
			"faces": {
				"north": {"uv": [0, 0, 16, 16], "texture": "#1"},
				"east": {"uv": [0, 0, 0, 5.2], "texture": "#missing"},
				"south": {"uv": [16, 0, 0, 16], "texture": "#1"},
				"west": {"uv": [0, 0, 0, 5.2], "texture": "#missing"},
				"up": {"uv": [0, 0, 4.4, 0], "texture": "#missing"},
				"down": {"uv": [0, 0, 4.4, 0], "texture": "#missing"}
			}
		},
		{
			"from": [0.7, 16, 12.3],
			"to": [5.6, 21.1, 12.3],
			"rotation": {"angle": -22.5, "axis": "y", "origin": [-1.85, 20.05, 10.3]},
			"faces": {
				"north": {"uv": [0, 0, 16, 16], "texture": "#1"},
				"east": {"uv": [0, 0, 0, 5.2], "texture": "#missing"},
				"south": {"uv": [16, 0, 0, 16], "texture": "#1"},
				"west": {"uv": [0, 0, 0, 5.2], "texture": "#missing"},
				"up": {"uv": [0, 0, 4.4, 0], "texture": "#missing"},
				"down": {"uv": [0, 0, 4.4, 0], "texture": "#missing"}
			}
		},
		{
			"from": [-12.7, 14.8, 10.3],
			"to": [-9.8, 17.8, 10.3],
			"rotation": {"angle": -22.5, "axis": "y", "origin": [-1.85, 20.05, 10.3]},
			"faces": {
				"north": {"uv": [0, 0, 16, 16], "texture": "#1"},
				"east": {"uv": [0, 0, 0, 5.2], "texture": "#missing"},
				"south": {"uv": [16, 0, 0, 16], "texture": "#1"},
				"west": {"uv": [0, 0, 0, 5.2], "texture": "#missing"},
				"up": {"uv": [0, 0, 4.4, 0], "texture": "#missing"},
				"down": {"uv": [0, 0, 4.4, 0], "texture": "#missing"}
			}
		},
		{
			"from": [-12.7, 14.8, 12.3],
			"to": [-9.8, 17.8, 12.3],
			"rotation": {"angle": -22.5, "axis": "y", "origin": [-1.85, 20.05, 10.3]},
			"faces": {
				"north": {"uv": [0, 0, 16, 16], "texture": "#1"},
				"east": {"uv": [0, 0, 0, 5.2], "texture": "#missing"},
				"south": {"uv": [16, 0, 0, 16], "texture": "#1"},
				"west": {"uv": [0, 0, 0, 5.2], "texture": "#missing"},
				"up": {"uv": [0, 0, 4.4, 0], "texture": "#missing"},
				"down": {"uv": [0, 0, 4.4, 0], "texture": "#missing"}
			}
		},
		{
			"from": [17.4, 21, 9.5],
			"to": [22.3, 26.1, 9.5],
			"rotation": {"angle": 22.5, "axis": "y", "origin": [17.85, 20.05, 10.3]},
			"faces": {
				"north": {"uv": [16, 0, 0, 16], "texture": "#1"},
				"east": {"uv": [0, 0, 0, 5.2], "texture": "#missing"},
				"south": {"uv": [0, 0, 16, 16], "texture": "#1"},
				"west": {"uv": [0, 0, 0, 5.2], "texture": "#missing"},
				"up": {"uv": [4.4, 0, 0, 0], "texture": "#missing"},
				"down": {"uv": [4.4, 0, 0, 0], "texture": "#missing"}
			}
		},
		{
			"from": [9.4, 18, 13.5],
			"to": [14.3, 23.1, 13.5],
			"rotation": {"angle": 22.5, "axis": "y", "origin": [17.85, 20.05, 10.3]},
			"faces": {
				"north": {"uv": [16, 0, 0, 16], "texture": "#1"},
				"east": {"uv": [0, 0, 0, 5.2], "texture": "#missing"},
				"south": {"uv": [0, 0, 16, 16], "texture": "#1"},
				"west": {"uv": [0, 0, 0, 5.2], "texture": "#missing"},
				"up": {"uv": [4.4, 0, 0, 0], "texture": "#missing"},
				"down": {"uv": [4.4, 0, 0, 0], "texture": "#missing"}
			}
		},
		{
			"from": [23.8, 14.8, 9.5],
			"to": [26.7, 17.8, 9.5],
			"rotation": {"angle": 22.5, "axis": "y", "origin": [17.85, 20.05, 10.3]},
			"faces": {
				"north": {"uv": [16, 0, 0, 16], "texture": "#1"},
				"east": {"uv": [0, 0, 0, 5.2], "texture": "#missing"},
				"south": {"uv": [0, 0, 16, 16], "texture": "#1"},
				"west": {"uv": [0, 0, 0, 5.2], "texture": "#missing"},
				"up": {"uv": [4.4, 0, 0, 0], "texture": "#missing"},
				"down": {"uv": [4.4, 0, 0, 0], "texture": "#missing"}
			}
		},
		{
			"from": [18.8, 14.8, 11.5],
			"to": [21.7, 17.8, 11.5],
			"rotation": {"angle": 22.5, "axis": "y", "origin": [17.85, 20.05, 10.3]},
			"faces": {
				"north": {"uv": [16, 0, 0, 16], "texture": "#1"},
				"east": {"uv": [0, 0, 0, 5.2], "texture": "#missing"},
				"south": {"uv": [0, 0, 16, 16], "texture": "#1"},
				"west": {"uv": [0, 0, 0, 5.2], "texture": "#missing"},
				"up": {"uv": [4.4, 0, 0, 0], "texture": "#missing"},
				"down": {"uv": [4.4, 0, 0, 0], "texture": "#missing"}
			}
		}
	],
	"display": {
		"thirdperson_righthand": {
			"rotation": [63, 0, 0],
			"translation": [1.25, 0, -3.75],
			"scale": [0.22, 0.25, 0.28]
		},
		"thirdperson_lefthand": {
			"rotation": [63, 0, 0],
			"translation": [1.25, 0, -3.75],
			"scale": [0.22, 0.25, 0.28]
		},
		"firstperson_righthand": {
			"rotation": [0, 180, -28],
			"translation": [2, 1.5, 2.5],
			"scale": [0.16, 0.16, 0.16]
		},
		"firstperson_lefthand": {
			"rotation": [0, 180, -28],
			"translation": [2, -9.25, 2.5],
			"scale": [0.16, 0.16, 0.16]
		},
		"ground": {
			"scale": [0.51, 0.49, 0.49]
		},
		"gui": {
			"translation": [0.5, -4.25, 0],
			"scale": [0.42, 0.4, 0.4]
		},
		"head": {
			"translation": [1.5, -70.69, -3.75],
			"scale": [1.85, 1.78, 1.83]
		},
		"fixed": {
			"translation": [0.25, -4.5, -2],
			"scale": [0.41, 0.41, 0.4]
		}
	},
	"groups": [
		{
			"name": "group",
			"origin": [8, 8, 8],
			"color": 0,
			"children": [0, 1, 2, 3]
		},
		4,
		5,
		6,
		7,
		8,
		9,
		10,
		11
	]
}