{
    "parent": "item/generated",
    "textures": {
        "layer0": "item/flint"
    },
    "overrides": [
        {
            "predicate": {
                "custom_model_data": 100
            },
            "model": "coshat/1"
        },
        {
            "predicate": {
                "custom_model_data": 101
            },
            "model": "coshat/2"
        },
        {
            "predicate": {
                "custom_model_data": 102
            },
            "model": "coshat/3"
        },
        {
            "predicate": {
                "custom_model_data": 103
            },
            "model": "coshat/4"
        },
        {
            "predicate": {
                "custom_model_data": 104
            },
            "model": "coshat/5"
        },
        {
            "predicate": {
                "custom_model_data": 105
            },
            "model": "coshat/6"
        },
        {
            "predicate": {
                "custom_model_data": 106
            },
            "model": "coshat/7"
        },
        {
            "predicate": {
                "custom_model_data": 107
            },
            "model": "coshat/8"
        },
        {
            "predicate": {
                "custom_model_data": 108
            },
            "model": "coshat/9"
        },
        {
            "predicate": {
                "custom_model_data": 109
            },
            "model": "coshat/10"
        },
        {
            "predicate": {
                "custom_model_data": 110
            },
            "model": "coshat/11"
        },
        {
            "predicate": {
                "custom_model_data": 111
            },
            "model": "coshat/12"
        },
        {
            "predicate": {
                "custom_model_data": 112
            },
            "model": "coshat/13"
        },
        {
            "predicate": {
                "custom_model_data": 113
            },
            "model": "coshat/14"
        },
        {
            "predicate": {
                "custom_model_data": 114
            },
            "model": "cosback/bunny_backpack"
        },
        {
            "predicate": {
                "custom_model_data": 115
            },
            "model": "cosback/colorful_backpack"
        },
        {
            "predicate": {
                "custom_model_data": 116
            },
            "model": "cosback/nocsy_fruit_basket"
        },
        {
            "predicate": {
                "custom_model_data": 117
            },
            "model": "cosback/nocsy_warrior_belt"
        },
        {
            "predicate": {
                "custom_model_data": 118
            },
            "model": "cosback/mercywings"
        },
        {
            "predicate": {
                "custom_model_data": 119
            },
            "model": "cosback/angel_wings"
        },
        {
            "predicate": {
                "custom_model_data": 120
            },
            "model": "cosback/cyber_machine"
        },
        {
            "predicate": {
                "custom_model_data": 121
            },
            "model": "cosback/cyber_machine_blue"
        },
        {
            "predicate": {
                "custom_model_data": 122
            },
            "model": "cosback/cyber_machine_red"
        },
        {
            "predicate": {
                "custom_model_data": 123
            },
            "model": "cosback/demon_wings"
        },
        {
            "predicate": {
                "custom_model_data": 124
            },
            "model": "cosback/dragon_wings"
        },
        {
            "predicate": {
                "custom_model_data": 125
            },
            "model": "cosback/dragon_wings_blue"
        },
        {
            "predicate": {
                "custom_model_data": 126
            },
            "model": "cosback/dragon_wings_red"
        },
        {
            "predicate": {
                "custom_model_data": 127
            },
            "model": "cosback/mythical_blades"
        },
        {
            "predicate": {
                "custom_model_data": 128
            },
            "model": "cosback/phoenix_wings"
        },
        {
            "predicate": {
                "custom_model_data": 129
            },
            "model": "cosback/basic_backpack"
        },
        {
            "predicate": {
                "custom_model_data": 130
            },
            "model": "cosback/camper_backpack"
        },
        {
            "predicate": {
                "custom_model_data": 131
            },
            "model": "cosback/frog_backpack"
        },
        {
            "predicate": {
                "custom_model_data": 132
            },
            "model": "cosback/school_backpack"
        },
        {
            "predicate": {
                "custom_model_data": 133
            },
            "model": "cosback/goth_backpack"
        },
        {
            "predicate": {
                "custom_model_data": 134
            },
            "model": "cosback/teddy_bear_backpack"
        },
        {
            "predicate": {
                "custom_model_data": 135
            },
            "model": "cosback/butterfly_wings"
        },
        {
            "predicate": {
                "custom_model_data": 136
            },
            "model": "cosback/crystal_wings"
        },
        {
            "predicate": {
                "custom_model_data": 137
            },
            "model": "cosback/darkness_wings"
        },
        {
            "predicate": {
                "custom_model_data": 138
            },
            "model": "cosback/fairy_wings"
        },
        {
            "predicate": {
                "custom_model_data": 139
            },
            "model": "cosback/pink_wings"
        },
        {
            "predicate": {
                "custom_model_data": 140
            },
            "model": "coshat/nocsy_pirate_hat"
        },
        {
            "predicate": {
                "custom_model_data": 141
            },
            "model": "coshat/nocsy_jester_hat"
        },
        {
            "predicate": {
                "custom_model_data": 142
            },
            "model": "coshat/shrek_ears"
        },
        {
            "predicate": {
                "custom_model_data": 143
            },
            "model": "coshat/toffy_lanternhat"
        },
        {
            "predicate": {
                "custom_model_data": 144
            },
            "model": "coshat/toffy_tophat"
        },
        {
            "predicate": {
                "custom_model_data": 145
            },
            "model": "coshat/nocsy_propeller_beanie"
        },
        {
            "predicate": {
                "custom_model_data": 146
            },
            "model": "coshat/nocsy_propeller_beanie_dyable"
        },
        {
            "predicate": {
                "custom_model_data": 147
            },
            "model": "coshat/toffy_goobis"
        },
        {
            "predicate": {
                "custom_model_data": 148
            },
            "model": "coshat/angel_ring"
        },
        {
            "predicate": {
                "custom_model_data": 149
            },
            "model": "coshat/chick_hat"
        },
        {
            "predicate": {
                "custom_model_data": 150
            },
            "model": "coshat/cyber_glasses"
        },
        {
            "predicate": {
                "custom_model_data": 151
            },
            "model": "coshat/cyber_glasses_blue"
        },
        {
            "predicate": {
                "custom_model_data": 152
            },
            "model": "coshat/cyber_glasses_red"
        },
        {
            "predicate": {
                "custom_model_data": 153
            },
            "model": "coshat/demon_horns"
        },
        {
            "predicate": {
                "custom_model_data": 154
            },
            "model": "coshat/dragon_hat"
        },
        {
            "predicate": {
                "custom_model_data": 155
            },
            "model": "coshat/dragon_hat_blue"
        },
        {
            "predicate": {
                "custom_model_data": 156
            },
            "model": "coshat/dragon_hat_red"
        },
        {
            "predicate": {
                "custom_model_data": 157
            },
            "model": "coshat/panda_hat"
        },
        {
            "predicate": {
                "custom_model_data": 158
            },
            "model": "coshat/3d_glasses"
        },
        {
            "predicate": {
                "custom_model_data": 159
            },
            "model": "coshat/black_glasses"
        },
        {
            "predicate": {
                "custom_model_data": 160
            },
            "model": "coshat/black_sunglasses"
        },
        {
            "predicate": {
                "custom_model_data": 161
            },
            "model": "coshat/brown_glasses"
        },
        {
            "predicate": {
                "custom_model_data": 162
            },
            "model": "coshat/deal_with_it"
        },
        {
            "predicate": {
                "custom_model_data": 163
            },
            "model": "coshat/neon_glasses"
        },
        {
            "predicate": {
                "custom_model_data": 164
            },
            "model": "coshat/rainbow_sunglasses"
        },
        {
            "predicate": {
                "custom_model_data": 165
            },
            "model": "coshat/tint_sunglasses"
        },
        {
            "predicate": {
                "custom_model_data": 166
            },
            "model": "coshat/xray_glasses"
        },
        {
            "predicate": {
                "custom_model_data": 167
            },
            "model": "coshat/halloween_hat"
        },
        {
            "predicate": {
                "custom_model_data": 168
            },
            "model": "coshat/15"
        },
        {
            "predicate": {
                "custom_model_data": 169
            },
            "model": "coshat/16"
        },
        {
            "predicate": {
                "custom_model_data": 170
            },
            "model": "coshat/17"
        },
        {
            "predicate": {
                "custom_model_data": 171
            },
            "model": "coshat/18"
        },
        {
            "predicate": {
                "custom_model_data": 172
            },
            "model": "coshat/19"
        },
        {
            "predicate": {
                "custom_model_data": 173
            },
            "model": "coshat/20"
        },
        {
            "predicate": {
                "custom_model_data": 174
            },
            "model": "coshat/browncat_hat"
        },
        {
            "predicate": {
                "custom_model_data": 175
            },
            "model": "cosback/browncat_mask"
        },
        {
            "predicate": {
                "custom_model_data": 176
            },
            "model": "cosback/browncat_bag"
        },
        {
            "predicate": {
                "custom_model_data": 177
            },
            "model": "coshat/blackmushroom_hat"
        },
        {
            "predicate": {
                "custom_model_data": 178
            },
            "model": "coshat/blueberry_hat"
        },
        {
            "predicate": {
                "custom_model_data": 179
            },
            "model": "coshat/bluemushroom_hat"
        },
        {
            "predicate": {
                "custom_model_data": 180
            },
            "model": "coshat/cabbage_hat"
        },
        {
            "predicate": {
                "custom_model_data": 181
            },
            "model": "coshat/carrot_sunglasses"
        },
        {
            "predicate": {
                "custom_model_data": 182
            },
            "model": "coshat/cherry_hat"
        },
        {
            "predicate": {
                "custom_model_data": 183
            },
            "model": "coshat/corn_hat"
        },
        {
            "predicate": {
                "custom_model_data": 184
            },
            "model": "coshat/grape_hat"
        },
        {
            "predicate": {
                "custom_model_data": 185
            },
            "model": "coshat/tomato_hat"
        },
        {
            "predicate": {
                "custom_model_data": 186
            },
            "model": "coshat/butterfly_hat"
        },
        {
            "predicate": {
                "custom_model_data": 187
            },
            "model": "cosback/wing_black"
        },
        {
            "predicate": {
                "custom_model_data": 188
            },
            "model": "cosback/wing_blue"
        },
        {
            "predicate": {
                "custom_model_data": 189
            },
            "model": "cosback/wing_pink"
        },
        {
            "predicate": {
                "custom_model_data": 190
            },
            "model": "cosback/wing_white"
        },
        {
            "predicate": {
                "custom_model_data": 191
            },
            "model": "cosback/chicks_bag"
        },
        {
            "predicate": {
                "custom_model_data": 192
            },
            "model": "cosback/chicks_mask"
        },
        {
            "predicate": {
                "custom_model_data": 193
            },
            "model": "coshat/chicks_hat"
        },
        {
            "predicate": {
                "custom_model_data": 194
            },
            "model": "coshat/vapotato_hat"
        },
        {
            "predicate": {
                "custom_model_data": 195
            },
            "model": "cosback/prince_print"
        },
        {
            "predicate": {
                "custom_model_data": 196
            },
            "model": "cosback/princess_print"
        },
        {
            "predicate": {
                "custom_model_data": 197
            },
            "model": "coshat/bearjellyhat_yellow"
        },
        {
            "predicate": {
                "custom_model_data": 198
            },
            "model": "cosback/frog_cross_bag"
        },
        {
            "predicate": {
                "custom_model_data": 199
            },
            "model": "coshat/squirrel_ears"
        },
        {
            "predicate": {
                "custom_model_data": 200
            },
            "model": "coshat/bigburger_hat_a"
        },
        {
            "predicate": {
                "custom_model_data": 201
            },
            "model": "coshat/bigburger_hat_b"
        },
        {
            "predicate": {
                "custom_model_data": 202
            },
            "model": "coshat/miniburger_hat"
        }
    ]
}