{"parent":"item/generated","textures":{"layer0":"item/potion_overlay","layer1":"item/potion"},"overrides":[{"predicate":{"custom_model_data":10000},"model":"iasurvival:ia_auto_gen/bloody_mary"},{"predicate":{"custom_model_data":10001},"model":"iaalchemy:ia_auto_gen/diamonds_finder_potion"},{"predicate":{"custom_model_data":10002},"model":"iaalchemy:ia_auto_gen/emeralds_finder_potion"},{"predicate":{"custom_model_data":10003},"model":"iaalchemy:ia_auto_gen/strange_potion"},{"predicate":{"custom_model_data":10004},"model":"iaalchemy:ia_auto_gen/antidote"},{"predicate":{"custom_model_data":10005},"model":"iasurvival:ia_auto_gen/cola"},{"predicate":{"custom_model_data":10006},"model":"iasurvival:ia_auto_gen/hot_chocolate"},{"predicate":{"custom_model_data":10007},"model":"iasurvival:ia_auto_gen/coffee"},{"predicate":{"custom_model_data":10008},"model":"cosmetics:entity/locomotive/locomotive"},{"predicate":{"custom_model_data":10009},"model":"cosmetics:entity/locomotive/r"},{"predicate":{"custom_model_data":10010},"model":"cosmetics:entity/locomotive/bucket"},{"predicate":{"custom_model_data":10011},"model":"cosmetics:entity/locomotive/l"},{"predicate":{"custom_model_data":10012},"model":"cosmetics:entity/locomotive/leash_pivot"},{"predicate":{"custom_model_data":10013},"model":"cosmetics:entity/star_kite/main"},{"predicate":{"custom_model_data":10014},"model":"cosmetics:entity/star_kite/leash_pivot"},{"predicate":{"custom_model_data":10015},"model":"cosmetics:entity/wings_enderdragon/group4"},{"predicate":{"custom_model_data":10016},"model":"cosmetics:entity/wings_enderdragon/group5"},{"predicate":{"custom_model_data":10017},"model":"cosmetics:entity/wings_enderdragon/group7"},{"predicate":{"custom_model_data":10018},"model":"cosmetics:entity/wings_enderdragon/group"},{"predicate":{"custom_model_data":10019},"model":"cosmetics:entity/amogus/amogus"},{"predicate":{"custom_model_data":10020},"model":"cosmetics:entity/ballon_cluster/ballon_cluster"},{"predicate":{"custom_model_data":10021},"model":"cosmetics:entity/ballon_cluster/leash_pivot"},{"predicate":{"custom_model_data":10022},"model":"magic_crates:entity/magic_crate/bone3"},{"predicate":{"custom_model_data":10023},"model":"magic_crates:entity/magic_crate/bone2"},{"predicate":{"custom_model_data":10024},"model":"magic_crates:entity/magic_crate/bone"},{"predicate":{"custom_model_data":300001},"model":"cosmetics:body/leather_backpack"},{"predicate":{"custom_model_data":300002},"model":"cosmetics:body/leather_backpack_self"},{"predicate":{"custom_model_data":300003},"model":"cosmetics:hat/cowboy_hat"},{"predicate":{"custom_model_data":400003},"model":"cosmetics:body/red_parrot"},{"predicate":{"custom_model_data":400004},"model":"cosmetics:body/red_parrot_self"},{"predicate":{"custom_model_data":400005},"model":"cosmetics:hat/snow_fox_sleeping"},{"predicate":{"custom_model_data":400006},"model":"cosmetics:hat/chef_hat"},{"predicate":{"custom_model_data":400007},"model":"cosmetics:hat/witch_hat"},{"predicate":{"custom_model_data":400008},"model":"cosmetics:body/squirrel_tail"},{"predicate":{"custom_model_data":400009},"model":"cosmetics:body/squirrel_tail_self"},{"predicate":{"custom_model_data":400010},"model":"cosmetics:body/bee_nest"},{"predicate":{"custom_model_data":400011},"model":"cosmetics:body/bee_nest_self"},{"predicate":{"custom_model_data":400012},"model":"cosmetics:body/backpack"},{"predicate":{"custom_model_data":400013},"model":"cosmetics:body/backpack_self"},{"predicate":{"custom_model_data":400014},"model":"cosmetics:entity/amogus_icon"},{"predicate":{"custom_model_data":400015},"model":"cosmetics:entity/ballon_cluster_icon"},{"predicate":{"custom_model_data":400016},"model":"cosmetics:entity/star_kite_icon"},{"predicate":{"custom_model_data":400017},"model":"cosmetics:entity/locomotive_icon"},{"predicate":{"custom_model_data":400018},"model":"minecraft:item/potion"},{"predicate":{"custom_model_data":5550020},"model":"nyuxxi_model:plant_costume/banana_costume"},{"predicate":{"custom_model_data":5550021},"model":"nyuxxi_model:plant_costume/radish_costume"},{"predicate":{"custom_model_data":5550022},"model":"nyuxxi_model:plant_costume/corn_costume"},{"predicate":{"custom_model_data":5550023},"model":"nyuxxi_model:plant_costume/chilli_costume"},{"predicate":{"custom_model_data":5550024},"model":"nyuxxi_model:plant_costume/eggplant_costume"},{"predicate":{"custom_model_data":5550025},"model":"nyuxxi_model:plant_costume/carrot_costume"},{"predicate":{"custom_model_data":5550026},"model":"nyuxxi_model:plant_costume/red_mushroom_costume"},{"predicate":{"custom_model_data":5550027},"model":"nyuxxi_model:plant_costume/brown_mushroom_costume"},{"predicate":{"custom_model_data":5550028},"model":"nyuxxi_model:plant_costume/banana_costume_self"},{"predicate":{"custom_model_data":5550029},"model":"nyuxxi_model:plant_costume/radish_costume_self"},{"predicate":{"custom_model_data":5550030},"model":"nyuxxi_model:plant_costume/corn_costume_self"},{"predicate":{"custom_model_data":5550031},"model":"nyuxxi_model:plant_costume/chilli_costume_self"},{"predicate":{"custom_model_data":5550032},"model":"nyuxxi_model:plant_costume/eggplant_costume_self"},{"predicate":{"custom_model_data":5550033},"model":"nyuxxi_model:plant_costume/carrot_costume_self"},{"predicate":{"custom_model_data":5550034},"model":"nyuxxi_model:plant_costume/red_mushroom_costume_self"},{"predicate":{"custom_model_data":5550035},"model":"nyuxxi_model:plant_costume/brown_mushroom_costume_self"},{"predicate":{"custom_model_data":5550036},"model":"item/potion"}]}