{"credit":"Made with Blockbench","textures":{"0":"custom/279","1":"custom/279-1","particle":"custom/279"},"elements":[{"from":[0,0,8],"to":[16,16,8.01],"rotation":{"angle":0,"axis":"y","origin":[8,8,16]},"faces":{"north":{"uv":[0,0,16,16],"texture":"#0"},"east":{"uv":[0,0,0,16],"texture":"#0"},"south":{"uv":[16,0,0,16],"texture":"#0"},"west":{"uv":[0,0,0,16],"texture":"#0"},"up":{"uv":[0,0,16,0],"texture":"#0"},"down":{"uv":[0,0,16,0],"texture":"#0"}}},{"from":[3.5,9,7.9375],"to":[7.5,13,7.9475],"rotation":{"angle":0,"axis":"y","origin":[7.5,8,15.9375]},"faces":{"north":{"uv":[0.5,1.5,9.5,10.5],"texture":"#1"},"east":{"uv":[0,0,0,7],"texture":"#0"},"south":{"uv":[9.5,1.5,0.5,10.5],"texture":"#1"},"west":{"uv":[0,0,0,7],"texture":"#0"},"up":{"uv":[0,0,8,0],"texture":"#0"},"down":{"uv":[0,0,8,0],"texture":"#0"}}},{"from":[3.5,9,8.0625],"to":[7.5,13,8.0725],"rotation":{"angle":0,"axis":"y","origin":[7.5,8,16.0625]},"faces":{"north":{"uv":[0.5,1.5,9.5,10.5],"texture":"#1"},"east":{"uv":[0,0,0,7],"texture":"#0"},"south":{"uv":[9.5,1.5,0.5,10.5],"texture":"#1"},"west":{"uv":[0,0,0,7],"texture":"#0"},"up":{"uv":[0,0,8,0],"texture":"#0"},"down":{"uv":[0,0,8,0],"texture":"#0"}}},{"from":[6.25,11.5,7.9375],"to":[7.75,13.5,7.9475],"rotation":{"angle":0,"axis":"y","origin":[8.25,8.5,15.9375]},"faces":{"north":{"uv":[11.5,10.5,16,16],"texture":"#1"},"east":{"uv":[0,0,0,7],"texture":"#0"},"south":{"uv":[16,10.5,11.5,16],"texture":"#1"},"west":{"uv":[0,0,0,7],"texture":"#0"},"up":{"uv":[0,0,8,0],"texture":"#0"},"down":{"uv":[0,0,8,0],"texture":"#0"}}},{"from":[6.25,11.5,8.0625],"to":[7.75,13.5,8.0725],"rotation":{"angle":0,"axis":"y","origin":[8.25,8.5,16.0625]},"faces":{"north":{"uv":[11.5,10.5,16,16],"texture":"#1"},"east":{"uv":[0,0,0,7],"texture":"#0"},"south":{"uv":[16,10.5,11.5,16],"texture":"#1"},"west":{"uv":[0,0,0,7],"texture":"#0"},"up":{"uv":[0,0,8,0],"texture":"#0"},"down":{"uv":[0,0,8,0],"texture":"#0"}}},{"from":[3,9,7.9375],"to":[4.75,11.25,7.9475],"rotation":{"angle":0,"axis":"y","origin":[5,6,15.9375]},"faces":{"north":{"uv":[11.5,10.5,16,16],"texture":"#1"},"east":{"uv":[0,0,0,7],"texture":"#0"},"south":{"uv":[16,10.5,11.5,16],"texture":"#1"},"west":{"uv":[0,0,0,7],"texture":"#0"},"up":{"uv":[0,0,8,0],"texture":"#0"},"down":{"uv":[0,0,8,0],"texture":"#0"}}},{"from":[3,9,8.0625],"to":[4.75,11.25,8.0725],"rotation":{"angle":0,"axis":"y","origin":[5,6,16.0625]},"faces":{"north":{"uv":[11.5,10.5,16,16],"texture":"#1"},"east":{"uv":[0,0,0,7],"texture":"#0"},"south":{"uv":[16,10.5,11.5,16],"texture":"#1"},"west":{"uv":[0,0,0,7],"texture":"#0"},"up":{"uv":[0,0,8,0],"texture":"#0"},"down":{"uv":[0,0,8,0],"texture":"#0"}}}],"display":{"thirdperson_righthand":{"rotation":[68,0,0],"translation":[7.25,1.75,19.25]},"thirdperson_lefthand":{"rotation":[68,0,0],"translation":[-19.75,1.75,19.25]},"firstperson_righthand":{"rotation":[0,-180,0],"translation":[17.25,-6.25,-16.75]},"firstperson_lefthand":{"rotation":[0,-180,0],"translation":[17.25,-6.25,-16.75]},"ground":{"translation":[0,6,0]},"gui":{"rotation":[0,-180,0],"translation":[0.25,-0.75,0],"scale":[0.85,0.85,0.85]},"head":{"translation":[23.25,7.5,0],"scale":[1.6,1.6,1.6]},"fixed":{"translation":[0,-1,-1.5],"scale":[1.7,1.7,1.7]}}}