{
	"credit": "Made with Blockbench",
	"textures": {
		"0": "custom/336",
		"1": "custom/336-1",
		"particle": "custom/336"
	},
	"elements": [
		{
			"from": [-13, 0, 8],
			"to": [7, 18, 8.01],
			"rotation": {"angle": 0, "axis": "y", "origin": [8, 8, 16]},
			"faces": {
				"north": {"uv": [0, 0.0625, 11.9375, 10.6875], "texture": "#0"},
				"east": {"uv": [0, 0, 0.01, 16], "texture": "#0"},
				"south": {"uv": [11.9375, 0.0625, 0, 10.6875], "texture": "#0"},
				"west": {"uv": [0, 0, 0.01, 16], "texture": "#0"},
				"up": {"uv": [0, 0, 16, 0.01], "texture": "#0"},
				"down": {"uv": [0, 0, 16, 0.01], "texture": "#0"}
			}
		},
		{
			"from": [-16, -4, 3],
			"to": [-10, 28, 3.01],
			"rotation": {"angle": -45, "axis": "y", "origin": [-10, 19, 3.005]},
			"faces": {
				"north": {"uv": [13, 0, 16, 9.8125], "texture": "#0"},
				"east": {"uv": [0, 0, 0.01, 16], "texture": "#0"},
				"south": {"uv": [13, 0, 16, 9.8125], "texture": "#0"},
				"west": {"uv": [0, 0, 0.01, 16], "texture": "#0"},
				"up": {"uv": [0, 0, 16, 0.01], "texture": "#0"},
				"down": {"uv": [0, 0, 16, 0.01], "texture": "#0"}
			}
		},
		{
			"from": [26, -4, 3],
			"to": [32, 28, 3.01],
			"rotation": {"angle": 45, "axis": "y", "origin": [26, 19, 3.005]},
			"faces": {
				"north": {"uv": [16, 0, 13, 9.8125], "texture": "#0"},
				"east": {"uv": [0.01, 0, 0, 16], "texture": "#0"},
				"south": {"uv": [16, 0, 13, 9.8125], "texture": "#0"},
				"west": {"uv": [0.01, 0, 0, 16], "texture": "#0"},
				"up": {"uv": [16, 0, 0, 0.01], "texture": "#0"},
				"down": {"uv": [16, 0, 0, 0.01], "texture": "#0"}
			}
		},
		{
			"from": [21.12132, 0, 4.87868],
			"to": [27.12132, 32, 4.88868],
			"rotation": {"angle": 22.5, "axis": "y", "origin": [24.12132, 16, 4.88368]},
			"faces": {
				"north": {"uv": [16, 0, 13, 9.8125], "texture": "#0"},
				"east": {"uv": [0.01, 0, 0, 16], "texture": "#0"},
				"south": {"uv": [16, 0, 13, 9.8125], "texture": "#0"},
				"west": {"uv": [0.01, 0, 0, 16], "texture": "#0"},
				"up": {"uv": [16, 0, 0, 0.01], "texture": "#0"},
				"down": {"uv": [16, 0, 0, 0.01], "texture": "#0"}
			}
		},
		{
			"from": [-11.12132, 0, 4.87868],
			"to": [-5.12132, 32, 4.88868],
			"rotation": {"angle": -22.5, "axis": "y", "origin": [-8.12132, 16, 4.88368]},
			"faces": {
				"north": {"uv": [13, 0, 16, 9.8125], "texture": "#0"},
				"east": {"uv": [0, 0, 0.01, 16], "texture": "#0"},
				"south": {"uv": [13, 0, 16, 9.8125], "texture": "#0"},
				"west": {"uv": [0, 0, 0.01, 16], "texture": "#0"},
				"up": {"uv": [0, 0, 16, 0.01], "texture": "#0"},
				"down": {"uv": [0, 0, 16, 0.01], "texture": "#0"}
			}
		},
		{
			"from": [9, 0, 8],
			"to": [29, 18, 8.01],
			"rotation": {"angle": 0, "axis": "y", "origin": [8, 8, 16]},
			"faces": {
				"north": {"uv": [11.9375, 0.0625, 0, 10.6875], "texture": "#0"},
				"east": {"uv": [0.01, 0, 0, 16], "texture": "#0"},
				"south": {"uv": [0, 0.0625, 11.9375, 10.6875], "texture": "#0"},
				"west": {"uv": [0.01, 0, 0, 16], "texture": "#0"},
				"up": {"uv": [16, 0, 0, 0.01], "texture": "#0"},
				"down": {"uv": [16, 0, 0, 0.01], "texture": "#0"}
			}
		},
		{
			"from": [-6, 0, 9.995],
			"to": [22, 28, 10.005],
			"rotation": {"angle": 0, "axis": "y", "origin": [8, 12, 10]},
			"faces": {
				"north": {"uv": [0, 0.0625, 15.9375, 16], "texture": "#1"},
				"east": {"uv": [0, 0, 0.01, 16], "texture": "#1"},
				"south": {"uv": [15.9375, 0.0625, 0, 16], "texture": "#1"},
				"west": {"uv": [0, 0, 0.01, 16], "texture": "#1"},
				"up": {"uv": [0, 0, 16, 0.01], "texture": "#1"},
				"down": {"uv": [0, 0, 16, 0.01], "texture": "#1"}
			}
		}
	],
	"gui_light": "front",
	"display": {
		"thirdperson_righthand": {
			"rotation": [65, 0, 0],
			"translation": [0, 2.5, 2.75],
			"scale": [0.5, 0.5, 0.5]
		},
		"thirdperson_lefthand": {
			"rotation": [65, 0, 0],
			"translation": [0, 2.5, 2.75],
			"scale": [0.5, 0.5, 0.5]
		},
		"firstperson_righthand": {
			"translation": [2.5, 3, 0],
			"scale": [0.3, 0.3, 0.3]
		},
		"firstperson_lefthand": {
			"translation": [2.5, 3, 0],
			"scale": [0.3, 0.3, 0.3]
		},
		"ground": {
			"translation": [0, 5.5, 0.25],
			"scale": [0.5, 0.5, 0.5]
		},
		"gui": {
			"rotation": [24, -131, 0],
			"translation": [0, -1.75, 0],
			"scale": [0.5, 0.5, 0.5]
		},
		"head": {
			"translation": [0, -52, 8.75],
			"scale": [2.5, 2.5, 2.5]
		},
		"fixed": {
			"translation": [0, 0, -10]
		}
	}
}