{
	"credit": "Made with Blockbench",
	"textures": {
		"0": "custom/317-1",
		"1": "custom/317",
		"particle": "custom/317-1"
	},
	"elements": [
		{
			"from": [-0.5, 2.75, 8],
			"to": [8.5, 10.75, 8.01],
			"rotation": {"angle": -22.5, "axis": "z", "origin": [4, 6.75, 8]},
			"faces": {
				"north": {"uv": [13, 10.875, 4.25, 1.125], "rotation": 180, "texture": "#1"},
				"east": {"uv": [0, 0, 16, 0], "rotation": 90, "texture": "#1"},
				"south": {"uv": [4.25, 10.875, 13, 1.125], "rotation": 180, "texture": "#1"},
				"west": {"uv": [0, 0, 16, 0], "rotation": 270, "texture": "#1"},
				"up": {"uv": [0, 0, 16, 0], "texture": "#1"},
				"down": {"uv": [0, 0, 16, 0], "texture": "#1"}
			}
		},
		{
			"from": [-0.5, 2.75, 8.25],
			"to": [8.5, 10.75, 8.26],
			"rotation": {"angle": -22.5, "axis": "z", "origin": [4, 6.75, 8.25]},
			"faces": {
				"north": {"uv": [13, 10.875, 4.25, 1.125], "rotation": 180, "texture": "#1"},
				"east": {"uv": [0, 0, 16, 0], "rotation": 90, "texture": "#1"},
				"south": {"uv": [4.25, 10.875, 13, 1.125], "rotation": 180, "texture": "#1"},
				"west": {"uv": [0, 0, 16, 0], "rotation": 270, "texture": "#1"},
				"up": {"uv": [0, 0, 16, 0], "texture": "#1"},
				"down": {"uv": [0, 0, 16, 0], "texture": "#1"}
			}
		},
		{
			"from": [7.5, 2.75, 8],
			"to": [16.5, 10.75, 8.01],
			"rotation": {"angle": 22.5, "axis": "z", "origin": [12, 6.75, 8]},
			"faces": {
				"north": {"uv": [4.25, 10.875, 13, 1.125], "rotation": 180, "texture": "#1"},
				"east": {"uv": [0, 0, 16, 0], "rotation": 270, "texture": "#1"},
				"south": {"uv": [13, 10.875, 4.25, 1.125], "rotation": 180, "texture": "#1"},
				"west": {"uv": [0, 0, 16, 0], "rotation": 90, "texture": "#1"},
				"up": {"uv": [16, 0, 0, 0], "texture": "#1"},
				"down": {"uv": [16, 0, 0, 0], "texture": "#1"}
			}
		},
		{
			"from": [7.5, 2.75, 8.25],
			"to": [16.5, 10.75, 8.26],
			"rotation": {"angle": 22.5, "axis": "z", "origin": [12, 6.75, 8.25]},
			"faces": {
				"north": {"uv": [4.25, 10.875, 13, 1.125], "rotation": 180, "texture": "#1"},
				"east": {"uv": [0, 0, 16, 0], "rotation": 270, "texture": "#1"},
				"south": {"uv": [13, 10.875, 4.25, 1.125], "rotation": 180, "texture": "#1"},
				"west": {"uv": [0, 0, 16, 0], "rotation": 90, "texture": "#1"},
				"up": {"uv": [16, 0, 0, 0], "texture": "#1"},
				"down": {"uv": [16, 0, 0, 0], "texture": "#1"}
			}
		},
		{
			"from": [-13, -9, 8.125],
			"to": [9, 19, 8.135],
			"rotation": {"angle": 0, "axis": "y", "origin": [6, 8, 0.125]},
			"faces": {
				"north": {"uv": [14.125, 15.125, 1.5, 2], "rotation": 180, "texture": "#0"},
				"east": {"uv": [0, 0, 16, 0], "rotation": 90, "texture": "#0"},
				"south": {"uv": [1.5, 15.125, 14.125, 2], "rotation": 180, "texture": "#0"},
				"west": {"uv": [0, 0, 16, 0], "rotation": 270, "texture": "#0"},
				"up": {"uv": [0, 0, 16, 0], "texture": "#0"},
				"down": {"uv": [0, 0, 16, 0], "texture": "#0"}
			}
		},
		{
			"from": [7, -9, 8.125],
			"to": [29, 19, 8.135],
			"rotation": {"angle": 0, "axis": "y", "origin": [10, 8, 0.125]},
			"faces": {
				"north": {"uv": [1.5, 15.125, 14.125, 2], "rotation": 180, "texture": "#0"},
				"east": {"uv": [0, 0, 16, 0], "rotation": 270, "texture": "#0"},
				"south": {"uv": [14.125, 15.125, 1.5, 2], "rotation": 180, "texture": "#0"},
				"west": {"uv": [0, 0, 16, 0], "rotation": 90, "texture": "#0"},
				"up": {"uv": [16, 0, 0, 0], "texture": "#0"},
				"down": {"uv": [16, 0, 0, 0], "texture": "#0"}
			}
		}
	],
	"gui_light": "front",
	"display": {
		"thirdperson_righthand": {
			"rotation": [61, 0, 0],
			"translation": [0, 2.5, 2.25],
			"scale": [0.5, 0.5, 0.5]
		},
		"thirdperson_lefthand": {
			"rotation": [61, 0, 0],
			"translation": [0, 2.5, 2.25],
			"scale": [0.5, 0.5, 0.5]
		},
		"firstperson_righthand": {
			"translation": [2.5, 0, 0],
			"scale": [0.3, 0.3, 0.3]
		},
		"firstperson_lefthand": {
			"translation": [2.5, 0, 0],
			"scale": [0.3, 0.3, 0.3]
		},
		"ground": {
			"translation": [0, 6, -0.25],
			"scale": [0.5, 0.5, 0.5]
		},
		"gui": {
			"scale": [0.35, 0.35, 0.35]
		},
		"head": {
			"translation": [0, -40, 8],
			"scale": [2.5, 2.5, 2.5]
		},
		"fixed": {
			"translation": [0, 0, -3.25]
		}
	}
}