{
	"credit": "Made with Blockbench",
	"textures": {
		"1": "items/hat/christmas_reindeer_headband",
		"particle": "items/hat/christmas_reindeer_headband"
	},
	"elements": [
		{
			"from": [13.43258, 9.62471, 7.53125],
			"to": [16.07258, 10.44971, 8.63125],
			"rotation": {"angle": 22.5, "axis": "z", "origin": [14.31258, 10.03721, 8.08125]},
			"faces": {
				"north": {"uv": [5.5, 11, 6.75, 11.5], "texture": "#1"},
				"east": {"uv": [11.5, 13, 12, 13.5], "texture": "#1"},
				"south": {"uv": [11, 6, 12.25, 6.5], "texture": "#1"},
				"west": {"uv": [13, 11.5, 13.5, 12], "texture": "#1"},
				"up": {"uv": [12.25, 7, 11, 6.5], "texture": "#1"},
				"down": {"uv": [12.25, 7, 11, 7.5], "texture": "#1"}
			}
		},
		{
			"from": [8.87818, 27.58742, 7.53125],
			"to": [9.70318, 30.22742, 8.63125],
			"rotation": {"angle": -45, "axis": "z", "origin": [-6.74682, 14.06242, 8.08125]},
			"faces": {
				"north": {"uv": [7, 11, 7.5, 12.25], "texture": "#1"},
				"east": {"uv": [11, 9, 11.5, 10.25], "texture": "#1"},
				"south": {"uv": [11, 10.5, 11.5, 11.75], "texture": "#1"},
				"west": {"uv": [11.5, 0, 12, 1.25], "texture": "#1"},
				"up": {"uv": [12.5, 13.5, 12, 13], "texture": "#1"},
				"down": {"uv": [13, 13, 12.5, 13.5], "texture": "#1"}
			}
		},
		{
			"from": [12.91269, 13.72742, 7.53125],
			"to": [13.73769, 15.92742, 8.63125],
			"rotation": {"angle": 45, "axis": "z", "origin": [13.96269, 14.06242, 8.08125]},
			"faces": {
				"north": {"uv": [8.5, 12, 9, 13], "texture": "#1"},
				"east": {"uv": [7, 12.5, 7.5, 13.5], "texture": "#1"},
				"south": {"uv": [10, 12.5, 10.5, 13.5], "texture": "#1"},
				"west": {"uv": [13, 5, 13.5, 6], "texture": "#1"},
				"up": {"uv": [13.5, 13.5, 13, 13], "texture": "#1"},
				"down": {"uv": [0.5, 13.5, 0, 14], "texture": "#1"}
			}
		},
		{
			"from": [11.12929, 11.2526, 7.53125],
			"to": [13.05429, 12.0776, 8.63125],
			"rotation": {"angle": 0, "axis": "y", "origin": [12.50429, 12.2151, 8.08125]},
			"faces": {
				"north": {"uv": [12, 4, 13, 4.5], "texture": "#1"},
				"east": {"uv": [13.5, 0, 14, 0.5], "texture": "#1"},
				"south": {"uv": [12, 10, 13, 10.5], "texture": "#1"},
				"west": {"uv": [0.5, 13.5, 1, 14], "texture": "#1"},
				"up": {"uv": [7, 13.5, 6, 13], "texture": "#1"},
				"down": {"uv": [8.5, 13, 7.5, 13.5], "texture": "#1"}
			}
		},
		{
			"from": [11.21269, 12.41242, 7.53125],
			"to": [12.03769, 15.16242, 8.63125],
			"rotation": {"angle": 45, "axis": "z", "origin": [13.96269, 14.06242, 8.08125]},
			"faces": {
				"north": {"uv": [7.5, 10.5, 8, 12], "texture": "#1"},
				"east": {"uv": [8, 10.5, 8.5, 12], "texture": "#1"},
				"south": {"uv": [8.5, 10.5, 9, 12], "texture": "#1"},
				"west": {"uv": [10.5, 9, 11, 10.5], "texture": "#1"},
				"up": {"uv": [14, 1, 13.5, 0.5], "texture": "#1"},
				"down": {"uv": [1.5, 13.5, 1, 14], "texture": "#1"}
			}
		},
		{
			"from": [13.41269, 11.31242, 7.53125],
			"to": [14.51269, 16.06242, 8.63125],
			"rotation": {"angle": 0, "axis": "y", "origin": [14.51269, 5.81242, 7.53125]},
			"faces": {
				"north": {"uv": [10, 3, 10.5, 5.25], "texture": "#1"},
				"east": {"uv": [10, 10, 10.5, 12.25], "texture": "#1"},
				"south": {"uv": [10.5, 0, 11, 2.25], "texture": "#1"},
				"west": {"uv": [10.5, 2.5, 11, 4.75], "texture": "#1"},
				"up": {"uv": [14, 1.5, 13.5, 1], "texture": "#1"},
				"down": {"uv": [2, 13.5, 1.5, 14], "texture": "#1"}
			}
		},
		{
			"from": [11.30793, 5.73108, 7.53125],
			"to": [12.40793, 11.73108, 8.63125],
			"rotation": {"angle": -22.5, "axis": "z", "origin": [12.40793, 6.23108, 7.53125]},
			"faces": {
				"north": {"uv": [1.5, 9.5, 2, 12.5], "texture": "#1"},
				"east": {"uv": [2, 9.5, 2.5, 12.5], "texture": "#1"},
				"south": {"uv": [2.5, 9.5, 3, 12.5], "texture": "#1"},
				"west": {"uv": [3, 9.5, 3.5, 12.5], "texture": "#1"},
				"up": {"uv": [14, 2, 13.5, 1.5], "texture": "#1"},
				"down": {"uv": [2.5, 13.5, 2, 14], "texture": "#1"}
			}
		},
		{
			"from": [11.94837, 5.71458, 6.64988],
			"to": [13.16112, 6.92733, 7.86263],
			"rotation": {"angle": 0, "axis": "y", "origin": [-2.19463, 16.72933, 0.28294]},
			"faces": {
				"north": {"uv": [13.5, 2, 14, 2.5], "texture": "#1"},
				"east": {"uv": [2.5, 13.5, 3, 14], "texture": "#1"},
				"south": {"uv": [13.5, 2.5, 14, 3], "texture": "#1"},
				"west": {"uv": [3, 13.5, 3.5, 14], "texture": "#1"},
				"up": {"uv": [14, 3.5, 13.5, 3], "texture": "#1"},
				"down": {"uv": [4, 13.5, 3.5, 14], "texture": "#1"}
			}
		},
		{
			"from": [12.06793, 6.98095, 6.98125],
			"to": [12.61793, 7.53095, 7.80625],
			"rotation": {"angle": 22.5, "axis": "z", "origin": [12.34293, 7.35595, 7.39375]},
			"faces": {
				"north": {"uv": [0, 14, 0.25, 14.25], "texture": "#1"},
				"east": {"uv": [13.5, 11.5, 14, 11.75], "texture": "#1"},
				"south": {"uv": [14, 0, 14.25, 0.25], "texture": "#1"},
				"west": {"uv": [12, 13.5, 12.5, 13.75], "texture": "#1"},
				"up": {"uv": [13.75, 12.5, 13.5, 12], "texture": "#1"},
				"down": {"uv": [12.75, 13.5, 12.5, 14], "texture": "#1"}
			}
		},
		{
			"from": [10.58293, 6.07095, 6.43125],
			"to": [11.95793, 7.44595, 7.80625],
			"rotation": {"angle": 0, "axis": "y", "origin": [-1.24207, 15.77095, 0.93125]},
			"faces": {
				"north": {"uv": [7.5, 12, 8.25, 12.75], "texture": "#1"},
				"east": {"uv": [12, 9, 12.75, 9.75], "texture": "#1"},
				"south": {"uv": [10.5, 12, 11.25, 12.75], "texture": "#1"},
				"west": {"uv": [11.5, 12, 12.25, 12.75], "texture": "#1"},
				"up": {"uv": [0.75, 13.25, 0, 12.5], "texture": "#1"},
				"down": {"uv": [13.25, 0, 12.5, 0.75], "texture": "#1"}
			}
		},
		{
			"from": [10.48293, 6.14595, 7.80625],
			"to": [12.40793, 10.82095, 7.80625],
			"rotation": {"angle": 0, "axis": "y", "origin": [-1.34207, 15.77095, 0.93125]},
			"faces": {
				"north": {"uv": [8, 3, 9, 5.25], "texture": "#1"},
				"east": {"uv": [0, 0, 0, 2.25], "texture": "#1"},
				"south": {"uv": [4, 8, 5, 10.25], "texture": "#1"},
				"west": {"uv": [0, 0, 0, 2.25], "texture": "#1"},
				"up": {"uv": [1, 0, 0, 0], "texture": "#1"},
				"down": {"uv": [1, 0, 0, 0], "texture": "#1"}
			}
		},
		{
			"from": [9.03293, 5.74595, 7.90625],
			"to": [10.95793, 10.42095, 7.90625],
			"rotation": {"angle": 22.5, "axis": "z", "origin": [11.44543, 8.48345, 7.80625]},
			"faces": {
				"north": {"uv": [5, 8, 6, 10.25], "texture": "#1"},
				"east": {"uv": [0, 0, 0, 2.25], "texture": "#1"},
				"south": {"uv": [8, 5.5, 9, 7.75], "texture": "#1"},
				"west": {"uv": [0, 0, 0, 2.25], "texture": "#1"},
				"up": {"uv": [1, 0, 0, 0], "texture": "#1"},
				"down": {"uv": [1, 0, 0, 0], "texture": "#1"}
			}
		},
		{
			"from": [-0.07258, 9.62471, 7.53125],
			"to": [2.56742, 10.44971, 8.63125],
			"rotation": {"angle": -22.5, "axis": "z", "origin": [1.68742, 10.03721, 8.08125]},
			"faces": {
				"north": {"uv": [11.5, 5.5, 12.75, 6], "texture": "#1"},
				"east": {"uv": [13.5, 11, 14, 11.5], "texture": "#1"},
				"south": {"uv": [11.5, 10.5, 12.75, 11], "texture": "#1"},
				"west": {"uv": [11.5, 13.5, 12, 14], "texture": "#1"},
				"up": {"uv": [12.75, 11.5, 11.5, 11], "texture": "#1"},
				"down": {"uv": [12.75, 11.5, 11.5, 12], "texture": "#1"}
			}
		},
		{
			"from": [6.29682, 27.58742, 7.53125],
			"to": [7.12182, 30.22742, 8.63125],
			"rotation": {"angle": 45, "axis": "z", "origin": [22.74682, 14.06242, 8.08125]},
			"faces": {
				"north": {"uv": [5.5, 11.5, 6, 12.75], "texture": "#1"},
				"east": {"uv": [6, 11.5, 6.5, 12.75], "texture": "#1"},
				"south": {"uv": [6.5, 11.5, 7, 12.75], "texture": "#1"},
				"west": {"uv": [11.5, 9, 12, 10.25], "texture": "#1"},
				"up": {"uv": [10.5, 14, 10, 13.5], "texture": "#1"},
				"down": {"uv": [14, 10.5, 13.5, 11], "texture": "#1"}
			}
		},
		{
			"from": [2.26231, 13.72742, 7.53125],
			"to": [3.08731, 15.92742, 8.63125],
			"rotation": {"angle": -45, "axis": "z", "origin": [2.03731, 14.06242, 8.08125]},
			"faces": {
				"north": {"uv": [9.5, 13, 10, 14], "texture": "#1"},
				"east": {"uv": [10.5, 13, 11, 14], "texture": "#1"},
				"south": {"uv": [13, 10.5, 13.5, 11.5], "texture": "#1"},
				"west": {"uv": [11, 13, 11.5, 14], "texture": "#1"},
				"up": {"uv": [14, 9, 13.5, 8.5], "texture": "#1"},
				"down": {"uv": [9.5, 13.5, 9, 14], "texture": "#1"}
			}
		},
		{
			"from": [2.94571, 11.2526, 7.53125],
			"to": [4.87071, 12.0776, 8.63125],
			"rotation": {"angle": 0, "axis": "y", "origin": [3.49571, 12.2151, 8.08125]},
			"faces": {
				"north": {"uv": [8.5, 13, 9.5, 13.5], "texture": "#1"},
				"east": {"uv": [13.5, 8, 14, 8.5], "texture": "#1"},
				"south": {"uv": [13, 9, 14, 9.5], "texture": "#1"},
				"west": {"uv": [8.5, 13.5, 9, 14], "texture": "#1"},
				"up": {"uv": [14, 10, 13, 9.5], "texture": "#1"},
				"down": {"uv": [14, 10, 13, 10.5], "texture": "#1"}
			}
		},
		{
			"from": [3.96231, 12.41242, 7.53125],
			"to": [4.78731, 15.16242, 8.63125],
			"rotation": {"angle": -45, "axis": "z", "origin": [2.03731, 14.06242, 8.08125]},
			"faces": {
				"north": {"uv": [11, 0, 11.5, 1.5], "texture": "#1"},
				"east": {"uv": [0.5, 11, 1, 12.5], "texture": "#1"},
				"south": {"uv": [1, 11, 1.5, 12.5], "texture": "#1"},
				"west": {"uv": [11, 1.5, 11.5, 3], "texture": "#1"},
				"up": {"uv": [14, 8, 13.5, 7.5], "texture": "#1"},
				"down": {"uv": [8.5, 13.5, 8, 14], "texture": "#1"}
			}
		},
		{
			"from": [1.48731, 11.31242, 7.53125],
			"to": [2.58731, 16.06242, 8.63125],
			"rotation": {"angle": 0, "axis": "y", "origin": [1.48731, 5.81242, 7.53125]},
			"faces": {
				"north": {"uv": [4, 10.5, 4.5, 12.75], "texture": "#1"},
				"east": {"uv": [4.5, 10.5, 5, 12.75], "texture": "#1"},
				"south": {"uv": [5, 10.5, 5.5, 12.75], "texture": "#1"},
				"west": {"uv": [10.5, 5, 11, 7.25], "texture": "#1"},
				"up": {"uv": [14, 7.5, 13.5, 7], "texture": "#1"},
				"down": {"uv": [8, 13.5, 7.5, 14], "texture": "#1"}
			}
		},
		{
			"from": [3.59207, 5.73108, 7.53125],
			"to": [4.69207, 11.73108, 8.63125],
			"rotation": {"angle": 22.5, "axis": "z", "origin": [3.59207, 6.23108, 7.53125]},
			"faces": {
				"north": {"uv": [3.5, 9.5, 4, 12.5], "texture": "#1"},
				"east": {"uv": [10, 0, 10.5, 3], "texture": "#1"},
				"south": {"uv": [9, 10, 9.5, 13], "texture": "#1"},
				"west": {"uv": [9.5, 10, 10, 13], "texture": "#1"},
				"up": {"uv": [14, 7, 13.5, 6.5], "texture": "#1"},
				"down": {"uv": [7.5, 13.5, 7, 14], "texture": "#1"}
			}
		},
		{
			"from": [2.83888, 5.71458, 6.64988],
			"to": [4.05163, 6.92733, 7.86263],
			"rotation": {"angle": 0, "axis": "y", "origin": [18.19463, 16.72933, 0.28294]},
			"faces": {
				"north": {"uv": [13.5, 3.5, 14, 4], "texture": "#1"},
				"east": {"uv": [13.5, 5, 14, 5.5], "texture": "#1"},
				"south": {"uv": [13.5, 5.5, 14, 6], "texture": "#1"},
				"west": {"uv": [6, 13.5, 6.5, 14], "texture": "#1"},
				"up": {"uv": [14, 6.5, 13.5, 6], "texture": "#1"},
				"down": {"uv": [7, 13.5, 6.5, 14], "texture": "#1"}
			}
		},
		{
			"from": [4.04207, 6.07095, 6.43125],
			"to": [5.41707, 7.44595, 7.80625],
			"rotation": {"angle": 0, "axis": "y", "origin": [17.24207, 15.77095, 0.93125]},
			"faces": {
				"north": {"uv": [12.5, 7, 13.25, 7.75], "texture": "#1"},
				"east": {"uv": [12.5, 8, 13.25, 8.75], "texture": "#1"},
				"south": {"uv": [12.5, 12, 13.25, 12.75], "texture": "#1"},
				"west": {"uv": [4, 13, 4.75, 13.75], "texture": "#1"},
				"up": {"uv": [13.75, 4.75, 13, 4], "texture": "#1"},
				"down": {"uv": [5.75, 13, 5, 13.75], "texture": "#1"}
			}
		},
		{
			"from": [3.38207, 6.98095, 6.98125],
			"to": [3.93207, 7.53095, 7.80625],
			"rotation": {"angle": -22.5, "axis": "z", "origin": [3.65707, 7.35595, 7.39375]},
			"faces": {
				"north": {"uv": [0.5, 14, 0.75, 14.25], "texture": "#1"},
				"east": {"uv": [13.5, 12.5, 14, 12.75], "texture": "#1"},
				"south": {"uv": [14, 0.5, 14.25, 0.75], "texture": "#1"},
				"west": {"uv": [13, 13.5, 13.5, 13.75], "texture": "#1"},
				"up": {"uv": [13.75, 13.5, 13.5, 13], "texture": "#1"},
				"down": {"uv": [13.75, 13.5, 13.5, 14], "texture": "#1"}
			}
		},
		{
			"from": [3.59207, 6.14595, 7.80625],
			"to": [5.51707, 10.82095, 7.80625],
			"rotation": {"angle": 0, "axis": "y", "origin": [17.34207, 15.77095, 0.93125]},
			"faces": {
				"north": {"uv": [6, 8, 7, 10.25], "texture": "#1"},
				"east": {"uv": [0, 0, 0, 2.25], "texture": "#1"},
				"south": {"uv": [7, 8, 8, 10.25], "texture": "#1"},
				"west": {"uv": [0, 0, 0, 2.25], "texture": "#1"},
				"up": {"uv": [1, 0, 0, 0], "texture": "#1"},
				"down": {"uv": [1, 0, 0, 0], "texture": "#1"}
			}
		},
		{
			"from": [-0.13413, 5.42151, 7.44875],
			"to": [3.16587, 8.63151, 8.43875],
			"rotation": {"angle": 45, "axis": "z", "origin": [1.84587, 6.65151, 8.10875]},
			"faces": {
				"north": {"uv": [0, 8, 1.75, 9.5], "texture": "#1"},
				"east": {"uv": [10.5, 10.5, 11, 12], "texture": "#1"},
				"south": {"uv": [0, 8, 1.75, 9.5], "texture": "#1"},
				"west": {"uv": [0, 11, 0.5, 12.5], "texture": "#1"},
				"up": {"uv": [7.25, 11, 5.5, 10.5], "texture": "#1"},
				"down": {"uv": [12.25, 7.5, 10.5, 8], "texture": "#1"}
			}
		},
		{
			"from": [-0.95428, 6.65151, 7.47875],
			"to": [1.37918, 8.98496, 8.40875],
			"rotation": {"angle": 0, "axis": "y", "origin": [1.02572, 8.30151, 7.94375]},
			"faces": {
				"north": {"uv": [9, 5.5, 10.25, 6.75], "texture": "#1"},
				"east": {"uv": [11.5, 1.5, 12, 2.75], "texture": "#1"},
				"south": {"uv": [10.25, 5.5, 9, 6.75], "texture": "#1"},
				"west": {"uv": [11.5, 3, 12, 4.25], "texture": "#1"},
				"up": {"uv": [12.75, 5, 11.5, 4.5], "texture": "#1"},
				"down": {"uv": [12.75, 5, 11.5, 5.5], "texture": "#1"}
			}
		},
		{
			"from": [12.83413, 5.42151, 7.44875],
			"to": [16.13413, 8.63151, 8.43875],
			"rotation": {"angle": -45, "axis": "z", "origin": [14.15413, 6.65151, 8.10875]},
			"faces": {
				"north": {"uv": [8, 1.5, 9.75, 3], "texture": "#1"},
				"east": {"uv": [11, 3, 11.5, 4.5], "texture": "#1"},
				"south": {"uv": [8, 1.5, 9.75, 3], "texture": "#1"},
				"west": {"uv": [11, 4.5, 11.5, 6], "texture": "#1"},
				"up": {"uv": [12.25, 8.5, 10.5, 8], "texture": "#1"},
				"down": {"uv": [12.25, 8.5, 10.5, 9], "texture": "#1"}
			}
		},
		{
			"from": [14.62082, 6.65151, 7.47875],
			"to": [16.95428, 8.98496, 8.40875],
			"rotation": {"angle": 0, "axis": "y", "origin": [14.97428, 8.30151, 7.94375]},
			"faces": {
				"north": {"uv": [9, 8.5, 10.25, 9.75], "texture": "#1"},
				"east": {"uv": [12, 0, 12.5, 1.25], "texture": "#1"},
				"south": {"uv": [9, 5.5, 10.25, 6.75], "texture": "#1"},
				"west": {"uv": [12, 1.5, 12.5, 2.75], "texture": "#1"},
				"up": {"uv": [13.25, 3.5, 12, 3], "texture": "#1"},
				"down": {"uv": [13.25, 3.5, 12, 4], "texture": "#1"}
			}
		},
		{
			"from": [5.04207, 5.74595, 7.90625],
			"to": [6.96707, 10.42095, 7.90625],
			"rotation": {"angle": -22.5, "axis": "z", "origin": [4.55457, 8.48345, 7.80625]},
			"faces": {
				"north": {"uv": [8, 8, 9, 10.25], "texture": "#1"},
				"east": {"uv": [0, 0, 0, 2.25], "texture": "#1"},
				"south": {"uv": [9, 3, 10, 5.25], "texture": "#1"},
				"west": {"uv": [0, 0, 0, 2.25], "texture": "#1"},
				"up": {"uv": [1, 0, 0, 0], "texture": "#1"},
				"down": {"uv": [1, 0, 0, 0], "texture": "#1"}
			}
		},
		{
			"from": [0.375, 4.89032, 7.375],
			"to": [15.625, 6.14032, 8.625],
			"rotation": {"angle": 0, "axis": "y", "origin": [19.375, 23.14032, 2.375]},
			"faces": {
				"north": {"uv": [0, 0, 7.75, 0.75], "texture": "#1"},
				"east": {"uv": [1, 12.5, 1.75, 13.25], "texture": "#1"},
				"south": {"uv": [0, 1, 7.75, 1.75], "texture": "#1"},
				"west": {"uv": [12.5, 1, 13.25, 1.75], "texture": "#1"},
				"up": {"uv": [7.75, 2.75, 0, 2], "texture": "#1"},
				"down": {"uv": [7.75, 3, 0, 3.75], "texture": "#1"}
			}
		},
		{
			"from": [14.375, -2.85968, 7.375],
			"to": [15.625, 5.14032, 8.625],
			"rotation": {"angle": 0, "axis": "y", "origin": [19.375, 18.64032, 2.375]},
			"faces": {
				"north": {"uv": [0, 4, 0.75, 8], "texture": "#1"},
				"east": {"uv": [1, 4, 1.75, 8], "texture": "#1"},
				"south": {"uv": [2, 4, 2.75, 8], "texture": "#1"},
				"west": {"uv": [3, 4, 3.75, 8], "texture": "#1"},
				"up": {"uv": [2.75, 13.25, 2, 12.5], "texture": "#1"},
				"down": {"uv": [13.25, 2, 12.5, 2.75], "texture": "#1"}
			}
		},
		{
			"from": [0.375, -2.85968, 7.375],
			"to": [1.625, 5.14032, 8.625],
			"rotation": {"angle": 0, "axis": "y", "origin": [19.125, 18.64032, 2.375]},
			"faces": {
				"north": {"uv": [4, 4, 4.75, 8], "texture": "#1"},
				"east": {"uv": [5, 4, 5.75, 8], "texture": "#1"},
				"south": {"uv": [6, 4, 6.75, 8], "texture": "#1"},
				"west": {"uv": [7, 4, 7.75, 8], "texture": "#1"},
				"up": {"uv": [3.75, 13.25, 3, 12.5], "texture": "#1"},
				"down": {"uv": [13.25, 6, 12.5, 6.75], "texture": "#1"}
			}
		}
	],
	"gui_light": "front",
	"display": {
		"thirdperson_righthand": {
			"rotation": [75, 45, 0],
			"translation": [0, 2.5, 0],
			"scale": [0.375, 0.375, 0.375]
		},
		"thirdperson_lefthand": {
			"rotation": [75, 45, 0],
			"translation": [0, 2.5, 0],
			"scale": [0.375, 0.375, 0.375]
		},
		"firstperson_righthand": {
			"rotation": [0, 45, 0],
			"scale": [0.4, 0.4, 0.4]
		},
		"firstperson_lefthand": {
			"rotation": [0, 225, 0],
			"scale": [0.4, 0.4, 0.4]
		},
		"ground": {
			"translation": [0, 3, 0],
			"scale": [0.6, 0.6, 0.6]
		},
		"gui": {
			"rotation": [30, 225, 0],
			"translation": [0, 1, 0],
			"scale": [0.625, 0.625, 0.625]
		},
		"head": {
			"translation": [0, 8.5, -2.25],
			"scale": [0.92, 0.92, 0.92]
		},
		"fixed": {
			"translation": [0, 1.25, 0],
			"scale": [0.8, 0.8, 0.8]
		}
	},
	"groups": [
		{
			"name": "christmas_reindeer_headband",
			"origin": [8, 8, 8],
			"color": 0,
			"children": [
				{
					"name": "group",
					"origin": [8, 8, 8],
					"color": 0,
					"children": [
						{
							"name": "group",
							"origin": [13, 6, 6],
							"color": 0,
							"children": [0, 1, 2, 3, 4, 5, 6, 7, 8, 9, 10, 11, 12, 13, 14, 15, 16, 17, 18, 19, 20, 21, 22, 23, 24, 25, 26, 27, 28, 29, 30]
						}
					]
				}
			]
		}
	]
}