{
	"credit": "Made with Blockbench",
	"textures": {
		"0": "items/hat/scarf",
		"particle": "items/hat/scarf"
	},
	"elements": [
		{
			"from": [1, 6, 1],
			"to": [15, 10, 15],
			"rotation": {"angle": 0, "axis": "y", "origin": [1, 6, 1]},
			"faces": {
				"north": {"uv": [7, 0, 14, 2], "texture": "#0"},
				"east": {"uv": [7, 2, 14, 4], "texture": "#0"},
				"south": {"uv": [7, 4, 14, 6], "texture": "#0"},
				"west": {"uv": [7, 6, 14, 8], "texture": "#0"},
				"up": {"uv": [7, 7, 0, 0], "texture": "#0"},
				"down": {"uv": [7, 0, 0, 7], "texture": "#0"}
			}
		},
		{
			"from": [1.75, 1, 1],
			"to": [5.75, 6, 1.75],
			"rotation": {"angle": 0, "axis": "y", "origin": [1, 6, 1]},
			"faces": {
				"north": {"uv": [7, 8, 9, 10.5], "texture": "#0"},
				"east": {"uv": [11, 8, 11.5, 10.5], "texture": "#0"},
				"south": {"uv": [9, 8, 11, 10.5], "texture": "#0"},
				"west": {"uv": [11, 10.5, 11.5, 13], "texture": "#0"},
				"up": {"uv": [13.5, 8.5, 11.5, 8], "texture": "#0"},
				"down": {"uv": [13.5, 8.5, 11.5, 9], "texture": "#0"}
			}
		},
		{
			"from": [1.75, -2, 1],
			"to": [5.75, 1, 1],
			"rotation": {"angle": 0, "axis": "y", "origin": [1, 6, 1]},
			"faces": {
				"north": {"uv": [7, 10.5, 9, 12], "texture": "#0"},
				"east": {"uv": [0, 0, 0, 1.5], "texture": "#0"},
				"south": {"uv": [9, 10.5, 7, 12], "texture": "#0"},
				"west": {"uv": [0, 0, 0, 1.5], "texture": "#0"},
				"up": {"uv": [2, 0, 0, 0], "texture": "#0"},
				"down": {"uv": [2, 0, 0, 0], "texture": "#0"}
			}
		}
	],
	"gui_light": "front",
	"display": {
		"thirdperson_righthand": {
			"rotation": [75, 45, 0],
			"translation": [0, 2.5, 0],
			"scale": [0.375, 0.375, 0.375]
		},
		"thirdperson_lefthand": {
			"rotation": [75, 45, 0],
			"translation": [0, 2.5, 0],
			"scale": [0.375, 0.375, 0.375]
		},
		"firstperson_righthand": {
			"rotation": [0, 45, 0],
			"scale": [0.4, 0.4, 0.4]
		},
		"firstperson_lefthand": {
			"rotation": [0, 225, 0],
			"scale": [0.4, 0.4, 0.4]
		},
		"ground": {
			"translation": [0, 3, 0],
			"scale": [0.25, 0.25, 0.25]
		},
		"gui": {
			"rotation": [30, 225, 0],
			"translation": [0, 0.75, 0],
			"scale": [0.7, 0.7, 0.7]
		},
		"head": {
			"translation": [0, -7.5, 0],
			"scale": [1.06, 1.06, 1.06]
		},
		"fixed": {
			"scale": [0.7, 0.7, 0.7]
		}
	},
	"groups": [
		{
			"name": "scarf",
			"origin": [8, 8, 8],
			"color": 0,
			"children": [
				{
					"name": "group",
					"origin": [8, 8, 8],
					"color": 0,
					"children": [0, 1, 2]
				}
			]
		}
	]
}