{
	"credit": "Made with Blockbench",
	"texture_size": [32, 32],
	"textures": {
		"2": "items/hat/soft_rudolph_headband",
		"particle": "items/hat/soft_rudolph_headband_two"
	},
	"elements": [
		{
			"from": [0.25, -4.77716, 7.25],
			"to": [2, 5.47284, 10.25],
			"rotation": {"angle": 0, "axis": "y", "origin": [0, -4.77716, 7.75]},
			"faces": {
				"north": {"uv": [6, 2, 7, 7], "texture": "#2"},
				"east": {"uv": [0, 3, 1.5, 8], "texture": "#2"},
				"south": {"uv": [7, 2, 8, 7], "texture": "#2"},
				"west": {"uv": [1.5, 3, 3, 8], "texture": "#2"},
				"up": {"uv": [14, 6.5, 13, 5], "texture": "#2"},
				"down": {"uv": [14, 6.5, 13, 8], "texture": "#2"}
			}
		},
		{
			"from": [-1.8802, 5.63032, 7.25],
			"to": [-0.1302, 8.1052, 10.25],
			"rotation": {"angle": -45, "axis": "z", "origin": [-1.0052, 2.9802, 8.75]},
			"faces": {
				"north": {"uv": [11, 14, 12, 15], "texture": "#2"},
				"east": {"uv": [13, 11.5, 14.5, 12.5], "texture": "#2"},
				"south": {"uv": [12, 14, 13, 15], "texture": "#2"},
				"west": {"uv": [13, 12.5, 14.5, 13.5], "texture": "#2"},
				"up": {"uv": [1, 15, 0, 13.5], "texture": "#2"},
				"down": {"uv": [2, 13.5, 1, 15], "texture": "#2"}
			}
		},
		{
			"from": [16.1302, 5.63032, 7.25],
			"to": [17.8802, 8.1052, 10.25],
			"rotation": {"angle": 45, "axis": "z", "origin": [17.0052, 2.9802, 8.75]},
			"faces": {
				"north": {"uv": [14, 13.5, 15, 14.5], "texture": "#2"},
				"east": {"uv": [2, 13.5, 3.5, 14.5], "texture": "#2"},
				"south": {"uv": [2, 14.5, 3, 15.5], "texture": "#2"},
				"west": {"uv": [3.5, 13.5, 5, 14.5], "texture": "#2"},
				"up": {"uv": [6, 15, 5, 13.5], "texture": "#2"},
				"down": {"uv": [14, 13.5, 13, 15], "texture": "#2"}
			}
		},
		{
			"from": [14, -4.77716, 7.25],
			"to": [15.75, 5.47284, 10.25],
			"rotation": {"angle": 0, "axis": "y", "origin": [0, -4.77716, 7.75]},
			"faces": {
				"north": {"uv": [6, 7, 7, 12], "texture": "#2"},
				"east": {"uv": [3, 3, 4.5, 8], "texture": "#2"},
				"south": {"uv": [7, 7, 8, 12], "texture": "#2"},
				"west": {"uv": [4.5, 3, 6, 8], "texture": "#2"},
				"up": {"uv": [9, 14.5, 8, 13], "texture": "#2"},
				"down": {"uv": [14, 8, 13, 9.5], "texture": "#2"}
			}
		},
		{
			"from": [2, 5.47284, 7.25],
			"to": [14, 7.22284, 10.25],
			"rotation": {"angle": 0, "axis": "y", "origin": [0, -4.77716, 7.75]},
			"faces": {
				"north": {"uv": [6, 0, 12, 1], "texture": "#2"},
				"east": {"uv": [13, 9.5, 14.5, 10.5], "texture": "#2"},
				"south": {"uv": [6, 1, 12, 2], "texture": "#2"},
				"west": {"uv": [13, 10.5, 14.5, 11.5], "texture": "#2"},
				"up": {"uv": [6, 1.5, 0, 0], "texture": "#2"},
				"down": {"uv": [6, 1.5, 0, 3], "texture": "#2"}
			}
		},
		{
			"from": [6.25, 6.47284, 5.5],
			"to": [9.75, 9.97284, 9],
			"rotation": {"angle": 0, "axis": "y", "origin": [0, -4.77716, 7.75]},
			"faces": {
				"north": {"uv": [9, 2, 11, 4], "texture": "#2"},
				"east": {"uv": [9, 4, 11, 6], "texture": "#2"},
				"south": {"uv": [9, 6, 11, 8], "texture": "#2"},
				"west": {"uv": [9, 8, 11, 10], "texture": "#2"},
				"up": {"uv": [11, 12, 9, 10], "texture": "#2"},
				"down": {"uv": [13, 2, 11, 4], "texture": "#2"}
			}
		},
		{
			"from": [3.525, 7.83411, 7.925],
			"to": [5.175, 16.63411, 9.575],
			"rotation": {"angle": 22.5, "axis": "z", "origin": [8.75, 8.93411, 8.75]},
			"faces": {
				"north": {"uv": [0, 8, 1, 12.5], "texture": "#2"},
				"east": {"uv": [1, 8, 2, 12.5], "texture": "#2"},
				"south": {"uv": [2, 8, 3, 12.5], "texture": "#2"},
				"west": {"uv": [8, 2, 9, 6.5], "texture": "#2"},
				"up": {"uv": [10, 15, 9, 14], "texture": "#2"},
				"down": {"uv": [11, 14, 10, 15], "texture": "#2"}
			}
		},
		{
			"from": [-2.01916, 12.8078, 7.925],
			"to": [-0.36916, 17.2078, 9.575],
			"rotation": {"angle": 45, "axis": "z", "origin": [-1.19416, 17.2078, 8.75]},
			"faces": {
				"north": {"uv": [8, 11, 9, 13], "texture": "#2"},
				"east": {"uv": [12, 0, 13, 2], "texture": "#2"},
				"south": {"uv": [6, 12, 7, 14], "texture": "#2"},
				"west": {"uv": [7, 12, 8, 14], "texture": "#2"},
				"up": {"uv": [15, 8, 14, 7], "texture": "#2"},
				"down": {"uv": [15, 8, 14, 9], "texture": "#2"}
			}
		},
		{
			"from": [-1.14698, 12.49371, 7.925],
			"to": [3.25302, 14.14371, 9.575],
			"rotation": {"angle": -22.5, "axis": "z", "origin": [-1.97198, 13.31871, 8.75]},
			"faces": {
				"north": {"uv": [11, 8, 13, 9], "texture": "#2"},
				"east": {"uv": [14, 6, 15, 7], "texture": "#2"},
				"south": {"uv": [11, 9, 13, 10], "texture": "#2"},
				"west": {"uv": [7, 14, 8, 15], "texture": "#2"},
				"up": {"uv": [13, 11, 11, 10], "texture": "#2"},
				"down": {"uv": [13, 11, 11, 12], "texture": "#2"}
			}
		},
		{
			"from": [1.60302, 9.74371, 7.925],
			"to": [6.00302, 11.39371, 9.575],
			"rotation": {"angle": -22.5, "axis": "z", "origin": [-1.97198, 13.31871, 8.75]},
			"faces": {
				"north": {"uv": [11, 4, 13, 5], "texture": "#2"},
				"east": {"uv": [14, 5, 15, 6], "texture": "#2"},
				"south": {"uv": [11, 5, 13, 6], "texture": "#2"},
				"west": {"uv": [6, 14, 7, 15], "texture": "#2"},
				"up": {"uv": [13, 7, 11, 6], "texture": "#2"},
				"down": {"uv": [13, 7, 11, 8], "texture": "#2"}
			}
		},
		{
			"from": [9.99698, 9.74371, 7.925],
			"to": [14.39698, 11.39371, 9.575],
			"rotation": {"angle": 22.5, "axis": "z", "origin": [17.97198, 13.31871, 8.75]},
			"faces": {
				"north": {"uv": [13, 1, 15, 2], "texture": "#2"},
				"east": {"uv": [14.5, 12, 15.5, 13], "texture": "#2"},
				"south": {"uv": [13, 2, 15, 3], "texture": "#2"},
				"west": {"uv": [14, 14.5, 15, 15.5], "texture": "#2"},
				"up": {"uv": [15, 4, 13, 3], "texture": "#2"},
				"down": {"uv": [15, 4, 13, 5], "texture": "#2"}
			}
		},
		{
			"from": [12.74698, 12.49371, 7.925],
			"to": [17.14698, 14.14371, 9.575],
			"rotation": {"angle": 22.5, "axis": "z", "origin": [17.97198, 13.31871, 8.75]},
			"faces": {
				"north": {"uv": [0, 12.5, 2, 13.5], "texture": "#2"},
				"east": {"uv": [14.5, 10, 15.5, 11], "texture": "#2"},
				"south": {"uv": [2, 12.5, 4, 13.5], "texture": "#2"},
				"west": {"uv": [14.5, 11, 15.5, 12], "texture": "#2"},
				"up": {"uv": [6, 13.5, 4, 12.5], "texture": "#2"},
				"down": {"uv": [15, 0, 13, 1], "texture": "#2"}
			}
		},
		{
			"from": [16.36916, 12.8078, 7.925],
			"to": [18.01916, 17.2078, 9.575],
			"rotation": {"angle": -45, "axis": "z", "origin": [17.19416, 17.2078, 8.75]},
			"faces": {
				"north": {"uv": [9, 12, 10, 14], "texture": "#2"},
				"east": {"uv": [10, 12, 11, 14], "texture": "#2"},
				"south": {"uv": [11, 12, 12, 14], "texture": "#2"},
				"west": {"uv": [12, 12, 13, 14], "texture": "#2"},
				"up": {"uv": [9, 15.5, 8, 14.5], "texture": "#2"},
				"down": {"uv": [15.5, 9, 14.5, 10], "texture": "#2"}
			}
		},
		{
			"from": [10.825, 7.83411, 7.925],
			"to": [12.475, 16.63411, 9.575],
			"rotation": {"angle": -22.5, "axis": "z", "origin": [7.25, 8.93411, 8.75]},
			"faces": {
				"north": {"uv": [3, 8, 4, 12.5], "texture": "#2"},
				"east": {"uv": [4, 8, 5, 12.5], "texture": "#2"},
				"south": {"uv": [5, 8, 6, 12.5], "texture": "#2"},
				"west": {"uv": [8, 6.5, 9, 11], "texture": "#2"},
				"up": {"uv": [4, 15.5, 3, 14.5], "texture": "#2"},
				"down": {"uv": [5, 14.5, 4, 15.5], "texture": "#2"}
			}
		}
	],
	"gui_light": "front",
	"display": {
		"thirdperson_righthand": {
			"rotation": [75, 45, 0],
			"translation": [0, 2.5, 0],
			"scale": [0.375, 0.375, 0.375]
		},
		"thirdperson_lefthand": {
			"rotation": [75, 45, 0],
			"translation": [0, 2.5, 0],
			"scale": [0.375, 0.375, 0.375]
		},
		"firstperson_righthand": {
			"rotation": [0, 45, 0],
			"scale": [0.4, 0.4, 0.4]
		},
		"firstperson_lefthand": {
			"rotation": [0, 225, 0],
			"scale": [0.4, 0.4, 0.4]
		},
		"ground": {
			"scale": [0.8, 0.8, 0.8]
		},
		"gui": {
			"rotation": [30, 225, 0],
			"translation": [0, 0.5, 0],
			"scale": [0.59, 0.59, 0.59]
		},
		"head": {
			"translation": [0, 8.5, -2.5]
		},
		"fixed": {
			"translation": [0, 1.5, 0],
			"scale": [0.8, 0.8, 0.8]
		}
	},
	"groups": [
		{
			"name": "group",
			"origin": [8, 8, 8],
			"color": 0,
			"children": [0, 1, 2, 3, 4, 5, 6, 7, 8, 9, 10, 11, 12, 13]
		}
	]
}