{
	"credit": "Made with Blockbench",
	"texture_size": [64, 64],
	"textures": {
		"0": "items/hat/santa_hat_headband",
		"particle": "items/hat/santa_hat_headband"
	},
	"elements": [
		{
			"from": [0.25, -5.74721, 7.25],
			"to": [1, 4.25279, 8.75],
			"rotation": {"angle": 0, "axis": "y", "origin": [8, 1.50279, 8]},
			"faces": {
				"north": {"uv": [5, 0.25, 5.25, 2.75], "texture": "#0"},
				"east": {"uv": [0, 2.5, 0.5, 5], "texture": "#0"},
				"south": {"uv": [0, 5.25, 0.25, 7.75], "texture": "#0"},
				"west": {"uv": [0.5, 2.5, 1, 5], "texture": "#0"},
				"up": {"uv": [3.5, 1.5, 3.25, 1], "texture": "#0"},
				"down": {"uv": [6.5, 2.75, 6.25, 3.25], "texture": "#0"}
			}
		},
		{
			"from": [15, -5.74721, 7.25],
			"to": [15.75, 4.25279, 8.75],
			"rotation": {"angle": 0, "axis": "y", "origin": [8, 1.50279, 8]},
			"faces": {
				"north": {"uv": [0.25, 5.25, 0.5, 7.75], "texture": "#0"},
				"east": {"uv": [1, 2.5, 1.5, 5], "texture": "#0"},
				"south": {"uv": [5.25, 0.25, 5.5, 2.75], "texture": "#0"},
				"west": {"uv": [1.5, 2.5, 2, 5], "texture": "#0"},
				"up": {"uv": [4.75, 6.75, 4.5, 6.25], "texture": "#0"},
				"down": {"uv": [5, 6.25, 4.75, 6.75], "texture": "#0"}
			}
		},
		{
			"from": [1, 3.25279, 7.25],
			"to": [15, 4.25279, 8.75],
			"rotation": {"angle": 0, "axis": "y", "origin": [8, 1.50279, 8]},
			"faces": {
				"north": {"uv": [0, 5, 3.5, 5.25], "texture": "#0"},
				"east": {"uv": [5, 6.25, 5.5, 6.5], "texture": "#0"},
				"south": {"uv": [5, 0, 8.5, 0.25], "texture": "#0"},
				"west": {"uv": [6.25, 5, 6.75, 5.25], "texture": "#0"},
				"up": {"uv": [3.5, 2, 0, 1.5], "texture": "#0"},
				"down": {"uv": [3.5, 2, 0, 2.5], "texture": "#0"}
			}
		},
		{
			"from": [3.25, 4.2915, 6.65],
			"to": [12.75, 6.0915, 9.35],
			"rotation": {"angle": 0, "axis": "y", "origin": [8, 5.1915, 7.775]},
			"faces": {
				"north": {"uv": [2.5, 0, 5, 0.5], "texture": "#0"},
				"east": {"uv": [2.5, 1, 3.25, 1.5], "texture": "#0"},
				"south": {"uv": [2.5, 0.5, 5, 1], "texture": "#0"},
				"west": {"uv": [5.5, 2.25, 6.25, 2.75], "texture": "#0"},
				"up": {"uv": [2.5, 0.75, 0, 0], "texture": "#0"},
				"down": {"uv": [2.5, 0.75, 0, 1.5], "texture": "#0"}
			}
		},
		{
			"from": [5.3, 6.0915, 6.9],
			"to": [10.7, 9.6915, 9.1],
			"rotation": {"angle": 0, "axis": "y", "origin": [8, 5.1915, 7.775]},
			"faces": {
				"north": {"uv": [4.5, 3.5, 5.75, 4.5], "texture": "#0"},
				"east": {"uv": [5.5, 0.25, 6, 1.25], "texture": "#0"},
				"south": {"uv": [4.5, 4.5, 5.75, 5.5], "texture": "#0"},
				"west": {"uv": [5.5, 1.25, 6, 2.25], "texture": "#0"},
				"up": {"uv": [6.25, 3.25, 5, 2.75], "texture": "#0"},
				"down": {"uv": [1.75, 5.25, 0.5, 5.75], "texture": "#0"}
			}
		},
		{
			"from": [6.65, 9.6915, 6.9],
			"to": [9.35, 12.3915, 9.1],
			"rotation": {"angle": 0, "axis": "y", "origin": [8, 5.1915, 7.775]},
			"faces": {
				"north": {"uv": [1.75, 5.25, 2.5, 6], "texture": "#0"},
				"east": {"uv": [4.5, 5.5, 5, 6.25], "texture": "#0"},
				"south": {"uv": [2.5, 5.25, 3.25, 6], "texture": "#0"},
				"west": {"uv": [5, 5.5, 5.5, 6.25], "texture": "#0"},
				"up": {"uv": [6.25, 6, 5.5, 5.5], "texture": "#0"},
				"down": {"uv": [1.25, 5.75, 0.5, 6.25], "texture": "#0"}
			}
		},
		{
			"from": [9.04643, 5.40455, 6.9],
			"to": [10.84643, 15.30455, 9.1],
			"rotation": {"angle": 22.5, "axis": "z", "origin": [9.94643, 9.90455, 7.775]},
			"faces": {
				"north": {"uv": [2, 2.5, 2.5, 5], "texture": "#0"},
				"east": {"uv": [2.5, 2.5, 3, 5], "texture": "#0"},
				"south": {"uv": [3, 2.5, 3.5, 5], "texture": "#0"},
				"west": {"uv": [3.5, 1, 4, 3.5], "texture": "#0"},
				"up": {"uv": [1.75, 6.25, 1.25, 5.75], "texture": "#0"},
				"down": {"uv": [6.25, 4.25, 5.75, 4.75], "texture": "#0"}
			}
		},
		{
			"from": [5.15357, 5.40455, 6.9],
			"to": [6.95357, 15.30455, 9.1],
			"rotation": {"angle": -22.5, "axis": "z", "origin": [6.05357, 9.90455, 7.775]},
			"faces": {
				"north": {"uv": [3.5, 3.5, 4, 6], "texture": "#0"},
				"east": {"uv": [4, 1, 4.5, 3.5], "texture": "#0"},
				"south": {"uv": [4, 3.5, 4.5, 6], "texture": "#0"},
				"west": {"uv": [4.5, 1, 5, 3.5], "texture": "#0"},
				"up": {"uv": [6.25, 5.25, 5.75, 4.75], "texture": "#0"},
				"down": {"uv": [6.5, 0.25, 6, 0.75], "texture": "#0"}
			}
		},
		{
			"name": "octagon",
			"from": [8.27, 15.61526, 6.6975],
			"to": [9.35, 16.73364, 9.3025],
			"rotation": {"angle": 45, "axis": "z", "origin": [8, 16.17445, 8.6975]},
			"faces": {
				"north": {"uv": [5.75, 6.25, 6, 6.5], "texture": "#0"},
				"east": {"uv": [5, 3.25, 5.75, 3.5], "texture": "#0"},
				"south": {"uv": [6, 6.25, 6.25, 6.5], "texture": "#0"},
				"west": {"uv": [5.75, 5.25, 6.5, 5.5], "texture": "#0"},
				"up": {"uv": [3.5, 6, 3.25, 5.25], "texture": "#0"},
				"down": {"uv": [6.25, 0.75, 6, 1.5], "texture": "#0"}
			}
		},
		{
			"name": "octagon",
			"from": [8.27, 15.61526, 6.6975],
			"to": [9.35, 16.73364, 9.3025],
			"rotation": {"angle": 0, "axis": "y", "origin": [8, 16.17445, 8.6975]},
			"faces": {
				"north": {"uv": [6.25, 6, 6.5, 6.25], "texture": "#0"},
				"east": {"uv": [6, 1.5, 6.75, 1.75], "texture": "#0"},
				"south": {"uv": [6.25, 6.25, 6.5, 6.5], "texture": "#0"},
				"west": {"uv": [1.75, 6, 2.5, 6.25], "texture": "#0"},
				"up": {"uv": [2.75, 6.75, 2.5, 6], "texture": "#0"},
				"down": {"uv": [3, 6, 2.75, 6.75], "texture": "#0"}
			}
		},
		{
			"name": "octagon",
			"from": [6.65, 15.61526, 6.6975],
			"to": [7.73, 16.73364, 9.3025],
			"rotation": {"angle": 45, "axis": "z", "origin": [8, 16.17445, 8.6975]},
			"faces": {
				"north": {"uv": [6.5, 0.25, 6.75, 0.5], "texture": "#0"},
				"east": {"uv": [6, 1.75, 6.75, 2], "texture": "#0"},
				"south": {"uv": [6.5, 0.5, 6.75, 0.75], "texture": "#0"},
				"west": {"uv": [6, 2, 6.75, 2.25], "texture": "#0"},
				"up": {"uv": [3.25, 6.75, 3, 6], "texture": "#0"},
				"down": {"uv": [3.5, 6, 3.25, 6.75], "texture": "#0"}
			}
		},
		{
			"name": "octagon",
			"from": [6.65, 15.61526, 6.6975],
			"to": [7.73, 16.73364, 9.3025],
			"rotation": {"angle": 0, "axis": "y", "origin": [8, 16.17445, 8.6975]},
			"faces": {
				"north": {"uv": [0.75, 6.5, 1, 6.75], "texture": "#0"},
				"east": {"uv": [3.5, 6, 4.25, 6.25], "texture": "#0"},
				"south": {"uv": [1, 6.5, 1.25, 6.75], "texture": "#0"},
				"west": {"uv": [5.5, 6, 6.25, 6.25], "texture": "#0"},
				"up": {"uv": [4.5, 6.75, 4.25, 6], "texture": "#0"},
				"down": {"uv": [0.75, 6.25, 0.5, 7], "texture": "#0"}
			}
		},
		{
			"name": "octagon",
			"from": [7.44081, 14.82445, 6.6975],
			"to": [8.55919, 15.90445, 9.3025],
			"rotation": {"angle": 45, "axis": "z", "origin": [8, 16.17445, 8.6975]},
			"faces": {
				"north": {"uv": [1.25, 6.5, 1.5, 6.75], "texture": "#0"},
				"east": {"uv": [0.75, 6.25, 1.5, 6.5], "texture": "#0"},
				"south": {"uv": [6.5, 2.75, 6.75, 3], "texture": "#0"},
				"west": {"uv": [6.25, 0.75, 7, 1], "texture": "#0"},
				"up": {"uv": [1.75, 7, 1.5, 6.25], "texture": "#0"},
				"down": {"uv": [2, 6.25, 1.75, 7], "texture": "#0"}
			}
		},
		{
			"name": "octagon",
			"from": [7.44081, 14.82445, 6.6975],
			"to": [8.55919, 15.90445, 9.3025],
			"rotation": {"angle": 0, "axis": "y", "origin": [8, 16.17445, 8.6975]},
			"faces": {
				"north": {"uv": [6.5, 3, 6.75, 3.25], "texture": "#0"},
				"east": {"uv": [6.25, 1, 7, 1.25], "texture": "#0"},
				"south": {"uv": [6.5, 3.25, 6.75, 3.5], "texture": "#0"},
				"west": {"uv": [6.25, 1.25, 7, 1.5], "texture": "#0"},
				"up": {"uv": [2.25, 7, 2, 6.25], "texture": "#0"},
				"down": {"uv": [2.5, 6.25, 2.25, 7], "texture": "#0"}
			}
		},
		{
			"name": "octagon",
			"from": [7.44081, 16.44445, 6.6975],
			"to": [8.55919, 17.52445, 9.3025],
			"rotation": {"angle": 45, "axis": "z", "origin": [8, 16.17445, 8.6975]},
			"faces": {
				"north": {"uv": [6.5, 3.5, 6.75, 3.75], "texture": "#0"},
				"east": {"uv": [6.25, 2.25, 7, 2.5], "texture": "#0"},
				"south": {"uv": [6.5, 3.75, 6.75, 4], "texture": "#0"},
				"west": {"uv": [6.25, 2.5, 7, 2.75], "texture": "#0"},
				"up": {"uv": [3.75, 7, 3.5, 6.25], "texture": "#0"},
				"down": {"uv": [4, 6.25, 3.75, 7], "texture": "#0"}
			}
		},
		{
			"name": "octagon",
			"from": [7.44081, 15.54445, 6.6975],
			"to": [8.55919, 17.52445, 9.3025],
			"rotation": {"angle": 0, "axis": "y", "origin": [8, 16.17445, 8.6975]},
			"faces": {
				"north": {"uv": [5.5, 6.25, 5.75, 6.75], "texture": "#0"},
				"east": {"uv": [5.75, 3.25, 6.5, 3.75], "texture": "#0"},
				"south": {"uv": [6.25, 5.5, 6.5, 6], "texture": "#0"},
				"west": {"uv": [5.75, 3.75, 6.5, 4.25], "texture": "#0"},
				"up": {"uv": [4.25, 7, 4, 6.25], "texture": "#0"},
				"down": {"uv": [6.5, 4.25, 6.25, 5], "texture": "#0"}
			}
		}
	],
	"gui_light": "front",
	"display": {
		"thirdperson_righthand": {
			"rotation": [75, 45, 0],
			"translation": [0, 2.5, 0],
			"scale": [0.375, 0.375, 0.375]
		},
		"thirdperson_lefthand": {
			"rotation": [75, 45, 0],
			"translation": [0, 2.5, 0],
			"scale": [0.375, 0.375, 0.375]
		},
		"firstperson_righthand": {
			"rotation": [0, 45, 0],
			"scale": [0.4, 0.4, 0.4]
		},
		"firstperson_lefthand": {
			"rotation": [0, 225, 0],
			"scale": [0.4, 0.4, 0.4]
		},
		"ground": {
			"translation": [0, 3, 0],
			"scale": [0.8, 0.8, 0.8]
		},
		"gui": {
			"rotation": [30, 225, 0],
			"translation": [0, 1.75, 0],
			"scale": [0.625, 0.625, 0.625]
		},
		"head": {
			"translation": [0, 10.25, -2],
			"scale": [0.9, 0.9, 0.9]
		},
		"fixed": {
			"translation": [0, 1.5, 0],
			"scale": [0.8, 0.8, 0.8]
		}
	},
	"groups": [
		{
			"name": "group",
			"origin": [8, 8, 8],
			"color": 0,
			"children": [0, 1, 2, 3, 4, 5, 6, 7]
		},
		{
			"name": "octagon",
			"origin": [7.25, 8, 10.125],
			"color": 0,
			"children": [8, 9, 10, 11, 12, 13, 14, 15]
		}
	]
}