{
	"credit": "Made with Blockbench",
	"texture_size": [32, 32],
	"textures": {
		"1": "items/hat/christmas_glasses"
	},
	"elements": [
		{
			"name": "octagon",
			"from": [7.31447, 8, 10],
			"to": [8.68553, 8.5, 10.5],
			"rotation": {"angle": 0, "axis": "x", "origin": [8, 8, 8]},
			"faces": {
				"north": {"uv": [3, 7, 3.5, 7.5], "texture": "#1"},
				"east": {"uv": [7, 3, 7.5, 3.5], "texture": "#1"},
				"south": {"uv": [3.5, 7, 4, 7.5], "texture": "#1"},
				"west": {"uv": [7, 3.5, 7.5, 4], "texture": "#1"},
				"up": {"uv": [4.5, 7.5, 4, 7], "texture": "#1"},
				"down": {"uv": [7.5, 4, 7, 4.5], "texture": "#1"}
			}
		},
		{
			"name": "octagon",
			"from": [6.825, 6.96447, 10],
			"to": [7.325, 9.03553, 10.5],
			"rotation": {"angle": 45, "axis": "z", "origin": [4.825, 8, 8]},
			"faces": {
				"north": {"uv": [5, 0, 5.5, 1], "texture": "#1"},
				"east": {"uv": [1, 5, 1.5, 6], "texture": "#1"},
				"south": {"uv": [5, 1, 5.5, 2], "texture": "#1"},
				"west": {"uv": [1.5, 5, 2, 6], "texture": "#1"},
				"up": {"uv": [3, 7.5, 2.5, 7], "texture": "#1"},
				"down": {"uv": [7.5, 2.5, 7, 3], "texture": "#1"}
			}
		},
		{
			"name": "octagon",
			"from": [3.30414, 10.5868, 10.075],
			"to": [3.85414, 11.87497, 10.425],
			"rotation": {"angle": 22.5, "axis": "z", "origin": [4.67914, 11.39589, 10.25]},
			"faces": {
				"north": {"uv": [5, 7, 5.5, 7.5], "texture": "#1"},
				"east": {"uv": [7, 5, 7.5, 5.5], "texture": "#1"},
				"south": {"uv": [5.5, 7, 6, 7.5], "texture": "#1"},
				"west": {"uv": [7, 5.5, 7.5, 6], "texture": "#1"},
				"up": {"uv": [6.5, 7.5, 6, 7], "texture": "#1"},
				"down": {"uv": [7.5, 6, 7, 6.5], "texture": "#1"}
			}
		},
		{
			"name": "octagon",
			"from": [3.54467, 10.32678, 9.5],
			"to": [4.14467, 10.92678, 10.1],
			"rotation": {"angle": 45, "axis": "z", "origin": [4.29467, 11.21231, 10.25]},
			"faces": {
				"north": {"uv": [7.5, 5.5, 8, 6], "texture": "#1"},
				"east": {"uv": [6, 7.5, 6.5, 8], "texture": "#1"},
				"south": {"uv": [7.5, 6, 8, 6.5], "texture": "#1"},
				"west": {"uv": [6.5, 7.5, 7, 8], "texture": "#1"},
				"up": {"uv": [8, 7, 7.5, 6.5], "texture": "#1"},
				"down": {"uv": [7.5, 7.5, 7, 8], "texture": "#1"}
			}
		},
		{
			"name": "octagon",
			"from": [3.17378, 10.17904, 9.5],
			"to": [3.77378, 10.77904, 10.1],
			"rotation": {"angle": -22.5, "axis": "z", "origin": [3.22378, 9.87904, 9.8]},
			"faces": {
				"north": {"uv": [7.5, 7, 8, 7.5], "texture": "#1"},
				"east": {"uv": [7.5, 7.5, 8, 8], "texture": "#1"},
				"south": {"uv": [0, 8, 0.5, 8.5], "texture": "#1"},
				"west": {"uv": [8, 0, 8.5, 0.5], "texture": "#1"},
				"up": {"uv": [1, 8.5, 0.5, 8], "texture": "#1"},
				"down": {"uv": [8.5, 0.5, 8, 1], "texture": "#1"}
			}
		},
		{
			"name": "octagon",
			"from": [3.3152, 10.93765, 10.075],
			"to": [3.8652, 12.39083, 10.425],
			"rotation": {"angle": -22.5, "axis": "z", "origin": [3.8102, 10.61924, 10.25]},
			"faces": {
				"north": {"uv": [7.5, 2.5, 8, 3], "texture": "#1"},
				"east": {"uv": [3, 7.5, 3.5, 8], "texture": "#1"},
				"south": {"uv": [7.5, 3, 8, 3.5], "texture": "#1"},
				"west": {"uv": [3.5, 7.5, 4, 8], "texture": "#1"},
				"up": {"uv": [8, 4, 7.5, 3.5], "texture": "#1"},
				"down": {"uv": [4.5, 7.5, 4, 8], "texture": "#1"}
			}
		},
		{
			"name": "octagon",
			"from": [2.22403, 13.70276, 10.075],
			"to": [2.77403, 14.33094, 10.425],
			"rotation": {"angle": -22.5, "axis": "z", "origin": [2.71903, 11.18435, 10.25]},
			"faces": {
				"north": {"uv": [8.5, 5, 9, 5.5], "texture": "#1"},
				"east": {"uv": [5.5, 8.5, 6, 9], "texture": "#1"},
				"south": {"uv": [8.5, 5.5, 9, 6], "texture": "#1"},
				"west": {"uv": [6, 8.5, 6.5, 9], "texture": "#1"},
				"up": {"uv": [9, 6.5, 8.5, 6], "texture": "#1"},
				"down": {"uv": [7, 8.5, 6.5, 9], "texture": "#1"}
			}
		},
		{
			"name": "octagon",
			"from": [2.43669, 11.21341, 10.075],
			"to": [2.98669, 12.39159, 10.425],
			"rotation": {"angle": 45, "axis": "z", "origin": [2.71169, 12.215, 10.25]},
			"faces": {
				"north": {"uv": [7, 7, 7.5, 7.5], "texture": "#1"},
				"east": {"uv": [0, 7.5, 0.5, 8], "texture": "#1"},
				"south": {"uv": [7.5, 0, 8, 0.5], "texture": "#1"},
				"west": {"uv": [0.5, 7.5, 1, 8], "texture": "#1"},
				"up": {"uv": [8, 1, 7.5, 0.5], "texture": "#1"},
				"down": {"uv": [1.5, 7.5, 1, 8], "texture": "#1"}
			}
		},
		{
			"name": "octagon",
			"from": [1.44669, 10.00341, 10.075],
			"to": [1.99669, 11.18159, 10.425],
			"rotation": {"angle": 45, "axis": "z", "origin": [2.71169, 12.215, 10.25]},
			"faces": {
				"north": {"uv": [7.5, 4, 8, 4.5], "texture": "#1"},
				"east": {"uv": [4.5, 7.5, 5, 8], "texture": "#1"},
				"south": {"uv": [7.5, 4.5, 8, 5], "texture": "#1"},
				"west": {"uv": [5, 7.5, 5.5, 8], "texture": "#1"},
				"up": {"uv": [8, 5.5, 7.5, 5], "texture": "#1"},
				"down": {"uv": [6, 7.5, 5.5, 8], "texture": "#1"}
			}
		},
		{
			"name": "octagon",
			"from": [3.04645, 11.90748, 10.075],
			"to": [3.59645, 13.08565, 10.425],
			"rotation": {"angle": 45, "axis": "z", "origin": [2.60645, 12.46907, 10.25]},
			"faces": {
				"north": {"uv": [7.5, 1, 8, 1.5], "texture": "#1"},
				"east": {"uv": [1.5, 7.5, 2, 8], "texture": "#1"},
				"south": {"uv": [7.5, 1.5, 8, 2], "texture": "#1"},
				"west": {"uv": [2, 7.5, 2.5, 8], "texture": "#1"},
				"up": {"uv": [8, 2.5, 7.5, 2], "texture": "#1"},
				"down": {"uv": [3, 7.5, 2.5, 8], "texture": "#1"}
			}
		},
		{
			"name": "octagon",
			"from": [3.22546, 11.31232, 10.075],
			"to": [3.77546, 13.70049, 10.425],
			"rotation": {"angle": 0, "axis": "z", "origin": [3.50046, 12.3139, 10.25]},
			"faces": {
				"north": {"uv": [5, 2, 5.5, 3], "texture": "#1"},
				"east": {"uv": [3, 5, 3.5, 6], "texture": "#1"},
				"south": {"uv": [5, 3, 5.5, 4], "texture": "#1"},
				"west": {"uv": [3.5, 5, 4, 6], "texture": "#1"},
				"up": {"uv": [7, 7.5, 6.5, 7], "texture": "#1"},
				"down": {"uv": [7.5, 6.5, 7, 7], "texture": "#1"}
			}
		},
		{
			"name": "octagon",
			"from": [12.14586, 10.5868, 10.075],
			"to": [12.69586, 11.87497, 10.425],
			"rotation": {"angle": -22.5, "axis": "z", "origin": [11.32086, 11.39589, 10.25]},
			"faces": {
				"north": {"uv": [8.5, 3.5, 9, 4], "texture": "#1"},
				"east": {"uv": [4, 8.5, 4.5, 9], "texture": "#1"},
				"south": {"uv": [8.5, 4, 9, 4.5], "texture": "#1"},
				"west": {"uv": [4.5, 8.5, 5, 9], "texture": "#1"},
				"up": {"uv": [9, 5, 8.5, 4.5], "texture": "#1"},
				"down": {"uv": [5.5, 8.5, 5, 9], "texture": "#1"}
			}
		},
		{
			"name": "octagon",
			"from": [12.22454, 11.31232, 10.075],
			"to": [12.77454, 13.70049, 10.425],
			"rotation": {"angle": 0, "axis": "z", "origin": [12.49954, 12.3139, 10.25]},
			"faces": {
				"north": {"uv": [4, 5, 4.5, 6], "texture": "#1"},
				"east": {"uv": [5, 4, 5.5, 5], "texture": "#1"},
				"south": {"uv": [4.5, 5, 5, 6], "texture": "#1"},
				"west": {"uv": [5, 5, 5.5, 6], "texture": "#1"},
				"up": {"uv": [9, 3.5, 8.5, 3], "texture": "#1"},
				"down": {"uv": [4, 8.5, 3.5, 9], "texture": "#1"}
			}
		},
		{
			"name": "octagon",
			"from": [13.01331, 11.21341, 10.075],
			"to": [13.56331, 12.39159, 10.425],
			"rotation": {"angle": -45, "axis": "z", "origin": [13.28831, 12.215, 10.25]},
			"faces": {
				"north": {"uv": [8.5, 1.5, 9, 2], "texture": "#1"},
				"east": {"uv": [2, 8.5, 2.5, 9], "texture": "#1"},
				"south": {"uv": [8.5, 2, 9, 2.5], "texture": "#1"},
				"west": {"uv": [2.5, 8.5, 3, 9], "texture": "#1"},
				"up": {"uv": [9, 3, 8.5, 2.5], "texture": "#1"},
				"down": {"uv": [3.5, 8.5, 3, 9], "texture": "#1"}
			}
		},
		{
			"name": "octagon",
			"from": [12.40355, 11.90748, 10.075],
			"to": [12.95355, 13.08565, 10.425],
			"rotation": {"angle": -45, "axis": "z", "origin": [13.39355, 12.46907, 10.25]},
			"faces": {
				"north": {"uv": [8.5, 0, 9, 0.5], "texture": "#1"},
				"east": {"uv": [0.5, 8.5, 1, 9], "texture": "#1"},
				"south": {"uv": [8.5, 0.5, 9, 1], "texture": "#1"},
				"west": {"uv": [1, 8.5, 1.5, 9], "texture": "#1"},
				"up": {"uv": [9, 1.5, 8.5, 1], "texture": "#1"},
				"down": {"uv": [2, 8.5, 1.5, 9], "texture": "#1"}
			}
		},
		{
			"name": "octagon",
			"from": [12.1348, 10.93765, 10.075],
			"to": [12.6848, 12.39083, 10.425],
			"rotation": {"angle": 22.5, "axis": "z", "origin": [12.1898, 10.61924, 10.25]},
			"faces": {
				"north": {"uv": [7, 8, 7.5, 8.5], "texture": "#1"},
				"east": {"uv": [8, 7, 8.5, 7.5], "texture": "#1"},
				"south": {"uv": [7.5, 8, 8, 8.5], "texture": "#1"},
				"west": {"uv": [8, 7.5, 8.5, 8], "texture": "#1"},
				"up": {"uv": [8.5, 8.5, 8, 8], "texture": "#1"},
				"down": {"uv": [0.5, 8.5, 0, 9], "texture": "#1"}
			}
		},
		{
			"name": "octagon",
			"from": [14.00331, 10.00341, 10.075],
			"to": [14.55331, 11.18159, 10.425],
			"rotation": {"angle": -45, "axis": "z", "origin": [13.28831, 12.215, 10.25]},
			"faces": {
				"north": {"uv": [5.5, 8, 6, 8.5], "texture": "#1"},
				"east": {"uv": [8, 5.5, 8.5, 6], "texture": "#1"},
				"south": {"uv": [6, 8, 6.5, 8.5], "texture": "#1"},
				"west": {"uv": [8, 6, 8.5, 6.5], "texture": "#1"},
				"up": {"uv": [7, 8.5, 6.5, 8], "texture": "#1"},
				"down": {"uv": [8.5, 6.5, 8, 7], "texture": "#1"}
			}
		},
		{
			"name": "octagon",
			"from": [13.22597, 13.70276, 10.075],
			"to": [13.77597, 14.33094, 10.425],
			"rotation": {"angle": 22.5, "axis": "z", "origin": [13.28097, 11.18435, 10.25]},
			"faces": {
				"north": {"uv": [4, 8, 4.5, 8.5], "texture": "#1"},
				"east": {"uv": [8, 4, 8.5, 4.5], "texture": "#1"},
				"south": {"uv": [4.5, 8, 5, 8.5], "texture": "#1"},
				"west": {"uv": [8, 4.5, 8.5, 5], "texture": "#1"},
				"up": {"uv": [5.5, 8.5, 5, 8], "texture": "#1"},
				"down": {"uv": [8.5, 5, 8, 5.5], "texture": "#1"}
			}
		},
		{
			"name": "octagon",
			"from": [11.85533, 10.32678, 9.5],
			"to": [12.45533, 10.92678, 10.1],
			"rotation": {"angle": -45, "axis": "z", "origin": [11.70533, 11.21231, 10.25]},
			"faces": {
				"north": {"uv": [2.5, 8, 3, 8.5], "texture": "#1"},
				"east": {"uv": [8, 2.5, 8.5, 3], "texture": "#1"},
				"south": {"uv": [3, 8, 3.5, 8.5], "texture": "#1"},
				"west": {"uv": [8, 3, 8.5, 3.5], "texture": "#1"},
				"up": {"uv": [4, 8.5, 3.5, 8], "texture": "#1"},
				"down": {"uv": [8.5, 3.5, 8, 4], "texture": "#1"}
			}
		},
		{
			"name": "octagon",
			"from": [12.22622, 10.17904, 9.5],
			"to": [12.82622, 10.77904, 10.1],
			"rotation": {"angle": 22.5, "axis": "z", "origin": [12.77622, 9.87904, 9.8]},
			"faces": {
				"north": {"uv": [1, 8, 1.5, 8.5], "texture": "#1"},
				"east": {"uv": [8, 1, 8.5, 1.5], "texture": "#1"},
				"south": {"uv": [1.5, 8, 2, 8.5], "texture": "#1"},
				"west": {"uv": [8, 1.5, 8.5, 2], "texture": "#1"},
				"up": {"uv": [2.5, 8.5, 2, 8], "texture": "#1"},
				"down": {"uv": [8.5, 2, 8, 2.5], "texture": "#1"}
			}
		},
		{
			"name": "octagon",
			"from": [6.825, 6.96447, 10],
			"to": [7.325, 9.03553, 10.5],
			"rotation": {"angle": 0, "axis": "x", "origin": [4.825, 8, 8]},
			"faces": {
				"north": {"uv": [4.5, 2, 5, 3], "texture": "#1"},
				"east": {"uv": [2.5, 4.5, 3, 5.5], "texture": "#1"},
				"south": {"uv": [4.5, 3, 5, 4], "texture": "#1"},
				"west": {"uv": [4.5, 4, 5, 5], "texture": "#1"},
				"up": {"uv": [2, 7.5, 1.5, 7], "texture": "#1"},
				"down": {"uv": [2.5, 7, 2, 7.5], "texture": "#1"}
			}
		},
		{
			"name": "octagon",
			"from": [2.325, 6.96447, 10],
			"to": [2.825, 9.03553, 10.5],
			"rotation": {"angle": 45, "axis": "z", "origin": [4.825, 8, 8]},
			"faces": {
				"north": {"uv": [4, 4, 4.5, 5], "texture": "#1"},
				"east": {"uv": [0, 4.5, 0.5, 5.5], "texture": "#1"},
				"south": {"uv": [0.5, 4.5, 1, 5.5], "texture": "#1"},
				"west": {"uv": [2, 4.5, 2.5, 5.5], "texture": "#1"},
				"up": {"uv": [1, 7.5, 0.5, 7], "texture": "#1"},
				"down": {"uv": [1.5, 7, 1, 7.5], "texture": "#1"}
			}
		},
		{
			"name": "octagon",
			"from": [2.325, 6.96447, 10],
			"to": [2.825, 9.03553, 10.5],
			"rotation": {"angle": 0, "axis": "x", "origin": [4.825, 8, 8]},
			"faces": {
				"north": {"uv": [4, 2, 4.5, 3], "texture": "#1"},
				"east": {"uv": [3, 4, 3.5, 5], "texture": "#1"},
				"south": {"uv": [4, 3, 4.5, 4], "texture": "#1"},
				"west": {"uv": [3.5, 4, 4, 5], "texture": "#1"},
				"up": {"uv": [7, 7, 6.5, 6.5], "texture": "#1"},
				"down": {"uv": [0.5, 7, 0, 7.5], "texture": "#1"}
			}
		},
		{
			"name": "octagon",
			"from": [2.275, 8.73947, 10.5],
			"to": [2.775, 9.26053, 16],
			"rotation": {"angle": 0, "axis": "x", "origin": [4.825, 8, 8]},
			"faces": {
				"north": {"uv": [4.5, 7, 5, 7.5], "texture": "#1"},
				"east": {"uv": [0, 0, 3, 0.5], "texture": "#1"},
				"south": {"uv": [7, 4.5, 7.5, 5], "texture": "#1"},
				"west": {"uv": [0, 0.5, 3, 1], "texture": "#1"},
				"up": {"uv": [0.5, 4, 0, 1], "texture": "#1"},
				"down": {"uv": [1, 1, 0.5, 4], "texture": "#1"}
			}
		},
		{
			"name": "octagon",
			"from": [3.78947, 5.5, 10],
			"to": [5.86053, 6, 10.5],
			"rotation": {"angle": 45, "axis": "z", "origin": [4.825, 8, 8]},
			"faces": {
				"north": {"uv": [4, 0.5, 5, 1], "texture": "#1"},
				"east": {"uv": [6, 6.5, 6.5, 7], "texture": "#1"},
				"south": {"uv": [4, 1, 5, 1.5], "texture": "#1"},
				"west": {"uv": [6.5, 6, 7, 6.5], "texture": "#1"},
				"up": {"uv": [5, 2, 4, 1.5], "texture": "#1"},
				"down": {"uv": [3, 4, 2, 4.5], "texture": "#1"}
			}
		},
		{
			"name": "octagon",
			"from": [3.78947, 5.5, 10],
			"to": [5.86053, 6, 10.5],
			"rotation": {"angle": 0, "axis": "x", "origin": [4.825, 8, 8]},
			"faces": {
				"north": {"uv": [2, 3.5, 3, 4], "texture": "#1"},
				"east": {"uv": [5, 6.5, 5.5, 7], "texture": "#1"},
				"south": {"uv": [3, 3.5, 4, 4], "texture": "#1"},
				"west": {"uv": [5.5, 6.5, 6, 7], "texture": "#1"},
				"up": {"uv": [1, 4.5, 0, 4], "texture": "#1"},
				"down": {"uv": [5, 0, 4, 0.5], "texture": "#1"}
			}
		},
		{
			"name": "octagon",
			"from": [3.78947, 10, 10],
			"to": [5.86053, 10.5, 10.5],
			"rotation": {"angle": 45, "axis": "z", "origin": [4.825, 8, 8]},
			"faces": {
				"north": {"uv": [2, 3, 3, 3.5], "texture": "#1"},
				"east": {"uv": [4, 6.5, 4.5, 7], "texture": "#1"},
				"south": {"uv": [3, 2, 4, 2.5], "texture": "#1"},
				"west": {"uv": [4.5, 6.5, 5, 7], "texture": "#1"},
				"up": {"uv": [4, 3, 3, 2.5], "texture": "#1"},
				"down": {"uv": [4, 3, 3, 3.5], "texture": "#1"}
			}
		},
		{
			"name": "octagon",
			"from": [3.78947, 10, 10],
			"to": [5.86053, 10.5, 10.5],
			"rotation": {"angle": 0, "axis": "x", "origin": [4.825, 8, 8]},
			"faces": {
				"north": {"uv": [2, 2, 3, 2.5], "texture": "#1"},
				"east": {"uv": [6.5, 2.5, 7, 3], "texture": "#1"},
				"south": {"uv": [2, 2.5, 3, 3], "texture": "#1"},
				"west": {"uv": [3.5, 6.5, 4, 7], "texture": "#1"},
				"up": {"uv": [4, 0.5, 3, 0], "texture": "#1"},
				"down": {"uv": [4, 0.5, 3, 1], "texture": "#1"}
			}
		},
		{
			"name": "octagon",
			"from": [10.13947, 10, 10],
			"to": [12.21053, 10.5, 10.5],
			"rotation": {"angle": 0, "axis": "x", "origin": [11.175, 8, 8]},
			"faces": {
				"north": {"uv": [6.5, 1, 7.5, 1.5], "texture": "#1"},
				"east": {"uv": [2, 9, 2.5, 9.5], "texture": "#1"},
				"south": {"uv": [6.5, 1.5, 7.5, 2], "texture": "#1"},
				"west": {"uv": [9, 2, 9.5, 2.5], "texture": "#1"},
				"up": {"uv": [3, 7, 2, 6.5], "texture": "#1"},
				"down": {"uv": [7.5, 2, 6.5, 2.5], "texture": "#1"}
			}
		},
		{
			"name": "octagon",
			"from": [10.13947, 10, 10],
			"to": [12.21053, 10.5, 10.5],
			"rotation": {"angle": -45, "axis": "z", "origin": [11.175, 8, 8]},
			"faces": {
				"north": {"uv": [6, 5.5, 7, 6], "texture": "#1"},
				"east": {"uv": [1.5, 9, 2, 9.5], "texture": "#1"},
				"south": {"uv": [0, 6.5, 1, 7], "texture": "#1"},
				"west": {"uv": [9, 1.5, 9.5, 2], "texture": "#1"},
				"up": {"uv": [7.5, 0.5, 6.5, 0], "texture": "#1"},
				"down": {"uv": [7.5, 0.5, 6.5, 1], "texture": "#1"}
			}
		},
		{
			"name": "octagon",
			"from": [10.13947, 5.5, 10],
			"to": [12.21053, 6, 10.5],
			"rotation": {"angle": 0, "axis": "x", "origin": [11.175, 8, 8]},
			"faces": {
				"north": {"uv": [4.5, 6, 5.5, 6.5], "texture": "#1"},
				"east": {"uv": [1, 9, 1.5, 9.5], "texture": "#1"},
				"south": {"uv": [6, 4.5, 7, 5], "texture": "#1"},
				"west": {"uv": [9, 1, 9.5, 1.5], "texture": "#1"},
				"up": {"uv": [7, 5.5, 6, 5], "texture": "#1"},
				"down": {"uv": [6.5, 6, 5.5, 6.5], "texture": "#1"}
			}
		},
		{
			"name": "octagon",
			"from": [10.13947, 5.5, 10],
			"to": [12.21053, 6, 10.5],
			"rotation": {"angle": -45, "axis": "z", "origin": [11.175, 8, 8]},
			"faces": {
				"north": {"uv": [6, 3, 7, 3.5], "texture": "#1"},
				"east": {"uv": [0.5, 9, 1, 9.5], "texture": "#1"},
				"south": {"uv": [3.5, 6, 4.5, 6.5], "texture": "#1"},
				"west": {"uv": [9, 0.5, 9.5, 1], "texture": "#1"},
				"up": {"uv": [7, 4, 6, 3.5], "texture": "#1"},
				"down": {"uv": [7, 4, 6, 4.5], "texture": "#1"}
			}
		},
		{
			"name": "octagon",
			"from": [13.175, 6.96447, 10],
			"to": [13.675, 9.03553, 10.5],
			"rotation": {"angle": 0, "axis": "x", "origin": [11.175, 8, 8]},
			"faces": {
				"north": {"uv": [6, 1, 6.5, 2], "texture": "#1"},
				"east": {"uv": [1.5, 6, 2, 7], "texture": "#1"},
				"south": {"uv": [6, 2, 6.5, 3], "texture": "#1"},
				"west": {"uv": [3, 6, 3.5, 7], "texture": "#1"},
				"up": {"uv": [0.5, 9.5, 0, 9], "texture": "#1"},
				"down": {"uv": [9.5, 0, 9, 0.5], "texture": "#1"}
			}
		},
		{
			"name": "octagon",
			"from": [13.175, 6.96447, 10],
			"to": [13.675, 9.03553, 10.5],
			"rotation": {"angle": -45, "axis": "z", "origin": [11.175, 8, 8]},
			"faces": {
				"north": {"uv": [5.5, 4, 6, 5], "texture": "#1"},
				"east": {"uv": [5.5, 5, 6, 6], "texture": "#1"},
				"south": {"uv": [6, 0, 6.5, 1], "texture": "#1"},
				"west": {"uv": [1, 6, 1.5, 7], "texture": "#1"},
				"up": {"uv": [9, 8.5, 8.5, 8], "texture": "#1"},
				"down": {"uv": [9, 8.5, 8.5, 9], "texture": "#1"}
			}
		},
		{
			"name": "octagon",
			"from": [8.675, 6.96447, 10],
			"to": [9.175, 9.03553, 10.5],
			"rotation": {"angle": 0, "axis": "x", "origin": [11.175, 8, 8]},
			"faces": {
				"north": {"uv": [2, 5.5, 2.5, 6.5], "texture": "#1"},
				"east": {"uv": [5.5, 2, 6, 3], "texture": "#1"},
				"south": {"uv": [2.5, 5.5, 3, 6.5], "texture": "#1"},
				"west": {"uv": [5.5, 3, 6, 4], "texture": "#1"},
				"up": {"uv": [9, 8, 8.5, 7.5], "texture": "#1"},
				"down": {"uv": [8.5, 8.5, 8, 9], "texture": "#1"}
			}
		},
		{
			"name": "octagon",
			"from": [8.675, 6.96447, 10],
			"to": [9.175, 9.03553, 10.5],
			"rotation": {"angle": -45, "axis": "z", "origin": [11.175, 8, 8]},
			"faces": {
				"north": {"uv": [0, 5.5, 0.5, 6.5], "texture": "#1"},
				"east": {"uv": [5.5, 0, 6, 1], "texture": "#1"},
				"south": {"uv": [0.5, 5.5, 1, 6.5], "texture": "#1"},
				"west": {"uv": [5.5, 1, 6, 2], "texture": "#1"},
				"up": {"uv": [9, 7.5, 8.5, 7], "texture": "#1"},
				"down": {"uv": [8, 8.5, 7.5, 9], "texture": "#1"}
			}
		},
		{
			"name": "octagon",
			"from": [13.225, 8.73947, 10.5],
			"to": [13.725, 9.26053, 16],
			"rotation": {"angle": 0, "axis": "x", "origin": [11.175, 8, 8]},
			"faces": {
				"north": {"uv": [8.5, 6.5, 9, 7], "texture": "#1"},
				"east": {"uv": [1, 1, 4, 1.5], "texture": "#1"},
				"south": {"uv": [7, 8.5, 7.5, 9], "texture": "#1"},
				"west": {"uv": [1, 1.5, 4, 2], "texture": "#1"},
				"up": {"uv": [1.5, 5, 1, 2], "texture": "#1"},
				"down": {"uv": [2, 2, 1.5, 5], "texture": "#1"}
			}
		}
	],
	"gui_light": "front",
	"display": {
		"thirdperson_righthand": {
			"rotation": [75, 45, 0],
			"translation": [0, 2.5, 0],
			"scale": [0.375, 0.375, 0.375]
		},
		"thirdperson_lefthand": {
			"rotation": [75, 45, 0],
			"translation": [0, 2.5, 0],
			"scale": [0.375, 0.375, 0.375]
		},
		"firstperson_righthand": {
			"rotation": [0, 45, 0],
			"scale": [0.4, 0.4, 0.4]
		},
		"firstperson_lefthand": {
			"rotation": [0, 225, 0],
			"scale": [0.4, 0.4, 0.4]
		},
		"gui": {
			"rotation": [30, 225, 0],
			"translation": [3.5, -2, 0]
		},
		"head": {
			"translation": [0, -3.25, -10],
			"scale": [1.15, 1.15, 1.15]
		},
		"fixed": {
			"translation": [0, 0, -4]
		}
	},
	"groups": [
		{
			"name": "octagon",
			"origin": [8, 8, 8],
			"color": 0,
			"children": [0, 1, 2, 3, 4, 5, 6, 7, 8, 9, 10, 11, 12, 13, 14, 15, 16, 17, 18, 19, 20, 21, 22, 23, 24, 25, 26, 27, 28, 29, 30, 31, 32, 33, 34, 35, 36]
		}
	]
}