{
	"credit": "Made with Blockbench",
	"texture_size": [64, 64],
	"textures": {
		"2": "items/hat/star",
		"4": "items/hat/tree_headband",
		"particle": "items/hat/star"
	},
	"elements": [
		{
			"from": [0.25, -5.74721, 7.25],
			"to": [1, 4.25279, 8.75],
			"rotation": {"angle": 0, "axis": "y", "origin": [8, 1.50279, 8]},
			"faces": {
				"north": {"uv": [2, 1.5, 2.25, 4], "texture": "#4"},
				"east": {"uv": [0, 1, 0.5, 3.5], "texture": "#4"},
				"south": {"uv": [2.25, 1.5, 2.5, 4], "texture": "#4"},
				"west": {"uv": [0.5, 1, 1, 3.5], "texture": "#4"},
				"up": {"uv": [4, 8.25, 3.75, 7.75], "texture": "#4"},
				"down": {"uv": [8, 3.75, 7.75, 4.25], "texture": "#4"}
			}
		},
		{
			"from": [15, -5.74721, 7.25],
			"to": [15.75, 4.25279, 8.75],
			"rotation": {"angle": 0, "axis": "y", "origin": [8, 1.50279, 8]},
			"faces": {
				"north": {"uv": [2.5, 1.5, 2.75, 4], "texture": "#4"},
				"east": {"uv": [1, 1, 1.5, 3.5], "texture": "#4"},
				"south": {"uv": [2.75, 1.5, 3, 4], "texture": "#4"},
				"west": {"uv": [1.5, 1, 2, 3.5], "texture": "#4"},
				"up": {"uv": [4.25, 8.25, 4, 7.75], "texture": "#4"},
				"down": {"uv": [4.5, 7.75, 4.25, 8.25], "texture": "#4"}
			}
		},
		{
			"from": [1, 3.25279, 7.25],
			"to": [15, 4.25279, 8.75],
			"rotation": {"angle": 0, "axis": "y", "origin": [8, 1.50279, 8]},
			"faces": {
				"north": {"uv": [2, 1, 5.5, 1.25], "texture": "#4"},
				"east": {"uv": [7.75, 2.75, 8.25, 3], "texture": "#4"},
				"south": {"uv": [2, 1.25, 5.5, 1.5], "texture": "#4"},
				"west": {"uv": [7.75, 4.5, 8.25, 4.75], "texture": "#4"},
				"up": {"uv": [3.5, 0.5, 0, 0], "texture": "#4"},
				"down": {"uv": [3.5, 0.5, 0, 1], "texture": "#4"}
			}
		},
		{
			"from": [6.22084, 10.64035, 7.295],
			"to": [7.41084, 17.73535, 8.705],
			"rotation": {"angle": -22.5, "axis": "z", "origin": [6.94084, 14.81285, 8]},
			"faces": {
				"north": {"uv": [1.75, 3.5, 2, 5.25], "texture": "#4"},
				"east": {"uv": [3.75, 1.5, 4, 3.25], "texture": "#4"},
				"south": {"uv": [3, 3.75, 3.25, 5.5], "texture": "#4"},
				"west": {"uv": [3.25, 3.75, 3.5, 5.5], "texture": "#4"},
				"up": {"uv": [5, 8.25, 4.75, 8], "texture": "#4"},
				"down": {"uv": [5.25, 8, 5, 8.25], "texture": "#4"}
			}
		},
		{
			"from": [4.95939, 9.4653, 7.295],
			"to": [9.22339, 10.4053, 8.705],
			"rotation": {"angle": -22.5, "axis": "z", "origin": [6.90096, 11.52444, 8]},
			"faces": {
				"north": {"uv": [6.75, 4.5, 7.75, 4.75], "texture": "#4"},
				"east": {"uv": [8, 4.25, 8.25, 4.5], "texture": "#4"},
				"south": {"uv": [6.75, 4.75, 7.75, 5], "texture": "#4"},
				"west": {"uv": [4.5, 8, 4.75, 8.25], "texture": "#4"},
				"up": {"uv": [8, 1.25, 7, 1], "texture": "#4"},
				"down": {"uv": [8, 1.25, 7, 1.5], "texture": "#4"}
			}
		},
		{
			"from": [2.35591, 8.96164, 7.295],
			"to": [8.70091, 9.40164, 8.705],
			"rotation": {"angle": 0, "axis": "z", "origin": [4.52841, 8.93164, 8]},
			"faces": {
				"north": {"uv": [5.25, 2, 6.75, 2.25], "texture": "#4"},
				"east": {"uv": [8, 3.75, 8.25, 4], "texture": "#4"},
				"south": {"uv": [5.25, 2.25, 6.75, 2.5], "texture": "#4"},
				"west": {"uv": [8, 4, 8.25, 4.25], "texture": "#4"},
				"up": {"uv": [6.75, 2.75, 5.25, 2.5], "texture": "#4"},
				"down": {"uv": [6.75, 2.75, 5.25, 3], "texture": "#4"}
			}
		},
		{
			"from": [3.75444, 3.91629, 7.295],
			"to": [4.19444, 9.93029, 8.705],
			"rotation": {"angle": 45, "axis": "z", "origin": [4.22444, 7.75779, 8]},
			"faces": {
				"north": {"uv": [0.75, 5.25, 1, 6.75], "texture": "#4"},
				"east": {"uv": [1, 5.25, 1.25, 6.75], "texture": "#4"},
				"south": {"uv": [1.25, 5.25, 1.5, 6.75], "texture": "#4"},
				"west": {"uv": [1.5, 5.25, 1.75, 6.75], "texture": "#4"},
				"up": {"uv": [8.25, 2, 8, 1.75], "texture": "#4"},
				"down": {"uv": [8.25, 2, 8, 2.25], "texture": "#4"}
			}
		},
		{
			"from": [4.15444, 3.91629, 7.295],
			"to": [4.69444, 9.53029, 8.705],
			"rotation": {"angle": 45, "axis": "z", "origin": [4.22444, 7.75779, 8]},
			"faces": {
				"north": {"uv": [1.75, 5.25, 2, 6.75], "texture": "#4"},
				"east": {"uv": [5.25, 3, 5.5, 4.5], "texture": "#4"},
				"south": {"uv": [5, 5.25, 5.25, 6.75], "texture": "#4"},
				"west": {"uv": [5.25, 5.25, 5.5, 6.75], "texture": "#4"},
				"up": {"uv": [5.5, 8.25, 5.25, 8], "texture": "#4"},
				"down": {"uv": [8.25, 5.25, 8, 5.5], "texture": "#4"}
			}
		},
		{
			"from": [5.05444, 3.91629, 7.295],
			"to": [5.59444, 8.68029, 8.705],
			"rotation": {"angle": 45, "axis": "z", "origin": [4.22444, 7.75779, 8]},
			"faces": {
				"north": {"uv": [2.75, 5.75, 3, 7], "texture": "#4"},
				"east": {"uv": [0.5, 6, 0.75, 7.25], "texture": "#4"},
				"south": {"uv": [5.75, 6.5, 6, 7.75], "texture": "#4"},
				"west": {"uv": [6, 6.5, 6.25, 7.75], "texture": "#4"},
				"up": {"uv": [5.75, 8.25, 5.5, 8], "texture": "#4"},
				"down": {"uv": [8.25, 5.5, 8, 5.75], "texture": "#4"}
			}
		},
		{
			"from": [0.0354, 6.66448, 7.295],
			"to": [5.6304, 7.60448, 8.705],
			"rotation": {"angle": -22.5, "axis": "z", "origin": [2.2079, 7.13448, 8]},
			"faces": {
				"north": {"uv": [5, 0.75, 6.5, 1], "texture": "#4"},
				"east": {"uv": [8, 1.5, 8.25, 1.75], "texture": "#4"},
				"south": {"uv": [5, 5, 6.5, 5.25], "texture": "#4"},
				"west": {"uv": [1.75, 8, 2, 8.25], "texture": "#4"},
				"up": {"uv": [6.75, 1.75, 5.25, 1.5], "texture": "#4"},
				"down": {"uv": [6.75, 1.75, 5.25, 2], "texture": "#4"}
			}
		},
		{
			"from": [1.41944, 4.23629, 7.295],
			"to": [2.35944, 8.50029, 8.705],
			"rotation": {"angle": 45, "axis": "z", "origin": [1.88944, 6.32779, 8]},
			"faces": {
				"north": {"uv": [6.75, 6.5, 7, 7.5], "texture": "#4"},
				"east": {"uv": [0.75, 7, 1, 8], "texture": "#4"},
				"south": {"uv": [1, 7, 1.25, 8], "texture": "#4"},
				"west": {"uv": [1.25, 7, 1.5, 8], "texture": "#4"},
				"up": {"uv": [8.25, 1.5, 8, 1.25], "texture": "#4"},
				"down": {"uv": [1.75, 8, 1.5, 8.25], "texture": "#4"}
			}
		},
		{
			"from": [-0.07664, 3.17737, 7.295],
			"to": [0.86336, 7.19137, 8.705],
			"rotation": {"angle": 45, "axis": "z", "origin": [0.39336, 4.01887, 8]},
			"faces": {
				"north": {"uv": [4.75, 6.75, 5, 7.75], "texture": "#4"},
				"east": {"uv": [5, 6.75, 5.25, 7.75], "texture": "#4"},
				"south": {"uv": [5.25, 6.75, 5.5, 7.75], "texture": "#4"},
				"west": {"uv": [5.5, 6.75, 5.75, 7.75], "texture": "#4"},
				"up": {"uv": [8.25, 1.25, 8, 1], "texture": "#4"},
				"down": {"uv": [1.5, 8, 1.25, 8.25], "texture": "#4"}
			}
		},
		{
			"from": [-2.5699, 1.77419, 7.295],
			"to": [2.7751, 2.71419, 8.705],
			"rotation": {"angle": -22.5, "axis": "z", "origin": [7.7101, 2.00919, 8]},
			"faces": {
				"north": {"uv": [6.25, 6, 7.5, 6.25], "texture": "#4"},
				"east": {"uv": [8, 0.75, 8.25, 1], "texture": "#4"},
				"south": {"uv": [6.25, 6.25, 7.5, 6.5], "texture": "#4"},
				"west": {"uv": [1, 8, 1.25, 8.25], "texture": "#4"},
				"up": {"uv": [7.75, 1, 6.5, 0.75], "texture": "#4"},
				"down": {"uv": [7.75, 5, 6.5, 5.25], "texture": "#4"}
			}
		},
		{
			"from": [-1.0699, 1.12419, 7.295],
			"to": [1.7751, 1.96419, 8.705],
			"rotation": {"angle": -22.5, "axis": "z", "origin": [7.7101, 2.00919, 8]},
			"faces": {
				"north": {"uv": [7.25, 5.5, 8, 5.75], "texture": "#4"},
				"east": {"uv": [8, 0.5, 8.25, 0.75], "texture": "#4"},
				"south": {"uv": [3.25, 7.5, 4, 7.75], "texture": "#4"},
				"west": {"uv": [0.75, 8, 1, 8.25], "texture": "#4"},
				"up": {"uv": [8.25, 6.25, 7.5, 6], "texture": "#4"},
				"down": {"uv": [8.25, 6.25, 7.5, 6.5], "texture": "#4"}
			}
		},
		{
			"from": [2.4354, 5.81448, 7.295],
			"to": [8.7804, 6.85448, 8.705],
			"rotation": {"angle": -22.5, "axis": "z", "origin": [2.2079, 7.13448, 8]},
			"faces": {
				"north": {"uv": [3.5, 0.75, 5, 1], "texture": "#4"},
				"east": {"uv": [0.25, 8, 0.5, 8.25], "texture": "#4"},
				"south": {"uv": [4.5, 0, 6, 0.25], "texture": "#4"},
				"west": {"uv": [8, 0.25, 8.25, 0.5], "texture": "#4"},
				"up": {"uv": [6, 0.5, 4.5, 0.25], "texture": "#4"},
				"down": {"uv": [6, 0.5, 4.5, 0.75], "texture": "#4"}
			}
		},
		{
			"from": [2.04496, 3.83791, 7.295],
			"to": [5.63996, 5.02791, 8.705],
			"rotation": {"angle": -22.5, "axis": "z", "origin": [4.21746, 4.40791, 8]},
			"faces": {
				"north": {"uv": [6.75, 2.25, 7.75, 2.5], "texture": "#4"},
				"east": {"uv": [7.75, 7.75, 8, 8], "texture": "#4"},
				"south": {"uv": [6.75, 2.5, 7.75, 2.75], "texture": "#4"},
				"west": {"uv": [0, 8, 0.25, 8.25], "texture": "#4"},
				"up": {"uv": [7.75, 3, 6.75, 2.75], "texture": "#4"},
				"down": {"uv": [4.75, 6.75, 3.75, 7], "texture": "#4"}
			}
		},
		{
			"from": [4.65444, 1.71629, 7.295],
			"to": [5.09444, 9.18029, 8.705],
			"rotation": {"angle": 45, "axis": "z", "origin": [4.22444, 7.75779, 8]},
			"faces": {
				"north": {"uv": [0.75, 3.5, 1, 5.25], "texture": "#4"},
				"east": {"uv": [1, 3.5, 1.25, 5.25], "texture": "#4"},
				"south": {"uv": [1.25, 3.5, 1.5, 5.25], "texture": "#4"},
				"west": {"uv": [1.5, 3.5, 1.75, 5.25], "texture": "#4"},
				"up": {"uv": [7.5, 8, 7.25, 7.75], "texture": "#4"},
				"down": {"uv": [7.75, 7.75, 7.5, 8], "texture": "#4"}
			}
		},
		{
			"from": [3.90444, 2.11629, 7.295],
			"to": [5.59444, 3.88029, 8.705],
			"rotation": {"angle": 45, "axis": "z", "origin": [4.22444, 7.75779, 8]},
			"faces": {
				"north": {"uv": [7.25, 3.75, 7.75, 4.25], "texture": "#4"},
				"east": {"uv": [5.75, 7.75, 6, 8.25], "texture": "#4"},
				"south": {"uv": [4, 7.25, 4.5, 7.75], "texture": "#4"},
				"west": {"uv": [6, 7.75, 6.25, 8.25], "texture": "#4"},
				"up": {"uv": [8.25, 6, 7.75, 5.75], "texture": "#4"},
				"down": {"uv": [6.75, 7.75, 6.25, 8], "texture": "#4"}
			}
		},
		{
			"from": [5.85939, 10.3653, 7.295],
			"to": [9.12339, 13.3053, 8.705],
			"rotation": {"angle": -22.5, "axis": "z", "origin": [6.90096, 11.52444, 8]},
			"faces": {
				"north": {"uv": [3, 1.5, 3.75, 2.25], "texture": "#4"},
				"east": {"uv": [7.5, 0, 7.75, 0.75], "texture": "#4"},
				"south": {"uv": [3, 2.25, 3.75, 3], "texture": "#4"},
				"west": {"uv": [3, 7.5, 3.25, 8.25], "texture": "#4"},
				"up": {"uv": [8, 4.5, 7.25, 4.25], "texture": "#4"},
				"down": {"uv": [8, 5.25, 7.25, 5.5], "texture": "#4"}
			}
		},
		{
			"from": [5.85939, 13.2653, 7.295],
			"to": [7.62339, 16.2053, 8.705],
			"rotation": {"angle": -22.5, "axis": "z", "origin": [6.90096, 11.52444, 8]},
			"faces": {
				"north": {"uv": [3.5, 0, 4, 0.75], "texture": "#4"},
				"east": {"uv": [4.5, 7.25, 4.75, 8], "texture": "#4"},
				"south": {"uv": [4, 0, 4.5, 0.75], "texture": "#4"},
				"west": {"uv": [7.25, 7, 7.5, 7.75], "texture": "#4"},
				"up": {"uv": [5.25, 8, 4.75, 7.75], "texture": "#4"},
				"down": {"uv": [8.25, 4.75, 7.75, 5], "texture": "#4"}
			}
		},
		{
			"from": [5.55444, 0.11629, 7.295],
			"to": [6.49444, 6.88029, 8.705],
			"rotation": {"angle": 45, "axis": "z", "origin": [4.22444, 7.75779, 8]},
			"faces": {
				"north": {"uv": [4.25, 3.25, 4.5, 5], "texture": "#4"},
				"east": {"uv": [4.5, 1.5, 4.75, 3.25], "texture": "#4"},
				"south": {"uv": [4.5, 3.25, 4.75, 5], "texture": "#4"},
				"west": {"uv": [4.75, 1.5, 5, 3.25], "texture": "#4"},
				"up": {"uv": [8.5, 6.25, 8.25, 6], "texture": "#4"},
				"down": {"uv": [6.5, 8.25, 6.25, 8.5], "texture": "#4"}
			}
		},
		{
			"from": [6.45444, -0.78371, 7.295],
			"to": [7.39444, 5.88029, 8.705],
			"rotation": {"angle": 45, "axis": "z", "origin": [4.22444, 7.75779, 8]},
			"faces": {
				"north": {"uv": [4, 5, 4.25, 6.75], "texture": "#4"},
				"east": {"uv": [4.25, 5, 4.5, 6.75], "texture": "#4"},
				"south": {"uv": [4.5, 5, 4.75, 6.75], "texture": "#4"},
				"west": {"uv": [4.75, 5, 5, 6.75], "texture": "#4"},
				"up": {"uv": [8.5, 6.75, 8.25, 6.5], "texture": "#4"},
				"down": {"uv": [7, 8.25, 6.75, 8.5], "texture": "#4"}
			}
		},
		{
			"from": [8.37661, 13.2653, 7.295],
			"to": [10.14061, 16.2053, 8.705],
			"rotation": {"angle": 22.5, "axis": "z", "origin": [9.09904, 11.52444, 8]},
			"faces": {
				"north": {"uv": [5.75, 5.75, 6.25, 6.5], "texture": "#4"},
				"east": {"uv": [3.25, 7.75, 3.5, 8.5], "texture": "#4"},
				"south": {"uv": [0, 6, 0.5, 6.75], "texture": "#4"},
				"west": {"uv": [3.5, 7.75, 3.75, 8.5], "texture": "#4"},
				"up": {"uv": [8.25, 5.25, 7.75, 5], "texture": "#4"},
				"down": {"uv": [5.75, 7.75, 5.25, 8], "texture": "#4"}
			}
		},
		{
			"from": [6.87661, 10.3653, 7.295],
			"to": [10.14061, 13.3053, 8.705],
			"rotation": {"angle": 22.5, "axis": "z", "origin": [9.09904, 11.52444, 8]},
			"faces": {
				"north": {"uv": [3, 3, 3.75, 3.75], "texture": "#4"},
				"east": {"uv": [6.75, 7.5, 7, 8.25], "texture": "#4"},
				"south": {"uv": [0, 3.5, 0.75, 4.25], "texture": "#4"},
				"west": {"uv": [7.75, 0.25, 8, 1], "texture": "#4"},
				"up": {"uv": [8.5, 2.5, 7.75, 2.25], "texture": "#4"},
				"down": {"uv": [8.5, 2.5, 7.75, 2.75], "texture": "#4"}
			}
		},
		{
			"from": [10.90556, 1.71629, 7.295],
			"to": [11.34556, 9.18029, 8.705],
			"rotation": {"angle": -45, "axis": "z", "origin": [11.77556, 7.75779, 8]},
			"faces": {
				"north": {"uv": [0, 4.25, 0.25, 6], "texture": "#4"},
				"east": {"uv": [0.25, 4.25, 0.5, 6], "texture": "#4"},
				"south": {"uv": [0.5, 4.25, 0.75, 6], "texture": "#4"},
				"west": {"uv": [4.25, 1.5, 4.5, 3.25], "texture": "#4"},
				"up": {"uv": [8.5, 6, 8.25, 5.75], "texture": "#4"},
				"down": {"uv": [6.25, 8.25, 6, 8.5], "texture": "#4"}
			}
		},
		{
			"from": [10.36004, 3.83791, 7.295],
			"to": [13.95504, 5.02791, 8.705],
			"rotation": {"angle": 22.5, "axis": "z", "origin": [11.78254, 4.40791, 8]},
			"faces": {
				"north": {"uv": [3, 7.25, 4, 7.5], "texture": "#4"},
				"east": {"uv": [8.25, 2, 8.5, 2.25], "texture": "#4"},
				"south": {"uv": [7.25, 3, 8.25, 3.25], "texture": "#4"},
				"west": {"uv": [2.25, 8.25, 2.5, 8.5], "texture": "#4"},
				"up": {"uv": [8.25, 3.5, 7.25, 3.25], "texture": "#4"},
				"down": {"uv": [8.25, 3.5, 7.25, 3.75], "texture": "#4"}
			}
		},
		{
			"from": [7.2196, 5.81448, 7.295],
			"to": [13.5646, 6.85448, 8.705],
			"rotation": {"angle": 22.5, "axis": "z", "origin": [13.7921, 7.13448, 8]},
			"faces": {
				"north": {"uv": [5.75, 4, 7.25, 4.25], "texture": "#4"},
				"east": {"uv": [8.25, 1.75, 8.5, 2], "texture": "#4"},
				"south": {"uv": [5.75, 4.25, 7.25, 4.5], "texture": "#4"},
				"west": {"uv": [2, 8.25, 2.25, 8.5], "texture": "#4"},
				"up": {"uv": [7.25, 5.5, 5.75, 5.25], "texture": "#4"},
				"down": {"uv": [7.25, 5.5, 5.75, 5.75], "texture": "#4"}
			}
		},
		{
			"from": [14.2249, 1.12419, 7.295],
			"to": [17.0699, 1.96419, 8.705],
			"rotation": {"angle": 22.5, "axis": "z", "origin": [8.2899, 2.00919, 8]},
			"faces": {
				"north": {"uv": [7.5, 7, 8.25, 7.25], "texture": "#4"},
				"east": {"uv": [8.25, 1.5, 8.5, 1.75], "texture": "#4"},
				"south": {"uv": [7.5, 7.25, 8.25, 7.5], "texture": "#4"},
				"west": {"uv": [1.75, 8.25, 2, 8.5], "texture": "#4"},
				"up": {"uv": [8.25, 7.75, 7.5, 7.5], "texture": "#4"},
				"down": {"uv": [8.5, 0, 7.75, 0.25], "texture": "#4"}
			}
		},
		{
			"from": [13.2249, 1.77419, 7.295],
			"to": [18.5699, 2.71419, 8.705],
			"rotation": {"angle": 22.5, "axis": "z", "origin": [8.2899, 2.00919, 8]},
			"faces": {
				"north": {"uv": [0.75, 6.75, 2, 7], "texture": "#4"},
				"east": {"uv": [8.25, 1.25, 8.5, 1.5], "texture": "#4"},
				"south": {"uv": [6.75, 1.5, 8, 1.75], "texture": "#4"},
				"west": {"uv": [1.5, 8.25, 1.75, 8.5], "texture": "#4"},
				"up": {"uv": [8, 2, 6.75, 1.75], "texture": "#4"},
				"down": {"uv": [8, 2, 6.75, 2.25], "texture": "#4"}
			}
		},
		{
			"from": [15.13664, 3.17737, 7.295],
			"to": [16.07664, 7.19137, 8.705],
			"rotation": {"angle": -45, "axis": "z", "origin": [15.60664, 4.01887, 8]},
			"faces": {
				"north": {"uv": [2, 7.25, 2.25, 8.25], "texture": "#4"},
				"east": {"uv": [2.25, 7.25, 2.5, 8.25], "texture": "#4"},
				"south": {"uv": [2.5, 7.25, 2.75, 8.25], "texture": "#4"},
				"west": {"uv": [2.75, 7.25, 3, 8.25], "texture": "#4"},
				"up": {"uv": [8.5, 1.25, 8.25, 1], "texture": "#4"},
				"down": {"uv": [1.5, 8.25, 1.25, 8.5], "texture": "#4"}
			}
		},
		{
			"from": [17.51759, 5.92983, 7.295],
			"to": [18.18227, 6.59451, 8.705],
			"rotation": {"angle": 0, "axis": "z", "origin": [17.71227, 3.77133, 8]},
			"faces": {
				"north": {"uv": [2.5, 8.25, 2.75, 8.5], "texture": "#4"},
				"east": {"uv": [2.75, 8.25, 3, 8.5], "texture": "#4"},
				"south": {"uv": [8.25, 2.75, 8.5, 3], "texture": "#4"},
				"west": {"uv": [3, 8.25, 3.25, 8.5], "texture": "#4"},
				"up": {"uv": [8.5, 3.25, 8.25, 3], "texture": "#4"},
				"down": {"uv": [8.5, 3.25, 8.25, 3.5], "texture": "#4"}
			}
		},
		{
			"from": [13.64056, 4.23629, 7.295],
			"to": [14.58056, 8.50029, 8.705],
			"rotation": {"angle": -45, "axis": "z", "origin": [14.11056, 6.32779, 8]},
			"faces": {
				"north": {"uv": [1.5, 7, 1.75, 8], "texture": "#4"},
				"east": {"uv": [1.75, 7, 2, 8], "texture": "#4"},
				"south": {"uv": [7, 7, 7.25, 8], "texture": "#4"},
				"west": {"uv": [0.5, 7.25, 0.75, 8.25], "texture": "#4"},
				"up": {"uv": [8.5, 1, 8.25, 0.75], "texture": "#4"},
				"down": {"uv": [1.25, 8.25, 1, 8.5], "texture": "#4"}
			}
		},
		{
			"from": [10.3696, 6.66448, 7.295],
			"to": [15.9646, 7.60448, 8.705],
			"rotation": {"angle": 22.5, "axis": "z", "origin": [13.7921, 7.13448, 8]},
			"faces": {
				"north": {"uv": [5.75, 3, 7.25, 3.25], "texture": "#4"},
				"east": {"uv": [8.25, 0.5, 8.5, 0.75], "texture": "#4"},
				"south": {"uv": [5.75, 3.25, 7.25, 3.5], "texture": "#4"},
				"west": {"uv": [0.75, 8.25, 1, 8.5], "texture": "#4"},
				"up": {"uv": [7.25, 3.75, 5.75, 3.5], "texture": "#4"},
				"down": {"uv": [7.25, 3.75, 5.75, 4], "texture": "#4"}
			}
		},
		{
			"from": [15.55497, 7.80105, 7.295],
			"to": [16.21966, 8.46573, 8.705],
			"rotation": {"angle": -22.5, "axis": "z", "origin": [15.42216, 8.27105, 8]},
			"faces": {
				"north": {"uv": [8.25, 3.5, 8.5, 3.75], "texture": "#4"},
				"east": {"uv": [3.75, 8.25, 4, 8.5], "texture": "#4"},
				"south": {"uv": [8.25, 3.75, 8.5, 4], "texture": "#4"},
				"west": {"uv": [4, 8.25, 4.25, 8.5], "texture": "#4"},
				"up": {"uv": [8.5, 4.25, 8.25, 4], "texture": "#4"},
				"down": {"uv": [4.5, 8.25, 4.25, 8.5], "texture": "#4"}
			}
		},
		{
			"from": [-2.18227, 5.92983, 7.295],
			"to": [-1.51759, 6.59451, 8.705],
			"rotation": {"angle": 0, "axis": "z", "origin": [-1.71227, 3.77133, 8]},
			"faces": {
				"north": {"uv": [8.25, 5, 8.5, 5.25], "texture": "#4"},
				"east": {"uv": [5.25, 8.25, 5.5, 8.5], "texture": "#4"},
				"south": {"uv": [8.25, 5.25, 8.5, 5.5], "texture": "#4"},
				"west": {"uv": [5.5, 8.25, 5.75, 8.5], "texture": "#4"},
				"up": {"uv": [8.5, 5.75, 8.25, 5.5], "texture": "#4"},
				"down": {"uv": [6, 8.25, 5.75, 8.5], "texture": "#4"}
			}
		},
		{
			"from": [-0.21966, 7.80105, 7.295],
			"to": [0.44503, 8.46573, 8.705],
			"rotation": {"angle": 22.5, "axis": "z", "origin": [0.57784, 8.27105, 8]},
			"faces": {
				"north": {"uv": [8.25, 4.25, 8.5, 4.5], "texture": "#4"},
				"east": {"uv": [4.5, 8.25, 4.75, 8.5], "texture": "#4"},
				"south": {"uv": [8.25, 4.5, 8.5, 4.75], "texture": "#4"},
				"west": {"uv": [4.75, 8.25, 5, 8.5], "texture": "#4"},
				"up": {"uv": [8.5, 5, 8.25, 4.75], "texture": "#4"},
				"down": {"uv": [5.25, 8.25, 5, 8.5], "texture": "#4"}
			}
		},
		{
			"from": [11.80556, 3.91629, 7.295],
			"to": [12.24556, 9.93029, 8.705],
			"rotation": {"angle": -45, "axis": "z", "origin": [11.77556, 7.75779, 8]},
			"faces": {
				"north": {"uv": [5.5, 5.25, 5.75, 6.75], "texture": "#4"},
				"east": {"uv": [2, 5.75, 2.25, 7.25], "texture": "#4"},
				"south": {"uv": [2.25, 5.75, 2.5, 7.25], "texture": "#4"},
				"west": {"uv": [2.5, 5.75, 2.75, 7.25], "texture": "#4"},
				"up": {"uv": [8.5, 0.5, 8.25, 0.25], "texture": "#4"},
				"down": {"uv": [0.75, 8.25, 0.5, 8.5], "texture": "#4"}
			}
		},
		{
			"from": [7.29909, 8.96164, 7.295],
			"to": [13.64409, 9.40164, 8.705],
			"rotation": {"angle": 0, "axis": "z", "origin": [11.47159, 8.93164, 8]},
			"faces": {
				"north": {"uv": [5.25, 4.5, 6.75, 4.75], "texture": "#4"},
				"east": {"uv": [0, 8.25, 0.25, 8.5], "texture": "#4"},
				"south": {"uv": [5.25, 4.75, 6.75, 5], "texture": "#4"},
				"west": {"uv": [0.25, 8.25, 0.5, 8.5], "texture": "#4"},
				"up": {"uv": [7, 1.25, 5.5, 1], "texture": "#4"},
				"down": {"uv": [7, 1.25, 5.5, 1.5], "texture": "#4"}
			}
		},
		{
			"from": [6.77661, 9.4653, 7.295],
			"to": [11.04061, 10.4053, 8.705],
			"rotation": {"angle": 22.5, "axis": "z", "origin": [9.09904, 11.52444, 8]},
			"faces": {
				"north": {"uv": [2.75, 7, 3.75, 7.25], "texture": "#4"},
				"east": {"uv": [8, 7.75, 8.25, 8], "texture": "#4"},
				"south": {"uv": [3.75, 7, 4.75, 7.25], "texture": "#4"},
				"west": {"uv": [8, 8, 8.25, 8.25], "texture": "#4"},
				"up": {"uv": [8, 6.75, 7, 6.5], "texture": "#4"},
				"down": {"uv": [8, 6.75, 7, 7], "texture": "#4"}
			}
		},
		{
			"from": [8.58916, 10.64035, 7.295],
			"to": [9.77916, 17.73535, 8.705],
			"rotation": {"angle": 22.5, "axis": "z", "origin": [9.05916, 14.81285, 8]},
			"faces": {
				"north": {"uv": [2.25, 4, 2.5, 5.75], "texture": "#4"},
				"east": {"uv": [2.5, 4, 2.75, 5.75], "texture": "#4"},
				"south": {"uv": [2.75, 4, 3, 5.75], "texture": "#4"},
				"west": {"uv": [4, 3.25, 4.25, 5], "texture": "#4"},
				"up": {"uv": [7.75, 8.25, 7.5, 8], "texture": "#4"},
				"down": {"uv": [8, 8, 7.75, 8.25], "texture": "#4"}
			}
		},
		{
			"from": [4.76, 15.03904, 7.261],
			"to": [11.24, 21.51904, 7.261],
			"rotation": {"angle": 0, "axis": "z", "origin": [7.3484, 19.53324, 8.0306]},
			"faces": {
				"north": {"uv": [7, 0, 13.5, 6.5], "texture": "#2"},
				"east": {"uv": [0, 0, 0, 6.5], "texture": "#2"},
				"south": {"uv": [7, 7, 13.5, 13.5], "texture": "#2"},
				"west": {"uv": [0, 0, 0, 6.5], "texture": "#2"},
				"up": {"uv": [6.5, 0, 0, 0], "texture": "#2"},
				"down": {"uv": [6.5, 0, 0, 0], "texture": "#2"}
			}
		},
		{
			"from": [4.76, 15.03904, 8.739],
			"to": [11.24, 21.51904, 8.739],
			"rotation": {"angle": 0, "axis": "z", "origin": [7.3484, 19.53324, 8.0306]},
			"faces": {
				"north": {"uv": [0, 0, 6.5, 6.5], "texture": "#2"},
				"east": {"uv": [0, 0, 0, 6.5], "texture": "#2"},
				"south": {"uv": [0, 7, 6.5, 13.5], "texture": "#2"},
				"west": {"uv": [0, 0, 0, 6.5], "texture": "#2"},
				"up": {"uv": [6.5, 0, 0, 0], "texture": "#2"},
				"down": {"uv": [6.5, 0, 0, 0], "texture": "#2"}
			}
		},
		{
			"from": [11.30556, 3.91629, 7.295],
			"to": [11.84556, 9.53029, 8.705],
			"rotation": {"angle": -45, "axis": "z", "origin": [11.77556, 7.75779, 8]},
			"faces": {
				"north": {"uv": [3, 5.5, 3.25, 7], "texture": "#4"},
				"east": {"uv": [5.5, 3, 5.75, 4.5], "texture": "#4"},
				"south": {"uv": [3.25, 5.5, 3.5, 7], "texture": "#4"},
				"west": {"uv": [3.5, 5.5, 3.75, 7], "texture": "#4"},
				"up": {"uv": [7.25, 8.25, 7, 8], "texture": "#4"},
				"down": {"uv": [7.5, 8, 7.25, 8.25], "texture": "#4"}
			}
		},
		{
			"from": [10.40556, 3.91629, 7.295],
			"to": [10.94556, 8.68029, 8.705],
			"rotation": {"angle": -45, "axis": "z", "origin": [11.77556, 7.75779, 8]},
			"faces": {
				"north": {"uv": [6.25, 6.5, 6.5, 7.75], "texture": "#4"},
				"east": {"uv": [6.5, 6.5, 6.75, 7.75], "texture": "#4"},
				"south": {"uv": [0, 6.75, 0.25, 8], "texture": "#4"},
				"west": {"uv": [0.25, 6.75, 0.5, 8], "texture": "#4"},
				"up": {"uv": [8.25, 6.75, 8, 6.5], "texture": "#4"},
				"down": {"uv": [8.25, 6.75, 8, 7], "texture": "#4"}
			}
		},
		{
			"from": [8.60556, -0.78371, 7.295],
			"to": [9.54556, 5.88029, 8.705],
			"rotation": {"angle": -45, "axis": "z", "origin": [11.77556, 7.75779, 8]},
			"faces": {
				"north": {"uv": [3.75, 3.25, 4, 5], "texture": "#4"},
				"east": {"uv": [3.5, 3.75, 3.75, 5.5], "texture": "#4"},
				"south": {"uv": [4, 1.5, 4.25, 3.25], "texture": "#4"},
				"west": {"uv": [2, 4, 2.25, 5.75], "texture": "#4"},
				"up": {"uv": [6.5, 8.25, 6.25, 8], "texture": "#4"},
				"down": {"uv": [6.75, 8, 6.5, 8.25], "texture": "#4"}
			}
		},
		{
			"from": [9.50556, 0.11629, 7.295],
			"to": [10.44556, 6.88029, 8.705],
			"rotation": {"angle": -45, "axis": "z", "origin": [11.77556, 7.75779, 8]},
			"faces": {
				"north": {"uv": [4.75, 3.25, 5, 5], "texture": "#4"},
				"east": {"uv": [5, 1.5, 5.25, 3.25], "texture": "#4"},
				"south": {"uv": [5, 3.25, 5.25, 5], "texture": "#4"},
				"west": {"uv": [3.75, 5, 4, 6.75], "texture": "#4"},
				"up": {"uv": [8.5, 6.5, 8.25, 6.25], "texture": "#4"},
				"down": {"uv": [6.75, 8.25, 6.5, 8.5], "texture": "#4"}
			}
		},
		{
			"from": [4.79909, 8.06164, 7.295],
			"to": [11.14409, 9.00164, 8.705],
			"rotation": {"angle": 0, "axis": "z", "origin": [11.47159, 9.43164, 8]},
			"faces": {
				"north": {"uv": [6, 0, 7.5, 0.25], "texture": "#4"},
				"east": {"uv": [8.25, 6.75, 8.5, 7], "texture": "#4"},
				"south": {"uv": [6, 0.25, 7.5, 0.5], "texture": "#4"},
				"west": {"uv": [7, 8.25, 7.25, 8.5], "texture": "#4"},
				"up": {"uv": [7.5, 0.75, 6, 0.5], "texture": "#4"},
				"down": {"uv": [7.75, 5.75, 6.25, 6], "texture": "#4"}
			}
		},
		{
			"from": [0.75, 7, 6.75],
			"to": [1.25, 7.5, 7.25],
			"faces": {
				"north": {"uv": [5.5, 8.5, 5.75, 8.75], "texture": "#4"},
				"east": {"uv": [8.5, 5.5, 8.75, 5.75], "texture": "#4"},
				"south": {"uv": [5.75, 8.5, 6, 8.75], "texture": "#4"},
				"west": {"uv": [8.5, 5.75, 8.75, 6], "texture": "#4"},
				"up": {"uv": [6.25, 8.75, 6, 8.5], "texture": "#4"},
				"down": {"uv": [8.75, 6, 8.5, 6.25], "texture": "#4"}
			}
		},
		{
			"from": [3.75, 5, 6.75],
			"to": [4.25, 5.5, 7.25],
			"faces": {
				"north": {"uv": [6.25, 8.5, 6.5, 8.75], "texture": "#4"},
				"east": {"uv": [8.5, 6.25, 8.75, 6.5], "texture": "#4"},
				"south": {"uv": [6.5, 8.5, 6.75, 8.75], "texture": "#4"},
				"west": {"uv": [8.5, 6.5, 8.75, 6.75], "texture": "#4"},
				"up": {"uv": [7, 8.75, 6.75, 8.5], "texture": "#4"},
				"down": {"uv": [8.75, 6.75, 8.5, 7], "texture": "#4"}
			}
		},
		{
			"from": [3.75, 8.25, 6.75],
			"to": [4.25, 8.75, 7.25],
			"faces": {
				"north": {"uv": [7, 8.5, 7.25, 8.75], "texture": "#4"},
				"east": {"uv": [8.5, 7, 8.75, 7.25], "texture": "#4"},
				"south": {"uv": [7.25, 8.5, 7.5, 8.75], "texture": "#4"},
				"west": {"uv": [8.5, 7.25, 8.75, 7.5], "texture": "#4"},
				"up": {"uv": [7.75, 8.75, 7.5, 8.5], "texture": "#4"},
				"down": {"uv": [8.75, 7.5, 8.5, 7.75], "texture": "#4"}
			}
		},
		{
			"from": [5.75, 10.5, 6.75],
			"to": [6.25, 11, 7.25],
			"faces": {
				"north": {"uv": [7.75, 8.5, 8, 8.75], "texture": "#4"},
				"east": {"uv": [8.5, 7.75, 8.75, 8], "texture": "#4"},
				"south": {"uv": [8, 8.5, 8.25, 8.75], "texture": "#4"},
				"west": {"uv": [8.5, 8, 8.75, 8.25], "texture": "#4"},
				"up": {"uv": [8.5, 8.75, 8.25, 8.5], "texture": "#4"},
				"down": {"uv": [8.75, 8.25, 8.5, 8.5], "texture": "#4"}
			}
		},
		{
			"from": [6.75, 14.25, 6.75],
			"to": [7.25, 14.75, 7.25],
			"faces": {
				"north": {"uv": [8.5, 8.5, 8.75, 8.75], "texture": "#4"},
				"east": {"uv": [0, 8.75, 0.25, 9], "texture": "#4"},
				"south": {"uv": [8.75, 0, 9, 0.25], "texture": "#4"},
				"west": {"uv": [0.25, 8.75, 0.5, 9], "texture": "#4"},
				"up": {"uv": [9, 0.5, 8.75, 0.25], "texture": "#4"},
				"down": {"uv": [0.75, 8.75, 0.5, 9], "texture": "#4"}
			}
		},
		{
			"from": [-1.5, 5.5, 6.75],
			"to": [-1, 6, 7.25],
			"faces": {
				"north": {"uv": [8.75, 0.5, 9, 0.75], "texture": "#4"},
				"east": {"uv": [0.75, 8.75, 1, 9], "texture": "#4"},
				"south": {"uv": [8.75, 0.75, 9, 1], "texture": "#4"},
				"west": {"uv": [1, 8.75, 1.25, 9], "texture": "#4"},
				"up": {"uv": [9, 1.25, 8.75, 1], "texture": "#4"},
				"down": {"uv": [1.5, 8.75, 1.25, 9], "texture": "#4"}
			}
		},
		{
			"from": [6, 6.25, 6.75],
			"to": [6.5, 6.75, 7.25],
			"faces": {
				"north": {"uv": [4.5, 9, 4.75, 9.25], "texture": "#4"},
				"east": {"uv": [9, 4.5, 9.25, 4.75], "texture": "#4"},
				"south": {"uv": [4.75, 9, 5, 9.25], "texture": "#4"},
				"west": {"uv": [9, 4.75, 9.25, 5], "texture": "#4"},
				"up": {"uv": [5.25, 9.25, 5, 9], "texture": "#4"},
				"down": {"uv": [9.25, 5, 9, 5.25], "texture": "#4"}
			}
		},
		{
			"from": [-0.25, 4.25, 6.75],
			"to": [0.25, 4.75, 7.25],
			"faces": {
				"north": {"uv": [8.75, 1.25, 9, 1.5], "texture": "#4"},
				"east": {"uv": [1.5, 8.75, 1.75, 9], "texture": "#4"},
				"south": {"uv": [8.75, 1.5, 9, 1.75], "texture": "#4"},
				"west": {"uv": [1.75, 8.75, 2, 9], "texture": "#4"},
				"up": {"uv": [9, 2, 8.75, 1.75], "texture": "#4"},
				"down": {"uv": [2.25, 8.75, 2, 9], "texture": "#4"}
			}
		},
		{
			"from": [6.75, 14.25, 6.75],
			"to": [7.25, 14.75, 7.25],
			"faces": {
				"north": {"uv": [8.25, 7, 8.5, 7.25], "texture": "#4"},
				"east": {"uv": [7.25, 8.25, 7.5, 8.5], "texture": "#4"},
				"south": {"uv": [8.25, 7.25, 8.5, 7.5], "texture": "#4"},
				"west": {"uv": [7.5, 8.25, 7.75, 8.5], "texture": "#4"},
				"up": {"uv": [8.5, 7.75, 8.25, 7.5], "texture": "#4"},
				"down": {"uv": [8, 8.25, 7.75, 8.5], "texture": "#4"}
			}
		},
		{
			"from": [9.5, 6.25, 8.75],
			"to": [10, 6.75, 9.25],
			"rotation": {"angle": 0, "axis": "y", "origin": [16, 0, 16]},
			"faces": {
				"north": {"uv": [8.75, 5.75, 9, 6], "texture": "#4"},
				"east": {"uv": [6, 8.75, 6.25, 9], "texture": "#4"},
				"south": {"uv": [8.75, 6, 9, 6.25], "texture": "#4"},
				"west": {"uv": [6.25, 8.75, 6.5, 9], "texture": "#4"},
				"up": {"uv": [9, 6.5, 8.75, 6.25], "texture": "#4"},
				"down": {"uv": [6.75, 8.75, 6.5, 9], "texture": "#4"}
			}
		},
		{
			"from": [11.75, 8.25, 8.75],
			"to": [12.25, 8.75, 9.25],
			"rotation": {"angle": 0, "axis": "y", "origin": [16, 0, 16]},
			"faces": {
				"north": {"uv": [8.75, 5, 9, 5.25], "texture": "#4"},
				"east": {"uv": [5.25, 8.75, 5.5, 9], "texture": "#4"},
				"south": {"uv": [8.75, 5.25, 9, 5.5], "texture": "#4"},
				"west": {"uv": [5.5, 8.75, 5.75, 9], "texture": "#4"},
				"up": {"uv": [9, 5.75, 8.75, 5.5], "texture": "#4"},
				"down": {"uv": [6, 8.75, 5.75, 9], "texture": "#4"}
			}
		},
		{
			"from": [11.75, 5, 8.75],
			"to": [12.25, 5.5, 9.25],
			"rotation": {"angle": 0, "axis": "y", "origin": [16, 0, 16]},
			"faces": {
				"north": {"uv": [8.75, 4.25, 9, 4.5], "texture": "#4"},
				"east": {"uv": [4.5, 8.75, 4.75, 9], "texture": "#4"},
				"south": {"uv": [8.75, 4.5, 9, 4.75], "texture": "#4"},
				"west": {"uv": [4.75, 8.75, 5, 9], "texture": "#4"},
				"up": {"uv": [9, 5, 8.75, 4.75], "texture": "#4"},
				"down": {"uv": [5.25, 8.75, 5, 9], "texture": "#4"}
			}
		},
		{
			"from": [14.75, 7, 8.75],
			"to": [15.25, 7.5, 9.25],
			"rotation": {"angle": 0, "axis": "y", "origin": [16, 0, 16]},
			"faces": {
				"north": {"uv": [8.75, 3.5, 9, 3.75], "texture": "#4"},
				"east": {"uv": [3.75, 8.75, 4, 9], "texture": "#4"},
				"south": {"uv": [8.75, 3.75, 9, 4], "texture": "#4"},
				"west": {"uv": [4, 8.75, 4.25, 9], "texture": "#4"},
				"up": {"uv": [9, 4.25, 8.75, 4], "texture": "#4"},
				"down": {"uv": [4.5, 8.75, 4.25, 9], "texture": "#4"}
			}
		},
		{
			"from": [15.75, 4.25, 8.75],
			"to": [16.25, 4.75, 9.25],
			"rotation": {"angle": 0, "axis": "y", "origin": [16, 0, 16]},
			"faces": {
				"north": {"uv": [8.75, 2.75, 9, 3], "texture": "#4"},
				"east": {"uv": [3, 8.75, 3.25, 9], "texture": "#4"},
				"south": {"uv": [8.75, 3, 9, 3.25], "texture": "#4"},
				"west": {"uv": [3.25, 8.75, 3.5, 9], "texture": "#4"},
				"up": {"uv": [9, 3.5, 8.75, 3.25], "texture": "#4"},
				"down": {"uv": [3.75, 8.75, 3.5, 9], "texture": "#4"}
			}
		},
		{
			"from": [17, 5.5, 8.75],
			"to": [17.5, 6, 9.25],
			"rotation": {"angle": 0, "axis": "y", "origin": [16, 0, 16]},
			"faces": {
				"north": {"uv": [8.75, 2, 9, 2.25], "texture": "#4"},
				"east": {"uv": [2.25, 8.75, 2.5, 9], "texture": "#4"},
				"south": {"uv": [8.75, 2.25, 9, 2.5], "texture": "#4"},
				"west": {"uv": [2.5, 8.75, 2.75, 9], "texture": "#4"},
				"up": {"uv": [9, 2.75, 8.75, 2.5], "texture": "#4"},
				"down": {"uv": [3, 8.75, 2.75, 9], "texture": "#4"}
			}
		},
		{
			"from": [8.5, 12.5, 6.75],
			"to": [9, 13, 7.25],
			"rotation": {"angle": 0, "axis": "y", "origin": [16, 0, 0]},
			"faces": {
				"north": {"uv": [2.5, 8.5, 2.75, 8.75], "texture": "#4"},
				"east": {"uv": [8.5, 2.5, 8.75, 2.75], "texture": "#4"},
				"south": {"uv": [2.75, 8.5, 3, 8.75], "texture": "#4"},
				"west": {"uv": [8.5, 2.75, 8.75, 3], "texture": "#4"},
				"up": {"uv": [3.25, 8.75, 3, 8.5], "texture": "#4"},
				"down": {"uv": [8.75, 3, 8.5, 3.25], "texture": "#4"}
			}
		},
		{
			"from": [8.5, 7.25, 6.75],
			"to": [9, 7.75, 7.25],
			"rotation": {"angle": 0, "axis": "y", "origin": [16, 0, 0]},
			"faces": {
				"north": {"uv": [4, 8.5, 4.25, 8.75], "texture": "#4"},
				"east": {"uv": [8.5, 4, 8.75, 4.25], "texture": "#4"},
				"south": {"uv": [4.25, 8.5, 4.5, 8.75], "texture": "#4"},
				"west": {"uv": [8.5, 4.25, 8.75, 4.5], "texture": "#4"},
				"up": {"uv": [4.75, 8.75, 4.5, 8.5], "texture": "#4"},
				"down": {"uv": [8.75, 4.5, 8.5, 4.75], "texture": "#4"}
			}
		},
		{
			"from": [10.25, 5, 6.75],
			"to": [10.75, 5.5, 7.25],
			"rotation": {"angle": 0, "axis": "y", "origin": [16, 0, 0]},
			"faces": {
				"north": {"uv": [0.25, 8.5, 0.5, 8.75], "texture": "#4"},
				"east": {"uv": [8.5, 0.25, 8.75, 0.5], "texture": "#4"},
				"south": {"uv": [0.5, 8.5, 0.75, 8.75], "texture": "#4"},
				"west": {"uv": [8.5, 0.5, 8.75, 0.75], "texture": "#4"},
				"up": {"uv": [1, 8.75, 0.75, 8.5], "texture": "#4"},
				"down": {"uv": [8.75, 0.75, 8.5, 1], "texture": "#4"}
			}
		},
		{
			"from": [11.75, 8.25, 6.75],
			"to": [12.25, 8.75, 7.25],
			"rotation": {"angle": 0, "axis": "y", "origin": [16, 0, 0]},
			"faces": {
				"north": {"uv": [1, 8.5, 1.25, 8.75], "texture": "#4"},
				"east": {"uv": [8.5, 1, 8.75, 1.25], "texture": "#4"},
				"south": {"uv": [1.25, 8.5, 1.5, 8.75], "texture": "#4"},
				"west": {"uv": [8.5, 1.25, 8.75, 1.5], "texture": "#4"},
				"up": {"uv": [1.75, 8.75, 1.5, 8.5], "texture": "#4"},
				"down": {"uv": [8.75, 1.5, 8.5, 1.75], "texture": "#4"}
			}
		},
		{
			"from": [9.75, 10.5, 6.75],
			"to": [10.25, 11, 7.25],
			"rotation": {"angle": 0, "axis": "y", "origin": [16, 0, 0]},
			"faces": {
				"north": {"uv": [1.75, 8.5, 2, 8.75], "texture": "#4"},
				"east": {"uv": [8.5, 1.75, 8.75, 2], "texture": "#4"},
				"south": {"uv": [2, 8.5, 2.25, 8.75], "texture": "#4"},
				"west": {"uv": [8.5, 2, 8.75, 2.25], "texture": "#4"},
				"up": {"uv": [2.5, 8.75, 2.25, 8.5], "texture": "#4"},
				"down": {"uv": [8.75, 2.25, 8.5, 2.5], "texture": "#4"}
			}
		},
		{
			"from": [14, 6.5, 6.75],
			"to": [14.5, 7, 7.25],
			"rotation": {"angle": 0, "axis": "y", "origin": [16, 0, 0]},
			"faces": {
				"north": {"uv": [8.25, 7.75, 8.5, 8], "texture": "#4"},
				"east": {"uv": [8, 8.25, 8.25, 8.5], "texture": "#4"},
				"south": {"uv": [8.25, 8, 8.5, 8.25], "texture": "#4"},
				"west": {"uv": [8.25, 8.25, 8.5, 8.5], "texture": "#4"},
				"up": {"uv": [0.25, 8.75, 0, 8.5], "texture": "#4"},
				"down": {"uv": [8.75, 0, 8.5, 0.25], "texture": "#4"}
			}
		},
		{
			"from": [14.75, 4.5, 6.75],
			"to": [15.25, 5, 7.25],
			"rotation": {"angle": 0, "axis": "y", "origin": [16, 0, 0]},
			"faces": {
				"north": {"uv": [4.75, 8.5, 5, 8.75], "texture": "#4"},
				"east": {"uv": [8.5, 4.75, 8.75, 5], "texture": "#4"},
				"south": {"uv": [5, 8.5, 5.25, 8.75], "texture": "#4"},
				"west": {"uv": [8.5, 5, 8.75, 5.25], "texture": "#4"},
				"up": {"uv": [5.5, 8.75, 5.25, 8.5], "texture": "#4"},
				"down": {"uv": [8.75, 5.25, 8.5, 5.5], "texture": "#4"}
			}
		},
		{
			"from": [17, 5.5, 6.75],
			"to": [17.5, 6, 7.25],
			"rotation": {"angle": 0, "axis": "y", "origin": [16, 0, 0]},
			"faces": {
				"north": {"uv": [3.25, 8.5, 3.5, 8.75], "texture": "#4"},
				"east": {"uv": [8.5, 3.25, 8.75, 3.5], "texture": "#4"},
				"south": {"uv": [3.5, 8.5, 3.75, 8.75], "texture": "#4"},
				"west": {"uv": [8.5, 3.5, 8.75, 3.75], "texture": "#4"},
				"up": {"uv": [4, 8.75, 3.75, 8.5], "texture": "#4"},
				"down": {"uv": [8.75, 3.75, 8.5, 4], "texture": "#4"}
			}
		},
		{
			"from": [7, 12.5, 8.75],
			"to": [7.5, 13, 9.25],
			"rotation": {"angle": 0, "axis": "y", "origin": [0, 0, 16]},
			"faces": {
				"north": {"uv": [0.75, 9, 1, 9.25], "texture": "#4"},
				"east": {"uv": [9, 0.75, 9.25, 1], "texture": "#4"},
				"south": {"uv": [1, 9, 1.25, 9.25], "texture": "#4"},
				"west": {"uv": [9, 1, 9.25, 1.25], "texture": "#4"},
				"up": {"uv": [1.5, 9.25, 1.25, 9], "texture": "#4"},
				"down": {"uv": [9.25, 1.25, 9, 1.5], "texture": "#4"}
			}
		},
		{
			"from": [8.75, 14.25, 8.75],
			"to": [9.25, 14.75, 9.25],
			"rotation": {"angle": 0, "axis": "y", "origin": [16, 0, 16]},
			"faces": {
				"north": {"uv": [8.75, 7.25, 9, 7.5], "texture": "#4"},
				"east": {"uv": [7.5, 8.75, 7.75, 9], "texture": "#4"},
				"south": {"uv": [8.75, 7.5, 9, 7.75], "texture": "#4"},
				"west": {"uv": [7.75, 8.75, 8, 9], "texture": "#4"},
				"up": {"uv": [9, 8, 8.75, 7.75], "texture": "#4"},
				"down": {"uv": [8.25, 8.75, 8, 9], "texture": "#4"}
			}
		},
		{
			"from": [9.75, 10.5, 8.75],
			"to": [10.25, 11, 9.25],
			"rotation": {"angle": 0, "axis": "y", "origin": [16, 0, 16]},
			"faces": {
				"north": {"uv": [8.75, 6.5, 9, 6.75], "texture": "#4"},
				"east": {"uv": [6.75, 8.75, 7, 9], "texture": "#4"},
				"south": {"uv": [8.75, 6.75, 9, 7], "texture": "#4"},
				"west": {"uv": [7, 8.75, 7.25, 9], "texture": "#4"},
				"up": {"uv": [9, 7.25, 8.75, 7], "texture": "#4"},
				"down": {"uv": [7.5, 8.75, 7.25, 9], "texture": "#4"}
			}
		},
		{
			"from": [5.75, 10.5, 8.75],
			"to": [6.25, 11, 9.25],
			"rotation": {"angle": 0, "axis": "y", "origin": [0, 0, 16]},
			"faces": {
				"north": {"uv": [1.5, 9, 1.75, 9.25], "texture": "#4"},
				"east": {"uv": [9, 1.5, 9.25, 1.75], "texture": "#4"},
				"south": {"uv": [1.75, 9, 2, 9.25], "texture": "#4"},
				"west": {"uv": [9, 1.75, 9.25, 2], "texture": "#4"},
				"up": {"uv": [2.25, 9.25, 2, 9], "texture": "#4"},
				"down": {"uv": [9.25, 2, 9, 2.25], "texture": "#4"}
			}
		},
		{
			"from": [7, 7.25, 8.75],
			"to": [7.5, 7.75, 9.25],
			"rotation": {"angle": 0, "axis": "y", "origin": [0, 0, 16]},
			"faces": {
				"north": {"uv": [8.75, 8, 9, 8.25], "texture": "#4"},
				"east": {"uv": [8.25, 8.75, 8.5, 9], "texture": "#4"},
				"south": {"uv": [8.75, 8.25, 9, 8.5], "texture": "#4"},
				"west": {"uv": [8.5, 8.75, 8.75, 9], "texture": "#4"},
				"up": {"uv": [9, 8.75, 8.75, 8.5], "texture": "#4"},
				"down": {"uv": [9, 8.75, 8.75, 9], "texture": "#4"}
			}
		},
		{
			"from": [5.25, 5, 8.75],
			"to": [5.75, 5.5, 9.25],
			"rotation": {"angle": 0, "axis": "y", "origin": [0, 0, 16]},
			"faces": {
				"north": {"uv": [3, 9, 3.25, 9.25], "texture": "#4"},
				"east": {"uv": [9, 3, 9.25, 3.25], "texture": "#4"},
				"south": {"uv": [3.25, 9, 3.5, 9.25], "texture": "#4"},
				"west": {"uv": [9, 3.25, 9.25, 3.5], "texture": "#4"},
				"up": {"uv": [3.75, 9.25, 3.5, 9], "texture": "#4"},
				"down": {"uv": [9.25, 3.5, 9, 3.75], "texture": "#4"}
			}
		},
		{
			"from": [3.75, 8.25, 8.75],
			"to": [4.25, 8.75, 9.25],
			"rotation": {"angle": 0, "axis": "y", "origin": [0, 0, 16]},
			"faces": {
				"north": {"uv": [2.25, 9, 2.5, 9.25], "texture": "#4"},
				"east": {"uv": [9, 2.25, 9.25, 2.5], "texture": "#4"},
				"south": {"uv": [2.5, 9, 2.75, 9.25], "texture": "#4"},
				"west": {"uv": [9, 2.5, 9.25, 2.75], "texture": "#4"},
				"up": {"uv": [3, 9.25, 2.75, 9], "texture": "#4"},
				"down": {"uv": [9.25, 2.75, 9, 3], "texture": "#4"}
			}
		},
		{
			"from": [1.5, 6.5, 8.75],
			"to": [2, 7, 9.25],
			"rotation": {"angle": 0, "axis": "y", "origin": [0, 0, 16]},
			"faces": {
				"north": {"uv": [3.75, 9, 4, 9.25], "texture": "#4"},
				"east": {"uv": [9, 3.75, 9.25, 4], "texture": "#4"},
				"south": {"uv": [4, 9, 4.25, 9.25], "texture": "#4"},
				"west": {"uv": [9, 4, 9.25, 4.25], "texture": "#4"},
				"up": {"uv": [4.5, 9.25, 4.25, 9], "texture": "#4"},
				"down": {"uv": [9.25, 4.25, 9, 4.5], "texture": "#4"}
			}
		},
		{
			"from": [0.75, 4.5, 8.75],
			"to": [1.25, 5, 9.25],
			"rotation": {"angle": 0, "axis": "y", "origin": [0, 0, 16]},
			"faces": {
				"north": {"uv": [5.25, 9, 5.5, 9.25], "texture": "#4"},
				"east": {"uv": [9, 5.25, 9.25, 5.5], "texture": "#4"},
				"south": {"uv": [5.5, 9, 5.75, 9.25], "texture": "#4"},
				"west": {"uv": [9, 5.5, 9.25, 5.75], "texture": "#4"},
				"up": {"uv": [6, 9.25, 5.75, 9], "texture": "#4"},
				"down": {"uv": [9.25, 5.75, 9, 6], "texture": "#4"}
			}
		},
		{
			"from": [-1.5, 5.5, 8.75],
			"to": [-1, 6, 9.25],
			"rotation": {"angle": 0, "axis": "y", "origin": [0, 0, 16]},
			"faces": {
				"north": {"uv": [0, 9, 0.25, 9.25], "texture": "#4"},
				"east": {"uv": [9, 0, 9.25, 0.25], "texture": "#4"},
				"south": {"uv": [0.25, 9, 0.5, 9.25], "texture": "#4"},
				"west": {"uv": [9, 0.25, 9.25, 0.5], "texture": "#4"},
				"up": {"uv": [0.75, 9.25, 0.5, 9], "texture": "#4"},
				"down": {"uv": [9.25, 0.5, 9, 0.75], "texture": "#4"}
			}
		}
	],
	"gui_light": "front",
	"display": {
		"thirdperson_righthand": {
			"rotation": [75, 45, 0],
			"translation": [0, 2.5, 0],
			"scale": [0.375, 0.375, 0.375]
		},
		"thirdperson_lefthand": {
			"rotation": [75, 45, 0],
			"translation": [0, 2.5, 0],
			"scale": [0.375, 0.375, 0.375]
		},
		"firstperson_righthand": {
			"rotation": [0, 45, 0],
			"scale": [0.4, 0.4, 0.4]
		},
		"firstperson_lefthand": {
			"rotation": [0, 225, 0],
			"scale": [0.4, 0.4, 0.4]
		},
		"ground": {
			"translation": [0, 3, 0],
			"scale": [0.8, 0.8, 0.8]
		},
		"gui": {
			"rotation": [30, 225, 0],
			"translation": [0, 0.75, 0],
			"scale": [0.625, 0.625, 0.625]
		},
		"head": {
			"translation": [0, 10.25, -2],
			"scale": [0.9, 0.9, 0.9]
		},
		"fixed": {
			"translation": [0, 1.5, 0],
			"scale": [0.8, 0.8, 0.8]
		}
	},
	"groups": [
		{
			"name": "group",
			"origin": [8, 8, 8],
			"color": 0,
			"children": [
				0,
				1,
				2,
				{
					"name": "group",
					"origin": [10.05916, 15.76285, 8],
					"color": 0,
					"children": [3, 4, 5, 6, 7, 8, 9, 10, 11, 12, 13, 14, 15, 16, 17, 18, 19, 20, 21, 22, 23, 24, 25, 26, 27, 28, 29, 30, 31, 32, 33, 34, 35, 36, 37, 38, 39, 40, 41, 42, 43, 44, 45, 46]
				}
			]
		},
		{
			"name": "octagon",
			"origin": [7.25, 8, 10.125],
			"color": 0,
			"children": []
		},
		{
			"name": "group",
			"origin": [8, 8, 8],
			"color": 0,
			"children": []
		},
		{
			"name": "group",
			"origin": [8, 8, 8],
			"color": 0,
			"children": [47, 48, 49, 50, 51, 52, 53, 54]
		},
		{
			"name": "group",
			"origin": [8, 8, 8],
			"color": 0,
			"children": [
				{
					"name": "group",
					"origin": [0, 0, 16],
					"color": 0,
					"children": [55, 56, 57, 58, 59, 60, 61, 62, 63, 64, 65, 66, 67, 68, 69, 70, 71, 72, 73, 74, 75, 76, 77, 78, 79]
				},
				{
					"name": "group",
					"origin": [0, 0, 16],
					"color": 0,
					"children": []
				}
			]
		}
	]
}