{
	"credit": "Made with Blockbench",
	"textures": {
		"0": "custom/372",
		"particle": "custom/372"
	},
	"elements": [
		{
			"from": [2.16074, -4.23563, 11.4],
			"to": [8.16074, 2.96437, 11.406],
			"rotation": {"angle": -22.5, "axis": "z", "origin": [3.86174, -0.63563, 9.602]},
			"faces": {
				"north": {"uv": [15.4375, 8.625, 9.5, 16], "texture": "#0"},
				"east": {"uv": [0, 0, 0.01, 16], "texture": "#0"},
				"south": {"uv": [9.5, 8.625, 15.4375, 16], "texture": "#0"},
				"west": {"uv": [0, 0, 0.01, 16], "texture": "#0"},
				"up": {"uv": [0, 0, 8, 0.01], "texture": "#0"},
				"down": {"uv": [0, 0, 8, 0.01], "texture": "#0"}
			}
		},
		{
			"from": [-12, -1.21074, 12.4],
			"to": [6.04852, 11.78926, 12.41],
			"rotation": {"angle": 22.5, "axis": "y", "origin": [5.54852, 8.28926, 12.405]},
			"faces": {
				"north": {"uv": [10.8125, 0.625, 0, 8.5625], "texture": "#0"},
				"east": {"uv": [0, 0, 0.01, 16], "texture": "#0"},
				"south": {"uv": [0, 0.625, 10.8125, 8.5625], "texture": "#0"},
				"west": {"uv": [0, 0, 0.01, 16], "texture": "#0"},
				"up": {"uv": [0, 0, 8, 0.01], "texture": "#0"},
				"down": {"uv": [0, 0, 8, 0.01], "texture": "#0"}
			}
		},
		{
			"from": [2.16074, -4.23563, 7.8],
			"to": [2.16674, 2.96437, 11.4],
			"rotation": {"angle": -22.5, "axis": "z", "origin": [3.86174, -0.63563, 9.602]},
			"faces": {
				"north": {"uv": [0, 0, 0.01, 16], "texture": "#0"},
				"east": {"uv": [9.4375, 8.625, 5, 16], "texture": "#0"},
				"south": {"uv": [0, 0, 0.01, 16], "texture": "#0"},
				"west": {"uv": [5, 8.625, 9.4375, 16], "texture": "#0"},
				"up": {"uv": [0, 0, 0.01, 16], "texture": "#0"},
				"down": {"uv": [0, 0, 0.01, 16], "texture": "#0"}
			}
		},
		{
			"from": [6.08358, -1.93939, 11.7],
			"to": [10.08358, 2.06061, 11.71],
			"rotation": {"angle": 0, "axis": "z", "origin": [9.58358, 1.56061, 11.705]},
			"faces": {
				"north": {"uv": [10.6875, 0, 16, 5.5625], "texture": "#0"},
				"east": {"uv": [0, 0, 0.01, 16], "texture": "#0"},
				"south": {"uv": [16, 0, 10.6875, 5.5625], "texture": "#0"},
				"west": {"uv": [0, 0, 0.01, 16], "texture": "#0"},
				"up": {"uv": [0, 0, 8, 0.01], "texture": "#0"},
				"down": {"uv": [0, 0, 8, 0.01], "texture": "#0"}
			}
		},
		{
			"from": [13.83326, -4.23563, 7.8],
			"to": [13.83926, 2.96437, 11.4],
			"rotation": {"angle": 22.5, "axis": "z", "origin": [12.13826, -0.63563, 9.602]},
			"faces": {
				"north": {"uv": [0.01, 0, 0, 16], "texture": "#0"},
				"east": {"uv": [9.4375, 8.625, 5, 16], "texture": "#0"},
				"south": {"uv": [0.01, 0, 0, 16], "texture": "#0"},
				"west": {"uv": [5, 8.625, 9.4375, 16], "texture": "#0"},
				"up": {"uv": [0.01, 0, 0, 16], "texture": "#0"},
				"down": {"uv": [0.01, 0, 0, 16], "texture": "#0"}
			}
		},
		{
			"from": [7.83926, -4.23563, 11.4],
			"to": [13.83926, 2.96437, 11.406],
			"rotation": {"angle": 22.5, "axis": "z", "origin": [12.13826, -0.63563, 9.602]},
			"faces": {
				"north": {"uv": [9.5, 8.625, 15.4375, 16], "texture": "#0"},
				"east": {"uv": [0.01, 0, 0, 16], "texture": "#0"},
				"south": {"uv": [15.4375, 8.625, 9.5, 16], "texture": "#0"},
				"west": {"uv": [0.01, 0, 0, 16], "texture": "#0"},
				"up": {"uv": [8, 0, 0, 0.01], "texture": "#0"},
				"down": {"uv": [8, 0, 0, 0.01], "texture": "#0"}
			}
		},
		{
			"from": [2.16074, -4.23563, 7.8],
			"to": [8.16074, 2.96437, 7.806],
			"rotation": {"angle": -22.5, "axis": "z", "origin": [3.86174, -0.63563, 9.604]},
			"faces": {
				"north": {"uv": [15.4375, 8.625, 9.5, 16], "texture": "#0"},
				"east": {"uv": [0.01, 0, 0, 16], "texture": "#0"},
				"south": {"uv": [9.5, 8.625, 15.4375, 16], "texture": "#0"},
				"west": {"uv": [0.01, 0, 0, 16], "texture": "#0"},
				"up": {"uv": [0, 0.01, 8, 0], "texture": "#0"},
				"down": {"uv": [0, 0.01, 8, 0], "texture": "#0"}
			}
		},
		{
			"from": [6.08358, -1.93939, 7.496],
			"to": [10.08358, 2.06061, 7.506],
			"rotation": {"angle": 0, "axis": "z", "origin": [9.58358, 1.56061, 7.501]},
			"faces": {
				"north": {"uv": [10.6875, 0, 16, 5.5625], "texture": "#0"},
				"east": {"uv": [0.01, 0, 0, 16], "texture": "#0"},
				"south": {"uv": [16, 0, 10.6875, 5.5625], "texture": "#0"},
				"west": {"uv": [0.01, 0, 0, 16], "texture": "#0"},
				"up": {"uv": [0, 0.01, 8, 0], "texture": "#0"},
				"down": {"uv": [0, 0.01, 8, 0], "texture": "#0"}
			}
		},
		{
			"from": [7.83926, -4.23563, 7.8],
			"to": [13.83926, 2.96437, 7.806],
			"rotation": {"angle": 22.5, "axis": "z", "origin": [12.13826, -0.63563, 9.604]},
			"faces": {
				"north": {"uv": [9.5, 8.625, 15.4375, 16], "texture": "#0"},
				"east": {"uv": [0, 0, 0.01, 16], "texture": "#0"},
				"south": {"uv": [15.4375, 8.625, 9.5, 16], "texture": "#0"},
				"west": {"uv": [0, 0, 0.01, 16], "texture": "#0"},
				"up": {"uv": [8, 0.01, 0, 0], "texture": "#0"},
				"down": {"uv": [8, 0.01, 0, 0], "texture": "#0"}
			}
		},
		{
			"from": [9.95148, -1.21074, 12.4],
			"to": [28, 11.78926, 12.41],
			"rotation": {"angle": -22.5, "axis": "y", "origin": [10.45148, 8.28926, 12.405]},
			"faces": {
				"north": {"uv": [0, 0.625, 10.8125, 8.5625], "texture": "#0"},
				"east": {"uv": [0.01, 0, 0, 16], "texture": "#0"},
				"south": {"uv": [10.8125, 0.625, 0, 8.5625], "texture": "#0"},
				"west": {"uv": [0.01, 0, 0, 16], "texture": "#0"},
				"up": {"uv": [8, 0, 0, 0.01], "texture": "#0"},
				"down": {"uv": [8, 0, 0, 0.01], "texture": "#0"}
			}
		}
	],
	"gui_light": "front",
	"display": {
		"thirdperson_righthand": {
			"rotation": [68, 0, 0],
			"translation": [0, 3.25, 2.75],
			"scale": [0.4, 0.4, 0.4]
		},
		"thirdperson_lefthand": {
			"rotation": [68, 0, 0],
			"translation": [-6, 5, 19.5],
			"scale": [1.82, 1.82, 1.82]
		},
		"firstperson_righthand": {
			"translation": [0, 5.25, 0],
			"scale": [0.3, 0.3, 0.3]
		},
		"firstperson_lefthand": {
			"translation": [0, 5.25, 0],
			"scale": [0.3, 0.3, 0.3]
		},
		"ground": {
			"translation": [0, 5.25, 0],
			"scale": [0.4, 0.4, 0.4]
		},
		"gui": {
			"rotation": [16, -139, 0],
			"translation": [3, 0, 0],
			"scale": [0.5, 0.5, 0.5]
		},
		"head": {
			"translation": [0, -30.75, -4.75],
			"scale": [3, 3, 3]
		},
		"fixed": {
			"translation": [0, 17, -38.25],
			"scale": [3, 3, 3]
		}
	}
}