{
	"credit": "Made with Blockbench",
	"textures": {
		"0": "custom/370",
		"particle": "custom/370"
	},
	"elements": [
		{
			"from": [-9, -5, 16],
			"to": [25, 29, 16.01],
			"faces": {
				"north": {"uv": [0.4375, 0.5625, 7.4375, 7.5625], "texture": "#0"},
				"east": {"uv": [0, 0, 16, 0], "texture": "#0"},
				"south": {"uv": [7.4375, 0.5625, 0.4375, 7.5625], "texture": "#0"},
				"west": {"uv": [0, 0, 16, 0], "texture": "#0"},
				"up": {"uv": [0, 0, 16, 0], "texture": "#0"},
				"down": {"uv": [0, 0, 16, 0], "texture": "#0"}
			}
		},
		{
			"from": [1.91177, -6.94134, 15],
			"to": [13.91177, 5.05866, 15.01],
			"rotation": {"angle": 0, "axis": "z", "origin": [19.41177, 1.55866, 15]},
			"faces": {
				"north": {"uv": [8, 8, 16, 16], "texture": "#0"},
				"east": {"uv": [0, 0, 7, 0], "rotation": 270, "texture": "#0"},
				"south": {"uv": [16, 8, 8, 16], "texture": "#0"},
				"west": {"uv": [0, 0, 7, 0], "rotation": 270, "texture": "#0"},
				"up": {"uv": [0, 0, 0, 7], "rotation": 270, "texture": "#0"},
				"down": {"uv": [0, 0, 0, 7], "rotation": 270, "texture": "#0"}
			}
		},
		{
			"from": [-8.33087, -6.94134, 10.75736],
			"to": [3.66913, 5.05866, 10.76736],
			"rotation": {"angle": -45, "axis": "y", "origin": [-2.33087, -0.94134, 10.75736]},
			"faces": {
				"north": {"uv": [8, 8, 16, 16], "texture": "#0"},
				"east": {"uv": [0, 0, 7, 0], "rotation": 270, "texture": "#0"},
				"south": {"uv": [16, 8, 8, 16], "texture": "#0"},
				"west": {"uv": [0, 0, 7, 0], "rotation": 270, "texture": "#0"},
				"up": {"uv": [0, 0, 0, 7], "rotation": 270, "texture": "#0"},
				"down": {"uv": [0, 0, 0, 7], "rotation": 270, "texture": "#0"}
			}
		},
		{
			"from": [-6.57451, -6.94134, -5.48528],
			"to": [-6.56451, 5.05866, 6.51472],
			"rotation": {"angle": 0, "axis": "y", "origin": [-6.57451, -0.94134, 13.51472]},
			"faces": {
				"north": {"uv": [0, 0, 7, 0], "rotation": 270, "texture": "#0"},
				"east": {"uv": [8, 8, 16, 16], "texture": "#0"},
				"south": {"uv": [0, 0, 7, 0], "rotation": 270, "texture": "#0"},
				"west": {"uv": [16, 8, 8, 16], "texture": "#0"},
				"up": {"uv": [0, 0, 0, 7], "texture": "#0"},
				"down": {"uv": [0, 0, 0, 7], "rotation": 180, "texture": "#0"}
			}
		},
		{
			"from": [15.44731, -6.94134, 12.70711],
			"to": [27.44731, 5.05866, 12.71711],
			"rotation": {"angle": 45, "axis": "y", "origin": [17.44731, -0.94134, 15.70711]},
			"faces": {
				"north": {"uv": [8, 8, 16, 16], "texture": "#0"},
				"east": {"uv": [0, 0, 7, 0], "rotation": 270, "texture": "#0"},
				"south": {"uv": [16, 8, 8, 16], "texture": "#0"},
				"west": {"uv": [0, 0, 7, 0], "rotation": 270, "texture": "#0"},
				"up": {"uv": [0, 0, 0, 7], "rotation": 270, "texture": "#0"},
				"down": {"uv": [0, 0, 0, 7], "rotation": 270, "texture": "#0"}
			}
		},
		{
			"from": [22.39706, -6.94134, -5.48528],
			"to": [22.40706, 5.05866, 6.51472],
			"rotation": {"angle": 0, "axis": "y", "origin": [11.53235, -0.94134, -8.22792]},
			"faces": {
				"north": {"uv": [0, 0, 7, 0], "rotation": 270, "texture": "#0"},
				"east": {"uv": [16, 8, 8, 16], "texture": "#0"},
				"south": {"uv": [0, 0, 7, 0], "rotation": 270, "texture": "#0"},
				"west": {"uv": [8, 8, 16, 16], "texture": "#0"},
				"up": {"uv": [0, 0, 0, 7], "rotation": 180, "texture": "#0"},
				"down": {"uv": [0, 0, 0, 7], "texture": "#0"}
			}
		},
		{
			"from": [9.15349, -6.94134, -13.97039],
			"to": [21.15349, 5.05866, -13.96039],
			"rotation": {"angle": -45, "axis": "y", "origin": [11.53235, -0.94134, -8.22792]},
			"faces": {
				"north": {"uv": [16, 8, 8, 16], "texture": "#0"},
				"east": {"uv": [0, 0, 7, 0], "rotation": 270, "texture": "#0"},
				"south": {"uv": [8, 8, 16, 16], "texture": "#0"},
				"west": {"uv": [0, 0, 7, 0], "rotation": 270, "texture": "#0"},
				"up": {"uv": [0, 0, 0, 7], "rotation": 90, "texture": "#0"},
				"down": {"uv": [0, 0, 0, 7], "rotation": 90, "texture": "#0"}
			}
		},
		{
			"from": [1.91077, -6.94134, -13.97056],
			"to": [13.91077, 5.05866, -13.96056],
			"rotation": {"angle": 0, "axis": "y", "origin": [11.53235, -0.94134, -8.22792]},
			"faces": {
				"north": {"uv": [16, 8, 8, 16], "texture": "#0"},
				"east": {"uv": [0, 0, 7, 0], "rotation": 270, "texture": "#0"},
				"south": {"uv": [8, 8, 16, 16], "texture": "#0"},
				"west": {"uv": [0, 0, 7, 0], "rotation": 270, "texture": "#0"},
				"up": {"uv": [0, 0, 0, 7], "rotation": 90, "texture": "#0"},
				"down": {"uv": [0, 0, 0, 7], "rotation": 90, "texture": "#0"}
			}
		},
		{
			"from": [0.66821, -6.94134, -5.48511],
			"to": [0.67821, 5.05866, 6.51489],
			"rotation": {"angle": -45, "axis": "y", "origin": [11.53235, -0.94134, -8.22792]},
			"faces": {
				"north": {"uv": [0, 0, 7, 0], "rotation": 270, "texture": "#0"},
				"east": {"uv": [8, 8, 16, 16], "texture": "#0"},
				"south": {"uv": [0, 0, 7, 0], "rotation": 270, "texture": "#0"},
				"west": {"uv": [16, 8, 8, 16], "texture": "#0"},
				"up": {"uv": [0, 0, 0, 7], "texture": "#0"},
				"down": {"uv": [0, 0, 0, 7], "rotation": 180, "texture": "#0"}
			}
		}
	],
	"gui_light": "front",
	"display": {
		"thirdperson_righthand": {
			"rotation": [77, 0, 0],
			"translation": [0, 2.75, 3.75],
			"scale": [0.2, 0.2, 0.2]
		},
		"thirdperson_lefthand": {
			"rotation": [77, 0, 0],
			"translation": [0, 2.75, 3.75],
			"scale": [0.2, 0.2, 0.2]
		},
		"firstperson_righthand": {
			"translation": [10.5, 0, -10.75],
			"scale": [0.4, 0.4, 0.4]
		},
		"firstperson_lefthand": {
			"translation": [10.5, 0, -11.5],
			"scale": [0.4, 0.4, 0.4]
		},
		"ground": {
			"translation": [0, 5, 0],
			"scale": [0.2, 0.2, 0.2]
		},
		"gui": {
			"rotation": [40, -146, 0],
			"translation": [0, 0.75, 0],
			"scale": [0.3, 0.3, 0.3]
		},
		"head": {
			"translation": [0, -51.5, 14.25],
			"scale": [2, 2, 2]
		},
		"fixed": {
			"translation": [0, -7.5, -28.5],
			"scale": [3, 3, 3]
		}
	}
}