{
	"credit": "Made with Blockbench",
	"textures": {
		"0": "custom/379",
		"particle": "custom/379"
	},
	"elements": [
		{
			"from": [-9.5, 0, 2.75],
			"to": [8.5, 18, 2.76],
			"rotation": {"angle": 22.5, "axis": "y", "origin": [2, 9, 0]},
			"faces": {
				"north": {"uv": [0, 0, 16, 16], "texture": "#0"},
				"east": {"uv": [0, 0, 0, 16], "texture": "#0"},
				"south": {"uv": [16, 0, 0, 16], "texture": "#0"},
				"west": {"uv": [0, 0, 0, 16], "texture": "#0"},
				"up": {"uv": [0, 0, 16, 0], "texture": "#0"},
				"down": {"uv": [0, 0, 16, 0], "texture": "#0"}
			}
		},
		{
			"from": [7.5, 0, 2.75],
			"to": [25.5, 18, 2.76],
			"rotation": {"angle": -22.5, "axis": "y", "origin": [14, 9, 0]},
			"faces": {
				"north": {"uv": [16, 0, 0, 16], "texture": "#0"},
				"east": {"uv": [0, 0, 0, 16], "texture": "#0"},
				"south": {"uv": [0, 0, 16, 16], "texture": "#0"},
				"west": {"uv": [0, 0, 0, 16], "texture": "#0"},
				"up": {"uv": [16, 0, 0, 0], "texture": "#0"},
				"down": {"uv": [16, 0, 0, 0], "texture": "#0"}
			}
		}
	],
	"display": {
		"thirdperson_righthand": {
			"rotation": [76, 0, 0],
			"translation": [0, -2.25, 1.75],
			"scale": [0.5, 0.5, 0.5]
		},
		"thirdperson_lefthand": {
			"rotation": [76, 0, 0],
			"translation": [0, -2.25, 1.75],
			"scale": [0.5, 0.5, 0.5]
		},
		"firstperson_righthand": {
			"translation": [6.5, -2, -5.25],
			"scale": [0.5, 0.5, 0.5]
		},
		"firstperson_lefthand": {
			"translation": [6.5, -2, -5.25],
			"scale": [0.5, 0.5, 0.5]
		},
		"ground": {
			"translation": [0, 1.75, 3],
			"scale": [0.5, 0.5, 0.5]
		},
		"gui": {
			"translation": [0, -1.25, 0],
			"scale": [0.55, 0.55, 0.55]
		},
		"head": {
			"translation": [0, -45, 17],
			"scale": [2, 2, 2]
		},
		"fixed": {
			"translation": [0, 0, -2.5],
			"scale": [2, 2, 2]
		}
	}
}