{
	"credit": "Made with Blockbench",
	"textures": {
		"0": "custom/352",
		"particle": "custom/352"
	},
	"elements": [
		{
			"from": [-8, 3, 3],
			"to": [9, 3.01, 13],
			"rotation": {"angle": -22.5, "axis": "z", "origin": [0.5, 3.005, 8]},
			"faces": {
				"north": {"uv": [0, 0, 13, 0.01], "texture": "#0"},
				"east": {"uv": [0, 0, 10, 0.01], "texture": "#0"},
				"south": {"uv": [0, 0, 13, 0.01], "texture": "#0"},
				"west": {"uv": [0, 0, 10, 0.01], "texture": "#0"},
				"up": {"uv": [0, 0.5, 7, 15.5], "rotation": 270, "texture": "#0"},
				"down": {"uv": [7, 0.5, 0, 15.5], "rotation": 270, "texture": "#0"}
			}
		},
		{
			"from": [8, 3, 3],
			"to": [25, 3.01, 13],
			"rotation": {"angle": 22.5, "axis": "z", "origin": [16.5, 3.005, 8]},
			"faces": {
				"north": {"uv": [0, 0, 13, 0.01], "texture": "#0"},
				"east": {"uv": [0, 0, 10, 0.01], "texture": "#0"},
				"south": {"uv": [0, 0, 13, 0.01], "texture": "#0"},
				"west": {"uv": [0, 0, 10, 0.01], "texture": "#0"},
				"up": {"uv": [0, 0.5, 7, 15.5], "rotation": 90, "texture": "#0"},
				"down": {"uv": [7, 0.5, 0, 15.5], "rotation": 90, "texture": "#0"}
			}
		},
		{
			"from": [4.5, 3, -8.5],
			"to": [14.5, 3.01, 8.5],
			"rotation": {"angle": 22.5, "axis": "x", "origin": [9.5, 3.005, 0]},
			"faces": {
				"north": {"uv": [0, 0, 10, 0.01], "texture": "#0"},
				"east": {"uv": [0, 0, 13, 0.01], "texture": "#0"},
				"south": {"uv": [0, 0, 10, 0.01], "texture": "#0"},
				"west": {"uv": [0, 0, 13, 0.01], "texture": "#0"},
				"up": {"uv": [0, 0.5, 7, 15.5], "texture": "#0"},
				"down": {"uv": [7, 0.5, 0, 15.5], "rotation": 180, "texture": "#0"}
			}
		},
		{
			"from": [2.5, 3, 7.5],
			"to": [12.5, 3.01, 24.5],
			"rotation": {"angle": -22.5, "axis": "x", "origin": [7.5, 3.005, 16]},
			"faces": {
				"north": {"uv": [0, 0, 10, 0.01], "texture": "#0"},
				"east": {"uv": [0, 0, 13, 0.01], "texture": "#0"},
				"south": {"uv": [0, 0, 10, 0.01], "texture": "#0"},
				"west": {"uv": [0, 0, 13, 0.01], "texture": "#0"},
				"up": {"uv": [0, 0.5, 7, 15.5], "rotation": 180, "texture": "#0"},
				"down": {"uv": [7, 0.5, 0, 15.5], "texture": "#0"}
			}
		},
		{
			"from": [2.25, 0, -5],
			"to": [8.25, 0.01, 9],
			"rotation": {"angle": 45, "axis": "y", "origin": [5.25, 0.005, 4]},
			"faces": {
				"north": {"uv": [0, 0, 6, 0.01], "texture": "#0"},
				"east": {"uv": [0, 0, 9, 0.01], "texture": "#0"},
				"south": {"uv": [0, 0, 6, 0.01], "texture": "#0"},
				"west": {"uv": [0, 0, 9, 0.01], "texture": "#0"},
				"up": {"uv": [11, 0, 15.75, 9.375], "rotation": 270, "texture": "#0"},
				"down": {"uv": [15.75, 0, 11, 9.375], "rotation": 270, "texture": "#0"}
			}
		},
		{
			"from": [7.25, 0, 1],
			"to": [24.25, 0.01, 7],
			"rotation": {"angle": 45, "axis": "y", "origin": [12.25, 0.005, 4]},
			"faces": {
				"north": {"uv": [0, 0, 9, 0.01], "texture": "#0"},
				"east": {"uv": [0, 0, 6, 0.01], "texture": "#0"},
				"south": {"uv": [0, 0, 9, 0.01], "texture": "#0"},
				"west": {"uv": [0, 0, 6, 0.01], "texture": "#0"},
				"up": {"uv": [11, 0, 15.75, 9.375], "texture": "#0"},
				"down": {"uv": [15.75, 0, 11, 9.375], "rotation": 180, "texture": "#0"}
			}
		},
		{
			"from": [11.25, 0, 7],
			"to": [15.25, 0.01, 18],
			"rotation": {"angle": 45, "axis": "y", "origin": [13.25, 0.005, 12]},
			"faces": {
				"north": {"uv": [0, 0, 6, 0.01], "texture": "#0"},
				"east": {"uv": [0, 0, 9, 0.01], "texture": "#0"},
				"south": {"uv": [0, 0, 6, 0.01], "texture": "#0"},
				"west": {"uv": [0, 0, 9, 0.01], "texture": "#0"},
				"up": {"uv": [11, 0, 15.75, 9.375], "rotation": 90, "texture": "#0"},
				"down": {"uv": [15.75, 0, 11, 9.375], "rotation": 90, "texture": "#0"}
			}
		},
		{
			"from": [-4.75, 0, 9],
			"to": [9.25, 0.01, 15],
			"rotation": {"angle": 45, "axis": "y", "origin": [4.25, 0.005, 12]},
			"faces": {
				"north": {"uv": [0, 0, 9, 0.01], "texture": "#0"},
				"east": {"uv": [0, 0, 6, 0.01], "texture": "#0"},
				"south": {"uv": [0, 0, 9, 0.01], "texture": "#0"},
				"west": {"uv": [0, 0, 6, 0.01], "texture": "#0"},
				"up": {"uv": [11, 0, 15.75, 9.375], "rotation": 180, "texture": "#0"},
				"down": {"uv": [15.75, 0, 11, 9.375], "texture": "#0"}
			}
		},
		{
			"from": [0, 4, 15],
			"to": [16, 20, 15],
			"rotation": {"angle": 0, "axis": "y", "origin": [8, 8, 23]},
			"faces": {
				"north": {"uv": [14.125, 9.5, 7.125, 16], "texture": "#0"},
				"east": {"uv": [0, 0, 0, 16], "texture": "#0"},
				"south": {"uv": [7.125, 9.5, 14.125, 16], "texture": "#0"},
				"west": {"uv": [0, 0, 0, 16], "texture": "#0"},
				"up": {"uv": [0, 0, 16, 0], "texture": "#0"},
				"down": {"uv": [0, 0, 16, 0], "texture": "#0"}
			}
		},
		{
			"from": [13, 4, 16],
			"to": [17, 11, 16],
			"rotation": {"angle": -45, "axis": "z", "origin": [15, 7.5, 16]},
			"faces": {
				"north": {"uv": [10.25, 0.25, 6.625, 7.5], "texture": "#0"},
				"east": {"uv": [0, 0, 0, 16], "texture": "#0"},
				"south": {"uv": [6.625, 0.25, 10.25, 7.5], "texture": "#0"},
				"west": {"uv": [0, 0, 0, 16], "texture": "#0"},
				"up": {"uv": [0, 0, 16, 0], "texture": "#0"},
				"down": {"uv": [0, 0, 16, 0], "texture": "#0"}
			}
		},
		{
			"from": [17, 10, 17],
			"to": [21, 19, 17],
			"rotation": {"angle": 0, "axis": "z", "origin": [19, 16.5, 17]},
			"faces": {
				"north": {"uv": [15.625, 0.25, 11, 9.375], "texture": "#0"},
				"east": {"uv": [0, 0, 0, 16], "texture": "#0"},
				"south": {"uv": [11, 0.25, 15.625, 9.375], "texture": "#0"},
				"west": {"uv": [0, 0, 0, 16], "texture": "#0"},
				"up": {"uv": [0, 0, 16, 0], "texture": "#0"},
				"down": {"uv": [0, 0, 16, 0], "texture": "#0"}
			}
		},
		{
			"from": [12, 17, 16],
			"to": [15, 23, 16],
			"rotation": {"angle": 45, "axis": "z", "origin": [14, 21.5, 16]},
			"faces": {
				"north": {"uv": [15.625, 0.25, 11, 9.375], "texture": "#0"},
				"east": {"uv": [0, 0, 0, 16], "texture": "#0"},
				"south": {"uv": [11, 0.25, 15.625, 9.375], "texture": "#0"},
				"west": {"uv": [0, 0, 0, 16], "texture": "#0"},
				"up": {"uv": [0, 0, 16, 0], "texture": "#0"},
				"down": {"uv": [0, 0, 16, 0], "texture": "#0"}
			}
		},
		{
			"from": [-1, 6, 17],
			"to": [3, 13, 17],
			"rotation": {"angle": 45, "axis": "z", "origin": [1, 9.5, 17]},
			"faces": {
				"north": {"uv": [6.625, 0.25, 10.25, 7.5], "texture": "#0"},
				"east": {"uv": [0, 0, 0, 16], "texture": "#0"},
				"south": {"uv": [10.25, 0.25, 6.625, 7.5], "texture": "#0"},
				"west": {"uv": [0, 0, 0, 16], "texture": "#0"},
				"up": {"uv": [16, 0, 0, 0], "texture": "#0"},
				"down": {"uv": [16, 0, 0, 0], "texture": "#0"}
			}
		}
	],
	"gui_light": "front",
	"display": {
		"thirdperson_righthand": {
			"rotation": [60, 0, 0],
			"translation": [0, 4.5, 2.25],
			"scale": [0.3, 0.3, 0.3]
		},
		"thirdperson_lefthand": {
			"rotation": [60, 0, 0],
			"translation": [0, 4.5, 2.25],
			"scale": [0.3, 0.3, 0.3]
		},
		"firstperson_righthand": {
			"translation": [4, 2.25, -4],
			"scale": [0.3, 0.3, 0.3]
		},
		"firstperson_lefthand": {
			"translation": [4, 2.25, -4],
			"scale": [0.3, 0.3, 0.3]
		},
		"ground": {
			"translation": [0, 4, 0],
			"scale": [0.55, 0.55, 0.55]
		},
		"gui": {
			"rotation": [25, -163, 0],
			"translation": [0.25, -0.5, 0],
			"scale": [0.5, 0.5, 0.5]
		},
		"head": {
			"translation": [-0.5, -45.5, -0.5],
			"scale": [3.5, 3.5, 3.5]
		},
		"fixed": {
			"rotation": [-90, 0, 0],
			"translation": [0, -1, -21.75],
			"scale": [2.5, 2.5, 2.5]
		}
	}
}