{
    "credit": "Made with Blockbench",
    "textures": {
        "0": "custom/274",
        "1": "custom/274-1",
        "particle": "custom/274"
    },
    "elements": [
        {
            "from": [
                0,
                0,
                1
            ],
            "to": [
                16,
                13,
                1.01
            ],
            "faces": {
                "north": {
                    "uv": [
                        0,
                        0,
                        16,
                        13
                    ],
                    "texture": "#0"
                },
                "east": {
                    "uv": [
                        0,
                        0,
                        0.01,
                        13
                    ],
                    "texture": "#0"
                },
                "south": {
                    "uv": [
                        16,
                        0,
                        0,
                        13
                    ],
                    "texture": "#0"
                },
                "west": {
                    "uv": [
                        0,
                        0,
                        0.01,
                        13
                    ],
                    "texture": "#0"
                },
                "up": {
                    "uv": [
                        0,
                        0,
                        16,
                        0.01
                    ],
                    "texture": "#0"
                },
                "down": {
                    "uv": [
                        0,
                        0,
                        16,
                        0.01
                    ],
                    "texture": "#0"
                }
            }
        },
        {
            "from": [
                10,
                8,
                0.9375
            ],
            "to": [
                13,
                9,
                0.9475
            ],
            "rotation": {
                "angle": 0,
                "axis": "y",
                "origin": [
                    5,
                    16,
                    7.9375
                ]
            },
            "faces": {
                "north": {
                    "uv": [
                        1,
                        8,
                        6,
                        10
                    ],
                    "texture": "#1"
                },
                "east": {
                    "uv": [
                        0,
                        0,
                        0.01,
                        13
                    ],
                    "texture": "#1"
                },
                "south": {
                    "uv": [
                        6,
                        8,
                        1,
                        10
                    ],
                    "texture": "#1"
                },
                "west": {
                    "uv": [
                        0,
                        0,
                        0.01,
                        13
                    ],
                    "texture": "#1"
                },
                "up": {
                    "uv": [
                        0,
                        0,
                        16,
                        0.01
                    ],
                    "texture": "#1"
                },
                "down": {
                    "uv": [
                        0,
                        0,
                        16,
                        0.01
                    ],
                    "texture": "#1"
                }
            }
        },
        {
            "from": [
                1.125,
                5.125,
                0.9375
            ],
            "to": [
                3.625,
                8.625,
                0.9475
            ],
            "rotation": {
                "angle": 0,
                "axis": "y",
                "origin": [
                    -3.875,
                    15.875,
                    7.9375
                ]
            },
            "faces": {
                "north": {
                    "uv": [
                        11,
                        8.5,
                        16,
                        15.5
                    ],
                    "texture": "#1"
                },
                "east": {
                    "uv": [
                        0,
                        0,
                        0.01,
                        13
                    ],
                    "texture": "#1"
                },
                "south": {
                    "uv": [
                        6,
                        8,
                        1,
                        10
                    ],
                    "texture": "#1"
                },
                "west": {
                    "uv": [
                        0,
                        0,
                        0.01,
                        13
                    ],
                    "texture": "#1"
                },
                "up": {
                    "uv": [
                        0,
                        0,
                        16,
                        0.01
                    ],
                    "texture": "#1"
                },
                "down": {
                    "uv": [
                        0,
                        0,
                        16,
                        0.01
                    ],
                    "texture": "#1"
                }
            }
        },
        {
            "from": [
                10.5,
                11.75,
                0.9375
            ],
            "to": [
                16.5,
                14.75,
                0.9475
            ],
            "rotation": {
                "angle": -22.5,
                "axis": "z",
                "origin": [
                    13,
                    12.25,
                    0.9425
                ]
            },
            "faces": {
                "north": {
                    "uv": [
                        0,
                        0,
                        14.5,
                        7
                    ],
                    "texture": "#1"
                },
                "east": {
                    "uv": [
                        0,
                        0,
                        0.01,
                        13
                    ],
                    "texture": "#1"
                },
                "south": {
                    "uv": [
                        14.5,
                        0,
                        0,
                        7
                    ],
                    "texture": "#1"
                },
                "west": {
                    "uv": [
                        0,
                        0,
                        0.01,
                        13
                    ],
                    "texture": "#1"
                },
                "up": {
                    "uv": [
                        0,
                        0,
                        16,
                        0.01
                    ],
                    "texture": "#1"
                },
                "down": {
                    "uv": [
                        0,
                        0,
                        16,
                        0.01
                    ],
                    "texture": "#1"
                }
            }
        }
    ],
    "gui_light": "front",
    "display": {
        "thirdperson_righthand": {
            "rotation": [
                67,
                0,
                0
            ],
            "translation": [
                6.5,
                -2.5,
                24.25
            ]
        },
        "thirdperson_lefthand": {
            "rotation": [
                67,
                0,
                0
            ],
            "translation": [
                -18.25,
                -2.5,
                24.25
            ]
        },
        "firstperson_righthand": {
            "rotation": [
                0,
                -180,
                0
            ],
            "translation": [
                9.75,
                0,
                -16.25
            ]
        },
        "firstperson_lefthand": {
            "rotation": [
                0,
                -180,
                0
            ],
            "translation": [
                9.75,
                0,
                -16.25
            ]
        },
        "ground": {
            "translation": [
                0,
                5.5,
                6.75
            ]
        },
        "gui": {
            "rotation": [
                0,
                -180,
                0
            ],
            "scale": [
                0.8,
                0.8,
                0.8
            ]
        },
        "head": {
            "translation": [
                21.75,
                -32.25,
                10.25
            ],
            "scale": [
                1.7,
                1.7,
                1.7
            ]
        },
        "fixed": {
            "translation": [
                0,
                0,
                11.25
            ],
            "scale": [
                1.8,
                1.8,
                1.8
            ]
        }
    }
}