{
	"credit": "Made with Blockbench",
	"texture_size": [32, 32],
	"textures": {
		"0": "custom/211",
		"particle": "custom/211"
	},
	"elements": [
		{
			"from": [7.5, 0, 7],
			"to": [8.5, 3, 8],
			"faces": {
				"north": {"uv": [0, 7.5, 0.5, 9], "texture": "#0"},
				"east": {"uv": [0.5, 7.5, 1, 9], "texture": "#0"},
				"south": {"uv": [1, 7.5, 1.5, 9], "texture": "#0"},
				"west": {"uv": [1.5, 7.5, 2, 9], "texture": "#0"},
				"up": {"uv": [8.5, 4, 8, 3.5], "texture": "#0"},
				"down": {"uv": [4.5, 8, 4, 8.5], "texture": "#0"}
			}
		},
		{
			"from": [6.5, 3, 6.5],
			"to": [9.5, 6, 8.5],
			"faces": {
				"north": {"uv": [0.5, 10, 6, 15.5], "texture": "#0"},
				"east": {"uv": [0, 5.5, 1, 7], "texture": "#0"},
				"south": {"uv": [0.5, 10, 6, 15.5], "texture": "#0"},
				"west": {"uv": [1, 5.5, 2, 7], "texture": "#0"},
				"up": {"uv": [7, 2.5, 5.5, 1.5], "texture": "#0"},
				"down": {"uv": [3.5, 5.5, 2, 6.5], "texture": "#0"}
			}
		},
		{
			"from": [-1.9375, 4, 7],
			"to": [6.0625, 7, 8],
			"rotation": {"angle": -22.5, "axis": "z", "origin": [5, 4.5, 7.5]},
			"faces": {
				"north": {"uv": [0, 0, 4, 1.5], "texture": "#0"},
				"east": {"uv": [2, 7.5, 2.5, 9], "texture": "#0"},
				"south": {"uv": [0, 1.5, 4, 3], "texture": "#0"},
				"west": {"uv": [2.5, 7.5, 3, 9], "texture": "#0"},
				"up": {"uv": [4, 5, 0, 4.5], "texture": "#0"},
				"down": {"uv": [8, 4.5, 4, 5], "texture": "#0"}
			}
		},
		{
			"from": [0.0625, 7, 7],
			"to": [5.0625, 8, 8],
			"rotation": {"angle": -22.5, "axis": "z", "origin": [5, 4.5, 7.5]},
			"faces": {
				"north": {"uv": [5.5, 2.5, 8, 3], "texture": "#0"},
				"east": {"uv": [8, 4.5, 8.5, 5], "texture": "#0"},
				"south": {"uv": [5.5, 3, 8, 3.5], "texture": "#0"},
				"west": {"uv": [5, 8, 5.5, 8.5], "texture": "#0"},
				"up": {"uv": [6, 6, 3.5, 5.5], "texture": "#0"},
				"down": {"uv": [8, 3.5, 5.5, 4], "texture": "#0"}
			}
		},
		{
			"from": [0.0625, 3, 7],
			"to": [5.0625, 4, 8],
			"rotation": {"angle": -22.5, "axis": "z", "origin": [5, 4.5, 7.5]},
			"faces": {
				"north": {"uv": [5.5, 4, 8, 4.5], "texture": "#0"},
				"east": {"uv": [8, 5, 8.5, 5.5], "texture": "#0"},
				"south": {"uv": [3.5, 6, 6, 6.5], "texture": "#0"},
				"west": {"uv": [5.5, 8, 6, 8.5], "texture": "#0"},
				"up": {"uv": [8.5, 6, 6, 5.5], "texture": "#0"},
				"down": {"uv": [8.5, 6, 6, 6.5], "texture": "#0"}
			}
		},
		{
			"from": [-3.9375, 5, 7],
			"to": [-1.9375, 6, 8],
			"rotation": {"angle": -22.5, "axis": "z", "origin": [5, 4.5, 7.5]},
			"faces": {
				"north": {"uv": [7.5, 7, 8.5, 7.5], "texture": "#0"},
				"east": {"uv": [8, 4, 8.5, 4.5], "texture": "#0"},
				"south": {"uv": [8, 0, 9, 0.5], "texture": "#0"},
				"west": {"uv": [4.5, 8, 5, 8.5], "texture": "#0"},
				"up": {"uv": [9, 1, 8, 0.5], "texture": "#0"},
				"down": {"uv": [9, 1, 8, 1.5], "texture": "#0"}
			}
		},
		{
			"from": [6.0625, 5, 7],
			"to": [7.0625, 6, 8],
			"rotation": {"angle": -22.5, "axis": "z", "origin": [5, 4.5, 7.5]},
			"faces": {
				"north": {"uv": [6, 8, 6.5, 8.5], "texture": "#0"},
				"east": {"uv": [6.5, 8, 7, 8.5], "texture": "#0"},
				"south": {"uv": [7, 8, 7.5, 8.5], "texture": "#0"},
				"west": {"uv": [7.5, 8, 8, 8.5], "texture": "#0"},
				"up": {"uv": [8.5, 8, 8, 7.5], "texture": "#0"},
				"down": {"uv": [8.5, 8, 8, 8.5], "texture": "#0"}
			}
		},
		{
			"from": [9.9375, 4, 7],
			"to": [17.9375, 7, 8],
			"rotation": {"angle": 22.5, "axis": "z", "origin": [11, 4.5, 7.5]},
			"faces": {
				"north": {"uv": [0, 3, 4, 4.5], "texture": "#0"},
				"east": {"uv": [3, 7.5, 3.5, 9], "texture": "#0"},
				"south": {"uv": [4, 0, 8, 1.5], "texture": "#0"},
				"west": {"uv": [3.5, 7.5, 4, 9], "texture": "#0"},
				"up": {"uv": [4, 5.5, 0, 5], "texture": "#0"},
				"down": {"uv": [8, 5, 4, 5.5], "texture": "#0"}
			}
		},
		{
			"from": [10.9375, 3, 7],
			"to": [15.9375, 4, 8],
			"rotation": {"angle": 22.5, "axis": "z", "origin": [11, 4.5, 7.5]},
			"faces": {
				"north": {"uv": [7, 2, 9.5, 2.5], "texture": "#0"},
				"east": {"uv": [8.5, 5, 9, 5.5], "texture": "#0"},
				"south": {"uv": [2.5, 7, 5, 7.5], "texture": "#0"},
				"west": {"uv": [5.5, 8.5, 6, 9], "texture": "#0"},
				"up": {"uv": [7.5, 7.5, 5, 7], "texture": "#0"},
				"down": {"uv": [9.5, 6.5, 7, 7], "texture": "#0"}
			}
		},
		{
			"from": [8.9375, 5, 7],
			"to": [9.9375, 6, 8],
			"rotation": {"angle": 22.5, "axis": "z", "origin": [11, 4.5, 7.5]},
			"faces": {
				"north": {"uv": [8.5, 3.5, 9, 4], "texture": "#0"},
				"east": {"uv": [4, 8.5, 4.5, 9], "texture": "#0"},
				"south": {"uv": [8.5, 4, 9, 4.5], "texture": "#0"},
				"west": {"uv": [4.5, 8.5, 5, 9], "texture": "#0"},
				"up": {"uv": [9, 5, 8.5, 4.5], "texture": "#0"},
				"down": {"uv": [5.5, 8.5, 5, 9], "texture": "#0"}
			}
		},
		{
			"from": [10.9375, 7, 7],
			"to": [15.9375, 8, 8],
			"rotation": {"angle": 22.5, "axis": "z", "origin": [11, 4.5, 7.5]},
			"faces": {
				"north": {"uv": [2, 6.5, 4.5, 7], "texture": "#0"},
				"east": {"uv": [8.5, 2.5, 9, 3], "texture": "#0"},
				"south": {"uv": [4.5, 6.5, 7, 7], "texture": "#0"},
				"west": {"uv": [8.5, 3, 9, 3.5], "texture": "#0"},
				"up": {"uv": [2.5, 7.5, 0, 7], "texture": "#0"},
				"down": {"uv": [9.5, 1.5, 7, 2], "texture": "#0"}
			}
		},
		{
			"from": [17.9375, 5, 7],
			"to": [19.9375, 6, 8],
			"rotation": {"angle": 22.5, "axis": "z", "origin": [11, 4.5, 7.5]},
			"faces": {
				"north": {"uv": [4, 7.5, 5, 8], "texture": "#0"},
				"east": {"uv": [8, 2.5, 8.5, 3], "texture": "#0"},
				"south": {"uv": [5, 7.5, 6, 8], "texture": "#0"},
				"west": {"uv": [8, 3, 8.5, 3.5], "texture": "#0"},
				"up": {"uv": [7, 8, 6, 7.5], "texture": "#0"},
				"down": {"uv": [8, 7.5, 7, 8], "texture": "#0"}
			}
		}
	],
	"display": {
		"thirdperson_righthand": {
			"rotation": [60, 0, 0],
			"translation": [0, 3, 3.5],
			"scale": [0.3, 0.3, 0.3]
		},
		"thirdperson_lefthand": {
			"rotation": [67, 0, 0],
			"translation": [-6, 3, 24.25],
			"scale": [0.65, 0.65, 0.65]
		},
		"firstperson_righthand": {
			"translation": [1.13, 5, 3.25],
			"scale": [0.3, 0.3, 0.3]
		},
		"firstperson_lefthand": {
			"translation": [1.13, 5, 3.25],
			"scale": [0.3, 0.3, 0.3]
		},
		"ground": {
			"translation": [0, 2, 0],
			"scale": [0.3, 0.3, 0.3]
		},
		"gui": {
			"rotation": [0, -180, 0],
			"translation": [0.25, 1.5, 0],
			"scale": [0.55, 0.55, 0.55]
		},
		"head": {
			"translation": [0.25, 14.25, 1]
		},
		"fixed": {
			"translation": [0, -4, -1.75],
			"scale": [1.3, 1.3, 1.3]
		}
	}
}