{"credit":"Made with Blockbench","texture_size":[64,64],"textures":{"1":"custom/263"},"elements":[{"from":[0,0,0.005],"to":[1,5,16.005],"faces":{"north":{"uv":[3,4,3.25,5.25],"texture":"#1"},"east":{"uv":[3.25,0,7.25,1.25],"texture":"#1"},"south":{"uv":[3,5.25,3.25,6.5],"texture":"#1"},"west":{"uv":[3.25,1.25,7.25,2.5],"texture":"#1"},"up":{"uv":[5.75,11.25,5.5,7.25],"texture":"#1"},"down":{"uv":[6,7.25,5.75,11.25],"texture":"#1"}}},{"from":[15,0,0.005],"to":[16,5,16.005],"faces":{"north":{"uv":[4.5,8.75,4.75,10],"texture":"#1"},"east":{"uv":[6.5,6.5,10.5,7.75],"texture":"#1"},"south":{"uv":[4.75,8.75,5,10],"texture":"#1"},"west":{"uv":[6.5,2.5,10.5,3.75],"texture":"#1"},"up":{"uv":[6.75,11.75,6.5,7.75],"texture":"#1"},"down":{"uv":[7,7.75,6.75,11.75],"texture":"#1"}}},{"from":[1.41421,5.41421,0.005],"to":[14.58579,6.41421,16.005],"rotation":{"angle":0,"axis":"z","origin":[12.08579,5.91421,8]},"faces":{"north":{"uv":[3.25,2.5,6.5,2.75],"texture":"#1"},"east":{"uv":[7.25,1.5,11.25,1.75],"texture":"#1"},"south":{"uv":[3.25,2.75,6.5,3],"texture":"#1"},"west":{"uv":[7.25,1.75,11.25,2],"texture":"#1"},"up":{"uv":[3.25,4,0,0],"texture":"#1"},"down":{"uv":[6.5,3.25,3.25,7.25],"texture":"#1"}}},{"from":[7.5,6.25,7.5625],"to":[8.5,9.25,8.4375],"rotation":{"angle":0,"axis":"z","origin":[12,5.75,7.995]},"faces":{"north":{"uv":[4.25,9,4.5,9.75],"texture":"#1"},"east":{"uv":[5,9.5,5.25,10.25],"texture":"#1"},"south":{"uv":[5.25,9.5,5.5,10.25],"texture":"#1"},"west":{"uv":[4.25,9.75,4.5,10.5],"texture":"#1"},"up":{"uv":[10.5,6,10.25,5.75],"texture":"#1"},"down":{"uv":[10.5,8,10.25,8.25],"texture":"#1"}}},{"from":[7.5,9.25,7.375],"to":[13.5,11.25,8.375],"rotation":{"angle":22.5,"axis":"z","origin":[10,10.25,7.875]},"faces":{"north":{"uv":[0,6.5,1.5,7],"texture":"#1"},"east":{"uv":[3,10.25,3.25,10.75],"texture":"#1"},"south":{"uv":[1.5,6.5,3,7],"texture":"#1"},"west":{"uv":[3.25,10.25,3.5,10.75],"texture":"#1"},"up":{"uv":[1.5,9,0,8.75],"texture":"#1"},"down":{"uv":[3,8.75,1.5,9],"texture":"#1"}}},{"from":[2.5,9.25,7.5],"to":[8.5,11.25,8.5],"rotation":{"angle":-22.5,"axis":"z","origin":[6,10.25,8]},"faces":{"north":{"uv":[7.5,8,9,8.5],"texture":"#1"},"east":{"uv":[3.5,10.25,3.75,10.75],"texture":"#1"},"south":{"uv":[0,8.25,1.5,8.75],"texture":"#1"},"west":{"uv":[5,10.25,5.25,10.75],"texture":"#1"},"up":{"uv":[4.5,9,3,8.75],"texture":"#1"},"down":{"uv":[9,8.75,7.5,9],"texture":"#1"}}},{"from":[13.5,9.75,7.375],"to":[14.5,10.75,8.375],"rotation":{"angle":22.5,"axis":"z","origin":[10,10.25,7.875]},"faces":{"north":{"uv":[0,10.5,0.25,10.75],"texture":"#1"},"east":{"uv":[0.25,10.5,0.5,10.75],"texture":"#1"},"south":{"uv":[0.5,10.5,0.75,10.75],"texture":"#1"},"west":{"uv":[0.75,10.5,1,10.75],"texture":"#1"},"up":{"uv":[1.25,10.75,1,10.5],"texture":"#1"},"down":{"uv":[1.5,10.5,1.25,10.75],"texture":"#1"}}},{"from":[1.5,9.75,7.5],"to":[2.5,10.75,8.5],"rotation":{"angle":-22.5,"axis":"z","origin":[6,10.25,8]},"faces":{"north":{"uv":[2.5,10.5,2.75,10.75],"texture":"#1"},"east":{"uv":[2.75,10.5,3,10.75],"texture":"#1"},"south":{"uv":[3.75,10.5,4,10.75],"texture":"#1"},"west":{"uv":[4,10.5,4.25,10.75],"texture":"#1"},"up":{"uv":[4.5,10.75,4.25,10.5],"texture":"#1"},"down":{"uv":[4.75,10.5,4.5,10.75],"texture":"#1"}}},{"from":[9,8.25,7.375],"to":[12,9.25,8.375],"rotation":{"angle":22.5,"axis":"z","origin":[10,10.25,7.875]},"faces":{"north":{"uv":[1.5,10,2.25,10.25],"texture":"#1"},"east":{"uv":[10.25,9,10.5,9.25],"texture":"#1"},"south":{"uv":[2.25,10,3,10.25],"texture":"#1"},"west":{"uv":[10.25,9.25,10.5,9.5],"texture":"#1"},"up":{"uv":[3.75,10.25,3,10],"texture":"#1"},"down":{"uv":[8.25,10,7.5,10.25],"texture":"#1"}}},{"from":[4,8.25,7.5],"to":[7,9.25,8.5],"rotation":{"angle":-22.5,"axis":"z","origin":[6,10.25,8]},"faces":{"north":{"uv":[8.25,10,9,10.25],"texture":"#1"},"east":{"uv":[1.5,10.5,1.75,10.75],"texture":"#1"},"south":{"uv":[9,10,9.75,10.25],"texture":"#1"},"west":{"uv":[1.75,10.5,2,10.75],"texture":"#1"},"up":{"uv":[10.5,10.25,9.75,10],"texture":"#1"},"down":{"uv":[10.75,3.75,10,4],"texture":"#1"}}},{"from":[9,11.25,7.375],"to":[12,12.25,8.375],"rotation":{"angle":22.5,"axis":"z","origin":[10,10.25,7.875]},"faces":{"north":{"uv":[8.5,9.75,9.25,10],"texture":"#1"},"east":{"uv":[10.25,8.25,10.5,8.5],"texture":"#1"},"south":{"uv":[9.25,9.75,10,10],"texture":"#1"},"west":{"uv":[10.25,8.75,10.5,9],"texture":"#1"},"up":{"uv":[0.75,10.25,0,10],"texture":"#1"},"down":{"uv":[1.5,10,0.75,10.25],"texture":"#1"}}},{"from":[4,11.25,7.5],"to":[7,12.25,8.5],"rotation":{"angle":-22.5,"axis":"z","origin":[6,10.25,8]},"faces":{"north":{"uv":[10,4,10.75,4.25],"texture":"#1"},"east":{"uv":[2,10.5,2.25,10.75],"texture":"#1"},"south":{"uv":[10,4.25,10.75,4.5],"texture":"#1"},"west":{"uv":[2.25,10.5,2.5,10.75],"texture":"#1"},"up":{"uv":[10.75,4.75,10,4.5],"texture":"#1"},"down":{"uv":[10.75,4.75,10,5],"texture":"#1"}}},{"from":[10,0,14.99],"to":[15,1,15.991],"rotation":{"angle":0,"axis":"z","origin":[12.08579,5.91421,8]},"faces":{"north":{"uv":[2.5,9,3.75,9.25],"texture":"#1"},"east":{"uv":[7.75,10.25,8,10.5],"texture":"#1"},"south":{"uv":[7.5,9,8.75,9.25],"texture":"#1"},"west":{"uv":[8,10.25,8.25,10.5],"texture":"#1"},"up":{"uv":[10,9.25,8.75,9],"texture":"#1"},"down":{"uv":[10.25,8,9,8.25],"texture":"#1"}}},{"from":[1,0,14.99],"to":[6,1,15.991],"rotation":{"angle":0,"axis":"z","origin":[12.08579,5.91421,8]},"faces":{"north":{"uv":[5.25,3,6.5,3.25],"texture":"#1"},"east":{"uv":[5.25,10.25,5.5,10.5],"texture":"#1"},"south":{"uv":[2,7,3.25,7.25],"texture":"#1"},"west":{"uv":[7.5,10.25,7.75,10.5],"texture":"#1"},"up":{"uv":[1.25,9.25,0,9],"texture":"#1"},"down":{"uv":[2.5,9,1.25,9.25],"texture":"#1"}}},{"from":[4,0,15.991],"to":[12,1,16.241],"rotation":{"angle":0,"axis":"z","origin":[12.08579,5.91421,8]},"faces":{"north":{"uv":[3.25,3,5.25,3.25],"texture":"#1"},"east":{"uv":[9.25,10.25,9.5,10.5],"texture":"#1"},"south":{"uv":[0,7,2,7.25],"texture":"#1"},"west":{"uv":[9.5,10.25,9.75,10.5],"texture":"#1"},"up":{"uv":[3.5,8.5,1.5,8.25],"texture":"#1"},"down":{"uv":[3.5,8.5,1.5,8.75],"texture":"#1"}}},{"from":[9.25,-0.25,15.9285],"to":[10.25,1.25,16.1785],"rotation":{"angle":22.5,"axis":"y","origin":[9.75,0.5,16.0535]},"faces":{"north":{"uv":[4.75,10,5,10.5],"texture":"#1"},"east":{"uv":[10,5,10.25,5.5],"texture":"#1"},"south":{"uv":[10,5.5,10.25,6],"texture":"#1"},"west":{"uv":[10,9,10.25,9.5],"texture":"#1"},"up":{"uv":[10,10.5,9.75,10.25],"texture":"#1"},"down":{"uv":[10.25,10.25,10,10.5],"texture":"#1"}}},{"from":[1,2,14.99],"to":[15,5.41421,15.991],"rotation":{"angle":0,"axis":"z","origin":[12.08579,5.91421,8]},"faces":{"north":{"uv":[6.5,3.75,10,4.5],"texture":"#1"},"east":{"uv":[5,8.75,5.25,9.5],"texture":"#1"},"south":{"uv":[6.5,4.5,10,5.25],"texture":"#1"},"west":{"uv":[5.25,8.75,5.5,9.5],"texture":"#1"},"up":{"uv":[10.75,2.25,7.25,2],"texture":"#1"},"down":{"uv":[10.75,2.25,7.25,2.5],"texture":"#1"}}},{"from":[1,2,0.009],"to":[15,5.41421,1.01],"rotation":{"angle":0,"axis":"z","origin":[12.08579,5.91421,8]},"faces":{"north":{"uv":[6.5,5.25,10,6],"texture":"#1"},"east":{"uv":[3.75,9,4,9.75],"texture":"#1"},"south":{"uv":[0,7.25,3.5,8],"texture":"#1"},"west":{"uv":[4,9,4.25,9.75],"texture":"#1"},"up":{"uv":[11,8,7.5,7.75],"texture":"#1"},"down":{"uv":[3.5,8,0,8.25],"texture":"#1"}}},{"from":[13,1,0.009],"to":[15,2,1.01],"rotation":{"angle":0,"axis":"z","origin":[12.08579,5.91421,8]},"faces":{"north":{"uv":[10,9.5,10.5,9.75],"texture":"#1"},"east":{"uv":[10.25,10.25,10.5,10.5],"texture":"#1"},"south":{"uv":[10,9.75,10.5,10],"texture":"#1"},"west":{"uv":[10.25,5,10.5,5.25],"texture":"#1"},"up":{"uv":[0.5,10.5,0,10.25],"texture":"#1"},"down":{"uv":[1,10.25,0.5,10.5],"texture":"#1"}}},{"from":[1,1,0.009],"to":[3,2,1.01],"rotation":{"angle":0,"axis":"z","origin":[3.91421,5.91421,8]},"faces":{"north":{"uv":[1,10.25,1.5,10.5],"texture":"#1"},"east":{"uv":[10.25,5.25,10.5,5.5],"texture":"#1"},"south":{"uv":[1.5,10.25,2,10.5],"texture":"#1"},"west":{"uv":[10.25,5.5,10.5,5.75],"texture":"#1"},"up":{"uv":[2.5,10.5,2,10.25],"texture":"#1"},"down":{"uv":[3,10.25,2.5,10.5],"texture":"#1"}}},{"from":[4,1.5,-3.991],"to":[12,2.5,1.01],"rotation":{"angle":0,"axis":"z","origin":[12.08579,6.41421,8]},"faces":{"north":{"uv":[3.5,8.5,5.5,8.75],"texture":"#1"},"east":{"uv":[1.25,9.5,2.5,9.75],"texture":"#1"},"south":{"uv":[7.5,8.5,9.5,8.75],"texture":"#1"},"west":{"uv":[2.5,9.5,3.75,9.75],"texture":"#1"},"up":{"uv":[2,5.25,0,4],"texture":"#1"},"down":{"uv":[2,5.25,0,6.5],"texture":"#1"}}},{"from":[11.80866,1.53806,-3.991],"to":[15.80866,2.53806,1.01],"rotation":{"angle":-22.5,"axis":"z","origin":[11.80866,2.03806,-1.4905]},"faces":{"north":{"uv":[1.25,9.75,2.25,10],"texture":"#1"},"east":{"uv":[7.5,9.5,8.75,9.75],"texture":"#1"},"south":{"uv":[2.25,9.75,3.25,10],"texture":"#1"},"west":{"uv":[8.75,9.5,10,9.75],"texture":"#1"},"up":{"uv":[3,5.25,2,4],"texture":"#1"},"down":{"uv":[3,5.25,2,6.5],"texture":"#1"}}},{"from":[0.19134,1.53806,-3.991],"to":[4.19134,2.53806,1.01],"rotation":{"angle":22.5,"axis":"z","origin":[4.19134,2.03806,-1.4905]},"faces":{"north":{"uv":[3.25,9.75,4.25,10],"texture":"#1"},"east":{"uv":[9.5,8.5,10.75,8.75],"texture":"#1"},"south":{"uv":[7.5,9.75,8.5,10],"texture":"#1"},"west":{"uv":[0,9.75,1.25,10],"texture":"#1"},"up":{"uv":[4.5,8.5,3.5,7.25],"texture":"#1"},"down":{"uv":[5.5,7.25,4.5,8.5],"texture":"#1"}}},{"from":[1,1,14.99],"to":[6,2,15.991],"rotation":{"angle":0,"axis":"z","origin":[12.08579,5.91421,8]},"faces":{"north":{"uv":[9,8.25,10.25,8.5],"texture":"#1"},"east":{"uv":[8.25,10.25,8.5,10.5],"texture":"#1"},"south":{"uv":[9,8.75,10.25,9],"texture":"#1"},"west":{"uv":[8.5,10.25,8.75,10.5],"texture":"#1"},"up":{"uv":[1.25,9.5,0,9.25],"texture":"#1"},"down":{"uv":[2.5,9.25,1.25,9.5],"texture":"#1"}}},{"from":[10,1,14.99],"to":[15,2,15.991],"rotation":{"angle":0,"axis":"z","origin":[3.91421,5.91421,8]},"faces":{"north":{"uv":[2.5,9.25,3.75,9.5],"texture":"#1"},"east":{"uv":[8.75,10.25,9,10.5],"texture":"#1"},"south":{"uv":[7.5,9.25,8.75,9.5],"texture":"#1"},"west":{"uv":[9,10.25,9.25,10.5],"texture":"#1"},"up":{"uv":[10,9.5,8.75,9.25],"texture":"#1"},"down":{"uv":[1.25,9.5,0,9.75],"texture":"#1"}}},{"from":[0.56066,4.35355,0],"to":[1.56066,6.35355,16],"rotation":{"angle":-45,"axis":"z","origin":[1.06066,5.35355,8]},"faces":{"north":{"uv":[3,6.5,3.25,7],"texture":"#1"},"east":{"uv":[6.5,6,10.5,6.5],"texture":"#1"},"south":{"uv":[3.75,10,4,10.5],"texture":"#1"},"west":{"uv":[7.25,0,11.25,0.5],"texture":"#1"},"up":{"uv":[6.25,11.25,6,7.25],"texture":"#1"},"down":{"uv":[6.5,7.25,6.25,11.25],"texture":"#1"}}},{"from":[14.43934,4.35355,0],"to":[15.43934,6.35355,16],"rotation":{"angle":45,"axis":"z","origin":[14.93934,5.35355,8]},"faces":{"north":{"uv":[4,10,4.25,10.5],"texture":"#1"},"east":{"uv":[7.25,0.5,11.25,1],"texture":"#1"},"south":{"uv":[4.5,10,4.75,10.5],"texture":"#1"},"west":{"uv":[7.25,1,11.25,1.5],"texture":"#1"},"up":{"uv":[7.25,11.75,7,7.75],"texture":"#1"},"down":{"uv":[7.5,7.75,7.25,11.75],"texture":"#1"}}}],"display":{"thirdperson_righthand":{"rotation":[60,0,0],"translation":[0,3,3.5],"scale":[0.3,0.3,0.3]},"thirdperson_lefthand":{"rotation":[67,0,0],"translation":[-6,3,21],"scale":[0.62,0.62,0.62]},"firstperson_righthand":{"translation":[1.13,3.2,3.25],"scale":[0.3,0.3,0.3]},"firstperson_lefthand":{"translation":[1.13,3.2,3.25],"scale":[0.3,0.3,0.3]},"ground":{"translation":[0,2,0],"scale":[0.3,0.3,0.3]},"gui":{"rotation":[22,-149,0],"translation":[0.25,1.5,0],"scale":[0.55,0.55,0.55]},"head":{"translation":[0,9.5,0]},"fixed":{"translation":[0,-4,-1.75],"scale":[1.3,1.3,1.3]}}}