{
	"credit": "Made with Blockbench",
	"texture_size": [64, 64],
	"textures": {
		"1": "items/hat/bearjellyhat_yellow"
	},
	"elements": [
		{
			"from": [2, 7, 2],
			"to": [14, 13, 14],
			"faces": {
				"north": {"uv": [3.25, 6, 6.25, 7.5], "texture": "#1"},
				"east": {"uv": [6.25, 0, 9.25, 1.5], "texture": "#1"},
				"south": {"uv": [6.25, 1.5, 9.25, 3], "texture": "#1"},
				"west": {"uv": [6.25, 3, 9.25, 4.5], "texture": "#1"},
				"up": {"uv": [6.25, 3, 3.25, 0], "texture": "#1"},
				"down": {"uv": [6.25, 3, 3.25, 6], "texture": "#1"}
			}
		},
		{
			"from": [1, 11.15, 2.4],
			"to": [5, 15.15, 6.4],
			"faces": {
				"north": {"uv": [0, 6.5, 1, 7.5], "texture": "#1"},
				"east": {"uv": [1, 6.5, 2, 7.5], "texture": "#1"},
				"south": {"uv": [2, 6.5, 3, 7.5], "texture": "#1"},
				"west": {"uv": [6.25, 6.5, 7.25, 7.5], "texture": "#1"},
				"up": {"uv": [8.25, 7.5, 7.25, 6.5], "texture": "#1"},
				"down": {"uv": [1, 7.5, 0, 8.5], "texture": "#1"}
			}
		},
		{
			"from": [0.25, 11.9, 2.4],
			"to": [1, 14.4, 6.4],
			"faces": {
				"north": {"uv": [0.25, 8.5, 0.5, 9.125], "texture": "#1"},
				"east": {"uv": [7, 7.5, 8, 8.125], "texture": "#1"},
				"south": {"uv": [0.5, 8.5, 0.75, 9.125], "texture": "#1"},
				"west": {"uv": [8, 7.5, 9, 8.125], "texture": "#1"},
				"up": {"uv": [3.25, 7.5, 3, 6.5], "texture": "#1"},
				"down": {"uv": [8.25, 8.25, 8, 9.25], "texture": "#1"}
			}
		},
		{
			"from": [11, 11.15, 2.4],
			"to": [15, 15.15, 6.4],
			"rotation": {"angle": 0, "axis": "y", "origin": [16, 0, 0]},
			"faces": {
				"north": {"uv": [1, 6.5, 0, 7.5], "texture": "#1"},
				"east": {"uv": [7.25, 6.5, 6.25, 7.5], "texture": "#1"},
				"south": {"uv": [3, 6.5, 2, 7.5], "texture": "#1"},
				"west": {"uv": [2, 6.5, 1, 7.5], "texture": "#1"},
				"up": {"uv": [7.25, 7.5, 8.25, 6.5], "texture": "#1"},
				"down": {"uv": [0, 7.5, 1, 8.5], "texture": "#1"}
			}
		},
		{
			"from": [15, 11.9, 2.4],
			"to": [15.75, 14.4, 6.4],
			"rotation": {"angle": 0, "axis": "y", "origin": [16, 0, 0]},
			"faces": {
				"north": {"uv": [0.5, 8.5, 0.25, 9.125], "texture": "#1"},
				"east": {"uv": [9, 7.5, 8, 8.125], "texture": "#1"},
				"south": {"uv": [0.75, 8.5, 0.5, 9.125], "texture": "#1"},
				"west": {"uv": [8, 7.5, 7, 8.125], "texture": "#1"},
				"up": {"uv": [3, 7.5, 3.25, 6.5], "texture": "#1"},
				"down": {"uv": [8, 8.25, 8.25, 9.25], "texture": "#1"}
			}
		},
		{
			"from": [1.5, 6, 1.5],
			"to": [14.5, 7.5, 14.5],
			"faces": {
				"north": {"uv": [6.25, 4.5, 9.5, 4.875], "texture": "#1"},
				"east": {"uv": [6.25, 5, 9.5, 5.375], "texture": "#1"},
				"south": {"uv": [6.25, 5.5, 9.5, 5.875], "texture": "#1"},
				"west": {"uv": [6.25, 6, 9.5, 6.375], "texture": "#1"},
				"up": {"uv": [3.25, 3.25, 0, 0], "texture": "#1"},
				"down": {"uv": [3.25, 3.25, 0, 6.5], "texture": "#1"}
			}
		}
	],
	"gui_light": "front",
	"display": {
		"thirdperson_righthand": {
			"rotation": [65.75, -0.27, 8.25],
			"scale": [0.6, 0.6, 0.6]
		},
		"thirdperson_lefthand": {
			"rotation": [65.75, -0.27, 8.25],
			"scale": [0.6, 0.6, 0.6]
		},
		"firstperson_righthand": {
			"rotation": [-180, 32.5, -180],
			"translation": [0, 2.75, 0],
			"scale": [0.6, 0.6, 0.6]
		},
		"firstperson_lefthand": {
			"rotation": [-180, 32.5, -180],
			"translation": [0, 2.75, 0],
			"scale": [0.6, 0.6, 0.6]
		},
		"ground": {
			"scale": [0.6, 0.6, 0.6]
		},
		"gui": {
			"rotation": [-169.5, 12, 180],
			"translation": [0, -2.5, 0]
		},
		"head": {
			"translation": [0, 2, 0],
			"scale": [1.27, 1.27, 1.27]
		},
		"fixed": {
			"translation": [0, -2.5, 0]
		}
	}
}