{
	"credit": "Made with Blockbench",
	"texture_size": [96, 96],
	"textures": {
		"0": "items/hat/bigburger_hat",
		"particle": "items/hat/bigburger_hat"
	},
	"elements": [
		{
			"from": [2.5, 11.27219, 2.10191],
			"to": [13.5, 11.77219, 16.10191],
			"rotation": {"angle": 22.5, "axis": "x", "origin": [8, 11.99227, 8.90245]},
			"faces": {
				"north": {"uv": [0, 8.75, 2.75, 9], "texture": "#0"},
				"east": {"uv": [3.5, 9.25, 0, 9.5], "texture": "#0"},
				"south": {"uv": [2.75, 8.75, 0, 9], "texture": "#0"},
				"west": {"uv": [0, 9.25, 3.5, 9.5], "texture": "#0"},
				"up": {"uv": [2.75, 3.5, 0, 0], "texture": "#0"},
				"down": {"uv": [5.5, 0, 2.75, 3.5], "texture": "#0"}
			}
		},
		{
			"from": [1, 11.17219, 3.60191],
			"to": [15, 11.67219, 14.60191],
			"rotation": {"angle": 22.5, "axis": "x", "origin": [8, 11.89227, 9.20245]},
			"faces": {
				"north": {"uv": [0, 9.25, 3.5, 9.5], "texture": "#0"},
				"east": {"uv": [2.75, 8.75, 0, 9], "texture": "#0"},
				"south": {"uv": [0, 9.25, 3.5, 9.5], "texture": "#0"},
				"west": {"uv": [0, 8.83333, 2.75, 9], "texture": "#0"},
				"up": {"uv": [3.5, 6.25, 0, 3.5], "texture": "#0"},
				"down": {"uv": [7, 3.5, 3.5, 6.25], "texture": "#0"}
			}
		},
		{
			"from": [2.5, 11.65336, 3.53875],
			"to": [13.5, 14.65336, 14.53875],
			"rotation": {"angle": 22.5, "axis": "x", "origin": [8, 11.89227, 9.20245]},
			"faces": {
				"north": {"uv": [8.25, 0.75, 11, 1.5], "texture": "#0"},
				"east": {"uv": [8.25, 0, 11, 0.75], "texture": "#0"},
				"south": {"uv": [8.25, 2.25, 11, 3], "texture": "#0"},
				"west": {"uv": [8.25, 1.5, 11, 2.25], "texture": "#0"},
				"up": {"uv": [8.25, 2.75, 5.5, 0], "texture": "#0"}
			}
		},
		{
			"from": [2.3, 10.18118, 3.60299],
			"to": [13.7, 11.18118, 14.60299],
			"rotation": {"angle": 22.5, "axis": "x", "origin": [7.8, 12.19227, 9.30245]},
			"faces": {
				"north": {"uv": [7, 6.25, 9.75, 6.5], "texture": "#0"},
				"east": {"uv": [7, 6.25, 9.75, 6.5], "texture": "#0"},
				"south": {"uv": [7, 6.25, 9.75, 6.5], "texture": "#0"},
				"west": {"uv": [7, 6.25, 9.75, 6.5], "texture": "#0"},
				"up": {"uv": [9.75, 6.25, 7, 3.5], "texture": "#0"},
				"down": {"uv": [9.75, 3.5, 7, 6.25], "texture": "#0"}
			}
		},
		{
			"from": [4.5, 4.5, 9.3],
			"to": [11.5, 8.5, 13.3],
			"rotation": {"angle": 0, "axis": "y", "origin": [10.5, 2.725, 13.55]},
			"faces": {
				"north": {"uv": [3, 10, 4.75, 11], "texture": "#0"},
				"south": {"uv": [10.75, 10, 12.5, 11], "texture": "#0"},
				"up": {"uv": [15.5, 10, 13.75, 9], "texture": "#0"}
			}
		},
		{
			"from": [11.5, 4.5, 3.3],
			"to": [13.5, 8.5, 13.3],
			"rotation": {"angle": 0, "axis": "y", "origin": [17.5, 2.725, 7.55]},
			"faces": {
				"north": {"uv": [0, 10, 0.5, 11], "texture": "#0"},
				"east": {"uv": [13, 10, 15.5, 11], "texture": "#0"},
				"south": {"uv": [12.5, 10, 13, 11], "texture": "#0"},
				"west": {"uv": [0.5, 10, 3, 11], "texture": "#0"},
				"up": {"uv": [16, 11, 15.5, 8.5], "texture": "#0"}
			}
		},
		{
			"from": [2.5, 4.5, 3.3],
			"to": [4.5, 8.5, 13.3],
			"rotation": {"angle": 0, "axis": "y", "origin": [8.5, 2.725, 7.55]},
			"faces": {
				"north": {"uv": [7.25, 10, 7.75, 11], "texture": "#0"},
				"east": {"uv": [4.75, 10, 7.25, 11], "texture": "#0"},
				"south": {"uv": [10.25, 10, 10.75, 11], "texture": "#0"},
				"west": {"uv": [7.75, 10, 10.25, 11], "texture": "#0"},
				"up": {"uv": [15.5, 11, 16, 8.5], "texture": "#0"}
			}
		},
		{
			"from": [2, 4.45, 2.4],
			"to": [14, 4.65, 14.4],
			"rotation": {"angle": 45, "axis": "y", "origin": [8, 4.55, 8.43848]},
			"faces": {
				"north": {"uv": [9.75, 9.75, 12.75, 10], "texture": "#0"},
				"east": {"uv": [12.75, 9.75, 9.75, 10], "texture": "#0"},
				"south": {"uv": [9.75, 9.5, 12.75, 9.75], "texture": "#0"},
				"west": {"uv": [9.75, 9.5, 12.75, 9.75], "texture": "#0"},
				"up": {"uv": [12.75, 9.5, 9.75, 6.5], "texture": "#0"},
				"down": {"uv": [12.75, 6.5, 9.75, 9.5], "texture": "#0"}
			}
		},
		{
			"from": [1, 4.2, 3.3],
			"to": [15, 4.5, 13.3],
			"rotation": {"angle": 0, "axis": "y", "origin": [7.5, 4.225, 8.15]},
			"faces": {
				"north": {"uv": [3.5, 9, 7, 9.25], "texture": "#0"},
				"east": {"uv": [6, 8.75, 3.5, 9], "texture": "#0"},
				"south": {"uv": [3.5, 9, 7, 9.25], "texture": "#0"},
				"west": {"uv": [3.5, 8.75, 6, 9], "texture": "#0"},
				"up": {"uv": [3.5, 8.75, 0, 6.25], "texture": "#0"},
				"down": {"uv": [7, 6.25, 3.5, 8.75], "texture": "#0"}
			}
		},
		{
			"from": [2.5, 4.6, 2.1],
			"to": [13.5, 4.9, 3.6],
			"rotation": {"angle": -22.5, "axis": "x", "origin": [7.5, 4.25, 4.3]},
			"faces": {
				"north": {"uv": [3.5, 9.25, 6.25, 9.5], "texture": "#0"},
				"east": {"uv": [3.5, 9, 4, 9.25], "texture": "#0"},
				"south": {"uv": [3.25, 9, 6, 9], "texture": "#0"},
				"west": {"uv": [3.5, 9, 4, 9.25], "texture": "#0"},
				"up": {"uv": [2.75, 9.25, 0, 9], "texture": "#0"},
				"down": {"uv": [2.75, 9, 0, 9.25], "texture": "#0"}
			}
		},
		{
			"from": [2.5, 7.6, 12.3],
			"to": [13.5, 7.9, 13.8],
			"rotation": {"angle": 22.5, "axis": "x", "origin": [7.5, 3.65, 4.5]},
			"faces": {
				"north": {"uv": [0, 9, 2.75, 9], "texture": "#0"},
				"east": {"uv": [3.5, 9, 4, 9.25], "texture": "#0"},
				"south": {"uv": [6.25, 9.25, 3.5, 9.5], "texture": "#0"},
				"west": {"uv": [3.5, 9, 4, 9.25], "texture": "#0"},
				"up": {"uv": [2.75, 9.25, 0, 9], "texture": "#0"},
				"down": {"uv": [2.75, 9, 0, 9.25], "texture": "#0"}
			}
		},
		{
			"from": [2.5, 3.5, 3.3],
			"to": [13.5, 4.5, 13.3],
			"rotation": {"angle": 0, "axis": "y", "origin": [8, 3.925, 8.25]},
			"faces": {
				"north": {"uv": [7, 9.5, 9.75, 9.75], "texture": "#0"},
				"east": {"uv": [7, 9, 9.5, 9.25], "texture": "#0"},
				"south": {"uv": [7, 9.75, 9.75, 10], "texture": "#0"},
				"west": {"uv": [7, 9.25, 9.5, 9.5], "texture": "#0"},
				"down": {"uv": [9.75, 6.5, 7, 9], "texture": "#0"}
			}
		}
	],
	"gui_light": "front",
	"display": {
		"thirdperson_righthand": {
			"translation": [0, 0, -2],
			"scale": [0.8, 0.8, 0.8]
		},
		"thirdperson_lefthand": {
			"translation": [0, 0, -2],
			"scale": [0.8, 0.8, 0.8]
		},
		"firstperson_righthand": {
			"translation": [1, 0, 0],
			"scale": [0.8, 0.8, 0.8]
		},
		"firstperson_lefthand": {
			"translation": [1, 0, 0],
			"scale": [0.8, 0.8, 0.8]
		},
		"gui": {
			"rotation": [0, 165, 0],
			"translation": [0, -2, 0]
		},
		"head": {
			"translation": [0, -0.5, 0],
			"scale": [1.6, 1.6, 1.6]
		},
		"fixed": {
			"translation": [0, -1, -2]
		}
	},
	"groups": [
		{
			"name": "group1",
			"origin": [8, 11.55428, 8.70555],
			"color": 0,
			"children": [0, 1, 2, 3]
		},
		4,
		5,
		6,
		7,
		8,
		9,
		10,
		11
	]
}