{
	"credit": "Made with Blockbench",
	"texture_size": [64, 64],
	"textures": {
		"1": "items/hat/blackmushroom_hat"
	},
	"elements": [
		{
			"from": [0, 7, 0],
			"to": [16, 14, 16],
			"rotation": {"angle": 0, "axis": "y", "origin": [0, 7, 0]},
			"faces": {
				"north": {"uv": [4, 7, 8, 8.75], "texture": "#1"},
				"east": {"uv": [7.5, 0, 11.5, 1.75], "texture": "#1"},
				"south": {"uv": [7.5, 1.75, 11.5, 3.5], "texture": "#1"},
				"west": {"uv": [7.5, 3.5, 11.5, 5.25], "texture": "#1"},
				"up": {"uv": [4, 4, 0, 0], "texture": "#1"},
				"down": {"uv": [4, 4, 0, 8], "texture": "#1"}
			}
		},
		{
			"from": [1, 6, 1],
			"to": [15, 7, 15],
			"rotation": {"angle": 0, "axis": "y", "origin": [0, 7, 0]},
			"faces": {
				"north": {"uv": [7.5, 5.25, 11, 5.5], "texture": "#1"},
				"east": {"uv": [7.5, 5.5, 11, 5.75], "texture": "#1"},
				"south": {"uv": [7.5, 5.75, 11, 6], "texture": "#1"},
				"west": {"uv": [7.5, 6, 11, 6.25], "texture": "#1"},
				"up": {"uv": [7.5, 3.5, 4, 0], "texture": "#1"},
				"down": {"uv": [7.5, 3.5, 4, 7], "texture": "#1"}
			}
		},
		{
			"from": [15, 0.5, 5],
			"to": [15.75, 7.5, 6],
			"rotation": {"angle": 0, "axis": "y", "origin": [16, 1.5, 5]},
			"faces": {
				"north": {"uv": [3.25, 8, 3.5, 9.75], "texture": "#1"},
				"east": {"uv": [3.5, 8, 3.75, 9.75], "texture": "#1"},
				"south": {"uv": [3.75, 8, 4, 9.75], "texture": "#1"},
				"west": {"uv": [8, 7, 8.25, 8.75], "texture": "#1"},
				"up": {"uv": [3.25, 8.5, 3, 8.25], "texture": "#1"},
				"down": {"uv": [8.5, 7, 8.25, 7.25], "texture": "#1"}
			}
		},
		{
			"from": [0.25, 0.5, 5],
			"to": [1, 7.5, 6],
			"rotation": {"angle": 0, "axis": "y", "origin": [0, 1.5, 5]},
			"faces": {
				"north": {"uv": [0, 8.25, 0.25, 10], "texture": "#1"},
				"east": {"uv": [0.25, 8.25, 0.5, 10], "texture": "#1"},
				"south": {"uv": [0.5, 8.25, 0.75, 10], "texture": "#1"},
				"west": {"uv": [0.75, 8.25, 1, 10], "texture": "#1"},
				"up": {"uv": [8.5, 7.5, 8.25, 7.25], "texture": "#1"},
				"down": {"uv": [8.5, 7.5, 8.25, 7.75], "texture": "#1"}
			}
		},
		{
			"from": [1.65, -1, 5],
			"to": [14.35, -0.35, 6],
			"rotation": {"angle": 0, "axis": "y", "origin": [0.75, 2, 5]},
			"faces": {
				"north": {"uv": [7.5, 6.25, 10.75, 6.5], "texture": "#1"},
				"east": {"uv": [8.25, 7.75, 8.5, 8], "texture": "#1"},
				"south": {"uv": [7.5, 6.5, 10.75, 6.75], "texture": "#1"},
				"west": {"uv": [8.25, 8, 8.5, 8.25], "texture": "#1"},
				"up": {"uv": [10.75, 7, 7.5, 6.75], "texture": "#1"},
				"down": {"uv": [3.25, 8, 0, 8.25], "texture": "#1"}
			}
		},
		{
			"from": [0.825, -1, 5],
			"to": [1.575, 1, 6],
			"rotation": {"angle": 45, "axis": "z", "origin": [1.2, 0, 5.5]},
			"faces": {
				"north": {"uv": [1, 8.25, 1.25, 8.75], "texture": "#1"},
				"east": {"uv": [1.25, 8.25, 1.5, 8.75], "texture": "#1"},
				"south": {"uv": [1.5, 8.25, 1.75, 8.75], "texture": "#1"},
				"west": {"uv": [1.75, 8.25, 2, 8.75], "texture": "#1"},
				"up": {"uv": [8.5, 8.5, 8.25, 8.25], "texture": "#1"},
				"down": {"uv": [3.25, 8.5, 3, 8.75], "texture": "#1"}
			}
		},
		{
			"from": [14.425, -1, 5],
			"to": [15.175, 1, 6],
			"rotation": {"angle": -45, "axis": "z", "origin": [14.8, 0, 5.5]},
			"faces": {
				"north": {"uv": [2, 8.25, 2.25, 8.75], "texture": "#1"},
				"east": {"uv": [2.25, 8.25, 2.5, 8.75], "texture": "#1"},
				"south": {"uv": [2.5, 8.25, 2.75, 8.75], "texture": "#1"},
				"west": {"uv": [2.75, 8.25, 3, 8.75], "texture": "#1"},
				"up": {"uv": [8.75, 7.25, 8.5, 7], "texture": "#1"},
				"down": {"uv": [8.75, 7.25, 8.5, 7.5], "texture": "#1"}
			}
		}
	],
	"gui_light": "front",
	"display": {
		"thirdperson_righthand": {
			"scale": [0.37, 0.37, 0.37]
		},
		"thirdperson_lefthand": {
			"scale": [0.37, 0.37, 0.37]
		},
		"firstperson_righthand": {
			"rotation": [-180, 52, -180],
			"translation": [0, 4, 0],
			"scale": [0.46, 0.46, 0.46]
		},
		"firstperson_lefthand": {
			"rotation": [-180, 52, -180],
			"translation": [0, 4, 0],
			"scale": [0.46, 0.46, 0.46]
		},
		"ground": {
			"translation": [0, 3.75, 0],
			"scale": [0.51, 0.51, 0.51]
		},
		"gui": {
			"rotation": [12.73, -28.79, -0.08],
			"scale": [0.63, 0.63, 0.63]
		},
		"head": {
			"rotation": [4.5, 0, 0],
			"translation": [0, 1.5, 0],
			"scale": [1.06, 1.06, 1.06]
		}
	}
}