{
	"credit": "Made with Blockbench",
	"texture_size": [32, 32],
	"textures": {
		"0": "items/hat/blueberry_hat",
		"particle": "blueberry_hat"
	},
	"elements": [
		{
			"from": [0, 0, 0],
			"to": [16, 7, 0],
			"faces": {
				"north": {"uv": [0.5, 0, 13, 4.5], "texture": "#0"},
				"east": {"uv": [0, 0, 0, 3.5], "texture": "#0"},
				"south": {"uv": [13, 0, 0.5, 4.5], "texture": "#0"},
				"west": {"uv": [0, 0, 0, 3.5], "texture": "#0"},
				"up": {"uv": [7.75, 0, 0, 0], "texture": "#0"},
				"down": {"uv": [7.75, 0, 0, 0], "texture": "#0"}
			}
		},
		{
			"from": [0, 0, 16],
			"to": [16, 7, 16],
			"rotation": {"angle": 0, "axis": "y", "origin": [0, 0, 16]},
			"faces": {
				"north": {"uv": [0.5, 0, 13, 4.5], "texture": "#0"},
				"east": {"uv": [0, 0, 0, 3.5], "texture": "#0"},
				"south": {"uv": [13, 0, 0.5, 4.5], "texture": "#0"},
				"west": {"uv": [0, 0, 0, 3.5], "texture": "#0"},
				"up": {"uv": [7.75, 0, 0, 0], "texture": "#0"},
				"down": {"uv": [7.75, 0, 0, 0], "texture": "#0"}
			}
		},
		{
			"from": [16, 0, 0],
			"to": [16, 7, 16],
			"rotation": {"angle": 0, "axis": "y", "origin": [16, 3.5, 8]},
			"faces": {
				"north": {"uv": [0, 0, 0, 3.5], "texture": "#0"},
				"east": {"uv": [0.5, 0, 13, 4.5], "texture": "#0"},
				"south": {"uv": [0, 0, 0, 3.5], "texture": "#0"},
				"west": {"uv": [13, 0, 0.5, 4.5], "texture": "#0"},
				"up": {"uv": [7.75, 0, 0, 0], "rotation": 90, "texture": "#0"},
				"down": {"uv": [7.75, 0, 0, 0], "rotation": 270, "texture": "#0"}
			}
		},
		{
			"from": [0, 0, 0],
			"to": [0, 7, 16],
			"rotation": {"angle": 0, "axis": "y", "origin": [0, 3.5, 8]},
			"faces": {
				"north": {"uv": [0, 0, 0, 3.5], "texture": "#0"},
				"east": {"uv": [0.5, 0, 13, 4.5], "texture": "#0"},
				"south": {"uv": [0, 0, 0, 3.5], "texture": "#0"},
				"west": {"uv": [13, 0, 0.5, 4.5], "texture": "#0"},
				"up": {"uv": [7.75, 0, 0, 0], "rotation": 90, "texture": "#0"},
				"down": {"uv": [7.75, 0, 0, 0], "rotation": 270, "texture": "#0"}
			}
		},
		{
			"from": [-1.5, 1.75, 10],
			"to": [1.5, 3.75, 13],
			"rotation": {"angle": 22.5, "axis": "z", "origin": [0, 3.375, 11.5]},
			"faces": {
				"north": {"uv": [6, 14, 7.5, 15], "texture": "#0"},
				"east": {"uv": [7.5, 14, 9, 15], "texture": "#0"},
				"south": {"uv": [9, 14, 10.5, 15], "texture": "#0"},
				"west": {"uv": [10.5, 14, 12, 15], "texture": "#0"},
				"up": {"uv": [1.5, 15.5, 0, 14], "texture": "#0"},
				"down": {"uv": [3, 14, 1.5, 15.5], "texture": "#0"}
			}
		},
		{
			"from": [9.5, 2, -1.25],
			"to": [12, 3.75, 1.25],
			"rotation": {"angle": -22.5, "axis": "x", "origin": [10.75, 3.3125, 0]},
			"faces": {
				"north": {"uv": [12, 14, 13.25, 15], "texture": "#0"},
				"east": {"uv": [13.5, 14, 14.75, 15], "texture": "#0"},
				"south": {"uv": [6, 15, 7.25, 16], "texture": "#0"},
				"west": {"uv": [7.5, 15, 8.75, 16], "texture": "#0"},
				"up": {"uv": [4.25, 15.25, 3, 14], "texture": "#0"},
				"down": {"uv": [5.75, 14, 4.5, 15.25], "texture": "#0"}
			}
		},
		{
			"from": [1.5, 2.25, -1],
			"to": [3.5, 3.75, 1],
			"rotation": {"angle": 22.5, "axis": "z", "origin": [2.5, 3.45, 0]},
			"faces": {
				"north": {"uv": [11, 15, 12, 15.75], "texture": "#0"},
				"east": {"uv": [12, 15, 13, 15.75], "texture": "#0"},
				"south": {"uv": [13, 15, 14, 15.75], "texture": "#0"},
				"west": {"uv": [14, 15, 15, 15.75], "texture": "#0"},
				"up": {"uv": [10, 16, 9, 15], "texture": "#0"},
				"down": {"uv": [11, 15, 10, 16], "texture": "#0"}
			}
		},
		{
			"from": [-0.5, 3.75, 11],
			"to": [0.5, 4.25, 12],
			"rotation": {"angle": 22.5, "axis": "z", "origin": [0, 3.375, 11.5]},
			"faces": {
				"north": {"uv": [1.5, 15.5, 2, 15.75], "texture": "#0"},
				"east": {"uv": [2, 15.5, 2.5, 15.75], "texture": "#0"},
				"south": {"uv": [2.5, 15.5, 3, 15.75], "texture": "#0"},
				"west": {"uv": [3, 15.5, 3.5, 15.75], "texture": "#0"},
				"up": {"uv": [15.5, 14.5, 15, 14], "texture": "#0"},
				"down": {"uv": [15.5, 14.5, 15, 15], "texture": "#0"}
			}
		},
		{
			"from": [14.25, 2, 3.5],
			"to": [17.25, 4, 6.5],
			"rotation": {"angle": 22.5, "axis": "y", "origin": [15.75, 3.625, 5]},
			"faces": {
				"north": {"uv": [7.5, 14, 9, 15], "texture": "#0"},
				"east": {"uv": [9, 14, 10.5, 15], "texture": "#0"},
				"south": {"uv": [10.5, 14, 12, 15], "texture": "#0"},
				"west": {"uv": [6, 14, 7.5, 15], "texture": "#0"},
				"up": {"uv": [1.5, 15.5, 0, 14], "rotation": 270, "texture": "#0"},
				"down": {"uv": [3, 14, 1.5, 15.5], "rotation": 90, "texture": "#0"}
			}
		},
		{
			"from": [15.25, 4, 4.5],
			"to": [16.25, 4.5, 5.5],
			"rotation": {"angle": 22.5, "axis": "y", "origin": [15.75, 3.625, 5]},
			"faces": {
				"north": {"uv": [2, 15.5, 2.5, 15.75], "texture": "#0"},
				"east": {"uv": [2.5, 15.5, 3, 15.75], "texture": "#0"},
				"south": {"uv": [3, 15.5, 3.5, 15.75], "texture": "#0"},
				"west": {"uv": [1.5, 15.5, 2, 15.75], "texture": "#0"},
				"up": {"uv": [15.5, 14.5, 15, 14], "rotation": 270, "texture": "#0"},
				"down": {"uv": [15.5, 14.5, 15, 15], "rotation": 90, "texture": "#0"}
			}
		},
		{
			"from": [10.25, 3.5, -0.5],
			"to": [11.25, 4, 0.5],
			"rotation": {"angle": -22.5, "axis": "x", "origin": [10.75, 3.3125, 0]},
			"faces": {
				"north": {"uv": [3.5, 15.5, 4, 15.75], "texture": "#0"},
				"east": {"uv": [4, 15.5, 4.5, 15.75], "texture": "#0"},
				"south": {"uv": [4.5, 15.5, 5, 15.75], "texture": "#0"},
				"west": {"uv": [5, 15.5, 5.5, 15.75], "texture": "#0"},
				"up": {"uv": [15.5, 15.5, 15, 15], "texture": "#0"},
				"down": {"uv": [0.5, 15.5, 0, 16], "texture": "#0"}
			}
		},
		{
			"from": [2.5, 2, 14.75],
			"to": [5, 3.75, 17.25],
			"rotation": {"angle": 22.5, "axis": "z", "origin": [3.75, 3.3125, 16]},
			"faces": {
				"north": {"uv": [7.25, 15, 6, 16], "texture": "#0"},
				"east": {"uv": [14.75, 14, 13.5, 15], "texture": "#0"},
				"south": {"uv": [13.25, 14, 12, 15], "texture": "#0"},
				"west": {"uv": [8.75, 15, 7.5, 16], "texture": "#0"},
				"up": {"uv": [4.25, 14, 3, 15.25], "texture": "#0"},
				"down": {"uv": [5.75, 15.25, 4.5, 14], "texture": "#0"}
			}
		},
		{
			"from": [3.25, 3.5, 15.5],
			"to": [4.25, 4, 16.5],
			"rotation": {"angle": 22.5, "axis": "z", "origin": [3.75, 3.3125, 16]},
			"faces": {
				"north": {"uv": [5, 15.5, 4.5, 15.75], "texture": "#0"},
				"east": {"uv": [4.5, 15.5, 4, 15.75], "texture": "#0"},
				"south": {"uv": [4, 15.5, 3.5, 15.75], "texture": "#0"},
				"west": {"uv": [5.5, 15.5, 5, 15.75], "texture": "#0"},
				"up": {"uv": [15.5, 15, 15, 15.5], "texture": "#0"},
				"down": {"uv": [0.5, 16, 0, 15.5], "texture": "#0"}
			}
		},
		{
			"from": [2, 3.75, -0.5],
			"to": [3, 4.05, 0.5],
			"rotation": {"angle": 22.5, "axis": "z", "origin": [2.5, 3.45, 0]},
			"faces": {
				"north": {"uv": [5.5, 15.5, 6, 15.75], "texture": "#0"},
				"east": {"uv": [15.5, 14, 16, 14.25], "texture": "#0"},
				"south": {"uv": [15.5, 14.5, 16, 14.75], "texture": "#0"},
				"west": {"uv": [15, 15.5, 15.5, 15.75], "texture": "#0"},
				"up": {"uv": [1, 16, 0.5, 15.5], "texture": "#0"},
				"down": {"uv": [1.5, 15.5, 1, 16], "texture": "#0"}
			}
		},
		{
			"from": [8.5, 2.25, 15],
			"to": [10.5, 3.75, 17],
			"rotation": {"angle": 22.5, "axis": "z", "origin": [9.5, 3.45, 16]},
			"faces": {
				"north": {"uv": [11, 15, 12, 15.75], "texture": "#0"},
				"east": {"uv": [12, 15, 13, 15.75], "texture": "#0"},
				"south": {"uv": [13, 15, 14, 15.75], "texture": "#0"},
				"west": {"uv": [14, 15, 15, 15.75], "texture": "#0"},
				"up": {"uv": [10, 16, 9, 15], "texture": "#0"},
				"down": {"uv": [11, 15, 10, 16], "texture": "#0"}
			}
		},
		{
			"from": [9, 3.75, 15.5],
			"to": [10, 4.05, 16.5],
			"rotation": {"angle": 22.5, "axis": "z", "origin": [9.5, 3.45, 16]},
			"faces": {
				"north": {"uv": [5.5, 15.5, 6, 15.75], "texture": "#0"},
				"east": {"uv": [15.5, 14, 16, 14.25], "texture": "#0"},
				"south": {"uv": [15.5, 14.5, 16, 14.75], "texture": "#0"},
				"west": {"uv": [15, 15.5, 15.5, 15.75], "texture": "#0"},
				"up": {"uv": [1, 16, 0.5, 15.5], "texture": "#0"},
				"down": {"uv": [1.5, 15.5, 1, 16], "texture": "#0"}
			}
		},
		{
			"from": [15, 2, 10.75],
			"to": [17, 3.5, 12.75],
			"rotation": {"angle": -22.5, "axis": "y", "origin": [16, 3.2, 11.75]},
			"faces": {
				"north": {"uv": [11, 15, 12, 15.75], "texture": "#0"},
				"east": {"uv": [12, 15, 13, 15.75], "texture": "#0"},
				"south": {"uv": [13, 15, 14, 15.75], "texture": "#0"},
				"west": {"uv": [14, 15, 15, 15.75], "texture": "#0"},
				"up": {"uv": [10, 16, 9, 15], "texture": "#0"},
				"down": {"uv": [11, 15, 10, 16], "texture": "#0"}
			}
		},
		{
			"from": [15.5, 3.5, 11.25],
			"to": [16.5, 3.8, 12.25],
			"rotation": {"angle": -22.5, "axis": "y", "origin": [16, 3.2, 11.75]},
			"faces": {
				"north": {"uv": [5.5, 15.5, 6, 15.75], "texture": "#0"},
				"east": {"uv": [15.5, 14, 16, 14.25], "texture": "#0"},
				"south": {"uv": [15.5, 14.5, 16, 14.75], "texture": "#0"},
				"west": {"uv": [15, 15.5, 15.5, 15.75], "texture": "#0"},
				"up": {"uv": [1, 16, 0.5, 15.5], "texture": "#0"},
				"down": {"uv": [1.5, 15.5, 1, 16], "texture": "#0"}
			}
		},
		{
			"from": [-1, 2, 4.75],
			"to": [1, 3.5, 6.75],
			"rotation": {"angle": -22.5, "axis": "y", "origin": [0, 3.2, 5.75]},
			"faces": {
				"north": {"uv": [11, 15, 12, 15.75], "texture": "#0"},
				"east": {"uv": [12, 15, 13, 15.75], "texture": "#0"},
				"south": {"uv": [13, 15, 14, 15.75], "texture": "#0"},
				"west": {"uv": [14, 15, 15, 15.75], "texture": "#0"},
				"up": {"uv": [10, 16, 9, 15], "texture": "#0"},
				"down": {"uv": [11, 15, 10, 16], "texture": "#0"}
			}
		},
		{
			"from": [-0.5, 3.5, 5.25],
			"to": [0.5, 3.8, 6.25],
			"rotation": {"angle": -22.5, "axis": "y", "origin": [0, 3.2, 5.75]},
			"faces": {
				"north": {"uv": [5.5, 15.5, 6, 15.75], "texture": "#0"},
				"east": {"uv": [15.5, 14, 16, 14.25], "texture": "#0"},
				"south": {"uv": [15.5, 14.5, 16, 14.75], "texture": "#0"},
				"west": {"uv": [15, 15.5, 15.5, 15.75], "texture": "#0"},
				"up": {"uv": [1, 16, 0.5, 15.5], "texture": "#0"},
				"down": {"uv": [1.5, 15.5, 1, 16], "texture": "#0"}
			}
		}
	],
	"gui_light": "front",
	"display": {
		"thirdperson_righthand": {
			"rotation": [69, 0, 0],
			"translation": [0, 1.75, 1.75],
			"scale": [0.32, 0.32, 0.32]
		},
		"thirdperson_lefthand": {
			"rotation": [69, 0, 0],
			"translation": [0, 1.75, 1.75],
			"scale": [0.32, 0.32, 0.32]
		},
		"firstperson_righthand": {
			"rotation": [0.33, 34.18, 16.48],
			"translation": [2.75, 3.25, 0],
			"scale": [0.31, 0.31, 0.31]
		},
		"firstperson_lefthand": {
			"rotation": [0.33, 34.18, 16.48],
			"translation": [2.75, 3.25, 0],
			"scale": [0.31, 0.31, 0.31]
		},
		"ground": {
			"translation": [0, 3, 0],
			"scale": [0.51, 0.51, 0.51]
		},
		"gui": {
			"rotation": [18, 26, 0],
			"translation": [0, 3, 0],
			"scale": [0.7, 0.7, 0.7]
		},
		"head": {
			"rotation": [0, -6, 0],
			"translation": [0, 8, 0],
			"scale": [1.02, 1.02, 1.02]
		},
		"fixed": {
			"translation": [0, 5, 0]
		}
	},
	"groups": [
		{
			"name": "group",
			"origin": [16, 0, 0],
			"color": 0,
			"children": [
				0,
				1,
				2,
				3,
				{
					"name": "group",
					"origin": [11, 8.5, 0],
					"color": 0,
					"children": [4, 5, 6, 7, 8, 9, 10, 11, 12, 13, 14, 15, 16, 17, 18, 19]
				}
			]
		}
	]
}