{
	"credit": "Made with Blockbench",
	"texture_size": [64, 64],
	"textures": {
		"1": "items/hat/bluemushroom_hat"
	},
	"elements": [
		{
			"from": [0, 4, 0],
			"to": [16, 10, 16],
			"rotation": {"angle": 0, "axis": "y", "origin": [0, 4, 0]},
			"faces": {
				"north": {"uv": [4, 7, 8, 8.5], "texture": "#1"},
				"east": {"uv": [7.5, 0, 11.5, 1.5], "texture": "#1"},
				"south": {"uv": [7.5, 1.5, 11.5, 3], "texture": "#1"},
				"west": {"uv": [7.5, 3, 11.5, 4.5], "texture": "#1"},
				"up": {"uv": [4, 4, 0, 0], "texture": "#1"},
				"down": {"uv": [4, 4, 0, 8], "texture": "#1"}
			}
		},
		{
			"from": [1, 10, 1],
			"to": [15, 13, 15],
			"rotation": {"angle": 0, "axis": "y", "origin": [0, 10, 0]},
			"faces": {
				"north": {"uv": [7.5, 4.5, 11, 5.25], "texture": "#1"},
				"east": {"uv": [7.5, 5.25, 11, 6], "texture": "#1"},
				"south": {"uv": [7.5, 6, 11, 6.75], "texture": "#1"},
				"west": {"uv": [0, 8, 3.5, 8.75], "texture": "#1"},
				"up": {"uv": [7.5, 3.5, 4, 0], "texture": "#1"},
				"down": {"uv": [7.5, 3.5, 4, 7], "texture": "#1"}
			}
		},
		{
			"from": [5, -1.5, 0.25],
			"to": [6, 4.5, 1],
			"rotation": {"angle": 0, "axis": "y", "origin": [5, -0.5, 0]},
			"faces": {
				"north": {"uv": [8, 7.25, 8.25, 8.75], "texture": "#1"},
				"east": {"uv": [8.25, 7.25, 8.5, 8.75], "texture": "#1"},
				"south": {"uv": [4, 8.5, 4.25, 10], "texture": "#1"},
				"west": {"uv": [4.25, 8.5, 4.5, 10], "texture": "#1"},
				"up": {"uv": [8.75, 7.5, 8.5, 7.25], "texture": "#1"},
				"down": {"uv": [7.75, 8.5, 7.5, 8.75], "texture": "#1"}
			}
		},
		{
			"from": [5, -1.5, 15],
			"to": [6, 4.5, 15.75],
			"rotation": {"angle": 0, "axis": "y", "origin": [5, -0.5, 16]},
			"faces": {
				"north": {"uv": [4.5, 8.5, 4.75, 10], "texture": "#1"},
				"east": {"uv": [4.75, 8.5, 5, 10], "texture": "#1"},
				"south": {"uv": [5, 8.5, 5.25, 10], "texture": "#1"},
				"west": {"uv": [5.25, 8.5, 5.5, 10], "texture": "#1"},
				"up": {"uv": [8.75, 7.75, 8.5, 7.5], "texture": "#1"},
				"down": {"uv": [8, 8.5, 7.75, 8.75], "texture": "#1"}
			}
		},
		{
			"from": [5, -3, 14.425],
			"to": [6, -1, 15.175],
			"rotation": {"angle": 45, "axis": "x", "origin": [5.5, -2, 14.8]},
			"faces": {
				"north": {"uv": [5.5, 8.5, 5.75, 9], "texture": "#1"},
				"east": {"uv": [5.75, 8.5, 6, 9], "texture": "#1"},
				"south": {"uv": [6, 8.5, 6.25, 9], "texture": "#1"},
				"west": {"uv": [6.25, 8.5, 6.5, 9], "texture": "#1"},
				"up": {"uv": [8.75, 8.5, 8.5, 8.25], "texture": "#1"},
				"down": {"uv": [8.75, 8.5, 8.5, 8.75], "texture": "#1"}
			}
		},
		{
			"from": [5, -3, 0.825],
			"to": [6, -1, 1.575],
			"rotation": {"angle": -45, "axis": "x", "origin": [5.5, -2, 1.2]},
			"faces": {
				"north": {"uv": [6.5, 8.5, 6.75, 9], "texture": "#1"},
				"east": {"uv": [6.75, 8.5, 7, 9], "texture": "#1"},
				"south": {"uv": [7, 8.5, 7.25, 9], "texture": "#1"},
				"west": {"uv": [7.25, 8.5, 7.5, 9], "texture": "#1"},
				"up": {"uv": [0.25, 9, 0, 8.75], "texture": "#1"},
				"down": {"uv": [0.5, 8.75, 0.25, 9], "texture": "#1"}
			}
		},
		{
			"from": [5, -3, 1.65],
			"to": [6, -2.35, 14.35],
			"rotation": {"angle": 0, "axis": "y", "origin": [5, 0, 15.25]},
			"faces": {
				"north": {"uv": [8.5, 7.75, 8.75, 8], "texture": "#1"},
				"east": {"uv": [7.5, 6.75, 10.75, 7], "texture": "#1"},
				"south": {"uv": [8.5, 8, 8.75, 8.25], "texture": "#1"},
				"west": {"uv": [8, 7, 11.25, 7.25], "texture": "#1"},
				"up": {"uv": [3.75, 11.25, 3.5, 8], "texture": "#1"},
				"down": {"uv": [4, 8, 3.75, 11.25], "texture": "#1"}
			}
		}
	],
	"gui_light": "front",
	"display": {
		"thirdperson_righthand": {
			"rotation": [72, -82, 0],
			"scale": [0.35, 0.35, 0.35]
		},
		"thirdperson_lefthand": {
			"rotation": [72, -82, 0],
			"scale": [0.35, 0.35, 0.35]
		},
		"firstperson_righthand": {
			"rotation": [0, 25, -16],
			"translation": [2.25, 1.75, 0],
			"scale": [0.28, 0.28, 0.28]
		},
		"firstperson_lefthand": {
			"rotation": [0, 25, -16],
			"translation": [2.25, 1.75, 0],
			"scale": [0.28, 0.28, 0.28]
		},
		"ground": {
			"translation": [0, 4, 0],
			"scale": [0.47, 0.47, 0.47]
		},
		"gui": {
			"rotation": [10.64, 46.84, 0.11],
			"translation": [0, 2, 0],
			"scale": [0.63, 0.63, 0.63]
		},
		"head": {
			"rotation": [5.25, -90, 0],
			"translation": [0, 3.25, 0],
			"scale": [1.05, 1.05, 1.05]
		},
		"fixed": {
			"rotation": [0, -90, 0],
			"translation": [0, 2.5, 0]
		}
	}
}