{
	"credit": "Made with Blockbench",
	"texture_size": [32, 32],
	"textures": {
		"0": "items/hat/browncat_hat",
		"particle": "items/hat/browncat_hat"
	},
	"elements": [
		{
			"from": [3, 2, 3],
			"to": [13, 8, 13],
			"rotation": {"angle": 0, "axis": "y", "origin": [7, 2, 5]},
			"faces": {
				"north": {"uv": [5, 0, 10, 3], "texture": "#0"},
				"east": {"uv": [5, 3, 10, 6], "texture": "#0"},
				"south": {"uv": [5, 6, 10, 9], "texture": "#0"},
				"west": {"uv": [5, 9, 10, 12], "texture": "#0"},
				"up": {"uv": [5, 5, 0, 0], "texture": "#0"},
				"down": {"uv": [5, 5, 0, 10], "texture": "#0"}
			}
		},
		{
			"from": [9.25, 6.5, 3.75],
			"to": [12, 9.5, 5.75],
			"rotation": {"angle": -45, "axis": "z", "origin": [10.5, 8, 4.75]},
			"faces": {
				"north": {"uv": [0, 10, 1.5, 11.5], "texture": "#0"},
				"east": {"uv": [3, 10, 4, 11.5], "texture": "#0"},
				"south": {"uv": [10, 0, 11.5, 1.5], "texture": "#0"},
				"west": {"uv": [10, 3, 11, 4.5], "texture": "#0"},
				"up": {"uv": [11.5, 5.5, 10, 4.5], "texture": "#0"},
				"down": {"uv": [11.5, 5.5, 10, 6.5], "texture": "#0"}
			}
		},
		{
			"from": [4, 6.5, 3.75],
			"to": [6.75, 9.5, 5.75],
			"rotation": {"angle": 45, "axis": "z", "origin": [5.5, 8, 4.75]},
			"faces": {
				"north": {"uv": [1.5, 10, 3, 11.5], "texture": "#0"},
				"east": {"uv": [4, 10, 5, 11.5], "texture": "#0"},
				"south": {"uv": [10, 1.5, 11.5, 3], "texture": "#0"},
				"west": {"uv": [10, 6.5, 11, 8], "texture": "#0"},
				"up": {"uv": [11.5, 9, 10, 8], "texture": "#0"},
				"down": {"uv": [11.5, 9, 10, 10], "texture": "#0"}
			}
		},
		{
			"from": [10, 4, 2.5],
			"to": [11.75, 5.5, 3],
			"rotation": {"angle": 0, "axis": "y", "origin": [10, 3.75, 1]},
			"faces": {
				"north": {"uv": [10, 10, 11, 11], "texture": "#0"},
				"east": {"uv": [11, 10, 11.5, 11], "texture": "#0"},
				"south": {"uv": [11, 3, 12, 4], "texture": "#0"},
				"west": {"uv": [11, 11, 11.5, 12], "texture": "#0"},
				"up": {"uv": [12, 4.5, 11, 4], "texture": "#0"},
				"down": {"uv": [12, 7.5, 11, 8], "texture": "#0"}
			}
		},
		{
			"from": [4.25, 4, 2.5],
			"to": [6, 5.5, 3],
			"rotation": {"angle": 0, "axis": "y", "origin": [6, 3.75, 1]},
			"faces": {
				"north": {"uv": [11, 6.5, 12, 7.5], "texture": "#0"},
				"east": {"uv": [0, 11.5, 0.5, 12.5], "texture": "#0"},
				"south": {"uv": [10, 11, 11, 12], "texture": "#0"},
				"west": {"uv": [11.5, 0, 12, 1], "texture": "#0"},
				"up": {"uv": [1.5, 12, 0.5, 11.5], "texture": "#0"},
				"down": {"uv": [12.5, 1, 11.5, 1.5], "texture": "#0"}
			}
		},
		{
			"from": [7.35, 3.89048, 2.29784],
			"to": [8.6, 4.39048, 3.04784],
			"rotation": {"angle": 0, "axis": "y", "origin": [7.975, 4.26548, 2.67284]},
			"faces": {
				"north": {"uv": [1.5, 11.5, 2, 12], "texture": "#0"},
				"east": {"uv": [11.5, 1.5, 12, 2], "texture": "#0"},
				"south": {"uv": [2, 11.5, 2.5, 12], "texture": "#0"},
				"west": {"uv": [11.5, 2, 12, 2.5], "texture": "#0"},
				"up": {"uv": [3, 12, 2.5, 11.5], "texture": "#0"},
				"down": {"uv": [12, 2.5, 11.5, 3], "texture": "#0"}
			}
		}
	],
	"gui_light": "front",
	"display": {
		"thirdperson_righthand": {
			"rotation": [50.5, 0, 0],
			"translation": [0, 0.5, 1.5],
			"scale": [0.6, 0.6, 0.6]
		},
		"thirdperson_lefthand": {
			"rotation": [50.5, 0, 0],
			"translation": [0, 0.5, 1.5],
			"scale": [0.6, 0.6, 0.6]
		},
		"firstperson_righthand": {
			"rotation": [-180, 31.25, -180],
			"translation": [1, 3.75, 0],
			"scale": [0.45, 0.45, 0.45]
		},
		"firstperson_lefthand": {
			"rotation": [-180, 31.25, -180],
			"translation": [1, 3.75, 0],
			"scale": [0.45, 0.45, 0.45]
		},
		"ground": {
			"translation": [0, 5.5, 0],
			"scale": [0.55, 0.55, 0.55]
		},
		"gui": {
			"rotation": [0, 169, 0],
			"translation": [0, 2, 0]
		},
		"head": {
			"translation": [0, 8.25, 0],
			"scale": [1.56, 1.56, 1.56]
		},
		"fixed": {
			"translation": [0, 2.75, 0]
		}
	}
}