{"credit":"Made with Blockbench by yungwilder","textures":{"0":"items/hat/brown_glasses","particle":"items/hat/brown_glasses"},"elements":[{"from":[0,0,0],"to":[16,6,0],"faces":{"north":{"uv":[0,0,16,6],"texture":"#0"},"east":{"uv":[0,0,0,6],"texture":"#0"},"south":{"uv":[16,0,0,6],"texture":"#0"},"west":{"uv":[0,0,0,6],"texture":"#0"},"up":{"uv":[16,0,0,0],"texture":"#0"},"down":{"uv":[16,0,0,0],"texture":"#0"}}},{"from":[16,2,0],"to":[16,5,13],"rotation":{"angle":0,"axis":"y","origin":[16,0,0]},"faces":{"north":{"uv":[0,0,0,3],"texture":"#0"},"east":{"uv":[0,6,13,9],"texture":"#0"},"south":{"uv":[0,0,0,3],"texture":"#0"},"west":{"uv":[13,6,0,9],"texture":"#0"},"up":{"uv":[0,13,0,0],"texture":"#0"},"down":{"uv":[0,0,0,13],"texture":"#0"}}},{"from":[0,2,0],"to":[0,5,13],"faces":{"north":{"uv":[0,0,0,3],"texture":"#0"},"east":{"uv":[0,6,13,9],"texture":"#0"},"south":{"uv":[0,0,0,3],"texture":"#0"},"west":{"uv":[13,6,0,9],"texture":"#0"},"up":{"uv":[0,13,0,0],"texture":"#0"},"down":{"uv":[0,0,0,13],"texture":"#0"}}}],"gui_light":"front","display":{"thirdperson_righthand":{"translation":[0,2.5,2.5],"scale":[0.3,0.3,0.3]},"thirdperson_lefthand":{"translation":[0,2.5,2.5],"scale":[0.3,0.3,0.3]},"firstperson_righthand":{"rotation":[0,120,0],"translation":[0,4,0],"scale":[0.3,0.3,0.3]},"firstperson_lefthand":{"rotation":[0,120,0],"translation":[0,4,0],"scale":[0.3,0.3,0.3]},"ground":{"scale":[0.3,0.3,0.3]},"gui":{"rotation":[15,-145,0],"translation":[-1,2,0],"scale":[0.7,0.7,0.7]},"head":{"translation":[0,2,0]},"fixed":{"translation":[0,3.5,4]}}}