{
	"credit": "Made with yy Blockbench",
	"textures": {
		"0": "items/hat/butterfly",
		"particle": "items/hat/butterfly"
	},
	"elements": [
		{
			"from": [3.3, 8.9, 5],
			"to": [3.3, 11.4, 7.1],
			"rotation": {"angle": -22.5, "axis": "y", "origin": [3.3, -3.1, 5]},
			"faces": {
				"north": {"uv": [0, 0, 0, 5], "texture": "#missing"},
				"east": {"uv": [3.9, 0, 1, 5], "texture": "#0"},
				"south": {"uv": [0, 0, 0, 5], "texture": "#missing"},
				"west": {"uv": [1, 0, 3.9, 5], "texture": "#0"},
				"up": {"uv": [0, 0, 0, 4.9], "texture": "#missing"},
				"down": {"uv": [0, 0, 0, 4.9], "texture": "#missing"}
			}
		},
		{
			"from": [9.3, 8.9, 4.8],
			"to": [9.3, 11.4, 6.7],
			"rotation": {"angle": 22.5, "axis": "y", "origin": [3.3, -3.1, 21]},
			"faces": {
				"north": {"uv": [0, 0, 0, 5], "texture": "#missing"},
				"east": {"uv": [1, 0, 3.9, 5], "texture": "#0"},
				"south": {"uv": [0, 0, 0, 5], "texture": "#missing"},
				"west": {"uv": [3.9, 0, 1, 4.95], "texture": "#0"},
				"up": {"uv": [0, 4.9, 0, 0], "texture": "#missing"},
				"down": {"uv": [0, 4.9, 0, 0], "texture": "#missing"}
			}
		},
		{
			"from": [12.7, 8.9, 5],
			"to": [12.7, 11.4, 7.1],
			"rotation": {"angle": 22.5, "axis": "y", "origin": [12.7, -3.1, 5]},
			"faces": {
				"north": {"uv": [0, 0, 0, 5], "texture": "#missing"},
				"east": {"uv": [3.9, 0, 1, 5], "texture": "#0"},
				"south": {"uv": [0, 0, 0, 5], "texture": "#missing"},
				"west": {"uv": [1, 0, 3.9, 5], "texture": "#0"},
				"up": {"uv": [0, 0, 0, 4.9], "texture": "#missing"},
				"down": {"uv": [0, 0, 0, 4.9], "texture": "#missing"}
			}
		},
		{
			"from": [6.7, 8.9, 4.8],
			"to": [6.7, 11.4, 6.7],
			"rotation": {"angle": -22.5, "axis": "y", "origin": [12.7, -3.1, 21]},
			"faces": {
				"north": {"uv": [0, 0, 0, 5], "texture": "#missing"},
				"east": {"uv": [1, 0, 3.9, 4.95], "texture": "#0"},
				"south": {"uv": [0, 0, 0, 5], "texture": "#missing"},
				"west": {"uv": [3.9, 0, 1, 5], "texture": "#0"},
				"up": {"uv": [0, 4.9, 0, 0], "texture": "#missing"},
				"down": {"uv": [0, 4.9, 0, 0], "texture": "#missing"}
			}
		},
		{
			"from": [3.04289, 8.025, 5.75954],
			"to": [3.04289, 9.625, 6.75954],
			"rotation": {"angle": 22.5, "axis": "x", "origin": [2.71668, 7.5125, 4.44526]},
			"faces": {
				"north": {"uv": [0, 0, 0, 5], "texture": "#missing"},
				"east": {"uv": [3.9, 0, 1, 5], "texture": "#0"},
				"south": {"uv": [0, 0, 0, 5], "texture": "#missing"},
				"west": {"uv": [1, 0, 3.9, 4.95], "texture": "#0"},
				"up": {"uv": [0, 0, 0, 4.9], "texture": "#missing"},
				"down": {"uv": [0, 0, 0, 4.9], "texture": "#missing"}
			}
		},
		{
			"from": [3.12037, 8, 4.96307],
			"to": [3.12037, 9.6, 5.96307],
			"rotation": {"angle": 22.5, "axis": "x", "origin": [2.71668, 7.5125, 4.44526]},
			"faces": {
				"north": {"uv": [0, 0, 0, 5], "texture": "#missing"},
				"east": {"uv": [1, 0, 3.9, 5], "texture": "#0"},
				"south": {"uv": [0, 0, 0, 5], "texture": "#missing"},
				"west": {"uv": [3.9, 0, 1, 5], "texture": "#0"},
				"up": {"uv": [0, 4.9, 0, 0], "texture": "#missing"},
				"down": {"uv": [0, 4.9, 0, 0], "texture": "#missing"}
			}
		},
		{
			"from": [12.95711, 8.025, 5.75954],
			"to": [12.95711, 9.625, 6.75954],
			"rotation": {"angle": 22.5, "axis": "x", "origin": [13.28332, 7.5125, 4.44526]},
			"faces": {
				"north": {"uv": [0, 0, 0, 5], "texture": "#missing"},
				"east": {"uv": [3.9, 0, 1, 4.95], "texture": "#0"},
				"south": {"uv": [0, 0, 0, 5], "texture": "#missing"},
				"west": {"uv": [1, 0, 3.9, 5], "texture": "#0"},
				"up": {"uv": [0, 0, 0, 4.9], "texture": "#missing"},
				"down": {"uv": [0, 0, 0, 4.9], "texture": "#missing"}
			}
		},
		{
			"from": [12.87963, 8, 4.96307],
			"to": [12.87963, 9.6, 5.96307],
			"rotation": {"angle": 22.5, "axis": "x", "origin": [13.28332, 7.5125, 4.44526]},
			"faces": {
				"north": {"uv": [0, 0, 0, 5], "texture": "#missing"},
				"east": {"uv": [1, 0, 3.9, 5], "texture": "#0"},
				"south": {"uv": [0, 0, 0, 5], "texture": "#missing"},
				"west": {"uv": [3.9, 0, 1, 5], "texture": "#0"},
				"up": {"uv": [0, 4.9, 0, 0], "texture": "#missing"},
				"down": {"uv": [0, 4.9, 0, 0], "texture": "#missing"}
			}
		},
		{
			"from": [2.9, 8.7, 7.8],
			"to": [2.9, 11.3, 10.2],
			"rotation": {"angle": 45, "axis": "x", "origin": [2.9, 11.1, 7.8]},
			"faces": {
				"north": {"uv": [0, 2.8, 0, 0], "texture": "#missing"},
				"east": {"uv": [12.1, 5.95, 8, 1], "texture": "#0"},
				"south": {"uv": [0, 2.8, 0, 0], "texture": "#missing"},
				"west": {"uv": [8, 5.9, 12.1, 1], "texture": "#0"},
				"up": {"uv": [0, 2.8, 0, 0], "texture": "#missing"},
				"down": {"uv": [0, 2.8, 0, 0], "texture": "#missing"}
			}
		},
		{
			"from": [8.5, 8.6, 7.3],
			"to": [8.5, 11.2, 9.7],
			"rotation": {"angle": 22.5, "axis": "z", "origin": [2.9, -4.9, 7.8]},
			"faces": {
				"north": {"uv": [0, 0, 0, 2.8], "texture": "#missing"},
				"east": {"uv": [12.1, 1, 8, 5.95], "texture": "#0"},
				"south": {"uv": [0, 0, 0, 2.8], "texture": "#missing"},
				"west": {"uv": [8, 1, 12.1, 6], "texture": "#0"},
				"up": {"uv": [0, 0, 0, 2.8], "texture": "#missing"},
				"down": {"uv": [0, 0, 0, 2.8], "texture": "#missing"}
			}
		},
		{
			"from": [13.1, 8.7, 7.8],
			"to": [13.1, 11.3, 10.2],
			"rotation": {"angle": 45, "axis": "x", "origin": [13.1, 11.1, 7.8]},
			"faces": {
				"north": {"uv": [0, 2.8, 0, 0], "texture": "#missing"},
				"east": {"uv": [12.1, 5.9, 8, 1], "texture": "#0"},
				"south": {"uv": [0, 2.8, 0, 0], "texture": "#missing"},
				"west": {"uv": [8, 5.95, 12.1, 1], "texture": "#0"},
				"up": {"uv": [0, 2.8, 0, 0], "texture": "#missing"},
				"down": {"uv": [0, 2.8, 0, 0], "texture": "#missing"}
			}
		},
		{
			"from": [7.5, 8.6, 7.3],
			"to": [7.5, 11.2, 9.7],
			"rotation": {"angle": -22.5, "axis": "z", "origin": [13.1, -4.9, 7.8]},
			"faces": {
				"north": {"uv": [0, 0, 0, 2.8], "texture": "#missing"},
				"east": {"uv": [12.1, 1, 8, 6], "texture": "#0"},
				"south": {"uv": [0, 0, 0, 2.8], "texture": "#missing"},
				"west": {"uv": [8, 1, 12.1, 5.95], "texture": "#0"},
				"up": {"uv": [0, 0, 0, 2.8], "texture": "#missing"},
				"down": {"uv": [0, 0, 0, 2.8], "texture": "#missing"}
			}
		},
		{
			"from": [2.47502, 8.16736, 11.3],
			"to": [2.47502, 12.26736, 13.1],
			"rotation": {"angle": 22.5, "axis": "y", "origin": [2.77502, 8.26736, 10.1]},
			"faces": {
				"north": {"uv": [0, 0, 0, 5.6], "texture": "#missing"},
				"east": {"uv": [6.5, 7.3, 1.5, 15], "texture": "#0"},
				"south": {"uv": [0, 0, 0, 5.6], "texture": "#missing"},
				"west": {"uv": [1.5, 7.25, 6.55, 15], "texture": "#0"},
				"up": {"uv": [0, 0, 0, 5.1], "texture": "#missing"},
				"down": {"uv": [0, 0, 0, 5.1], "texture": "#missing"}
			}
		},
		{
			"from": [2.47502, 8.16736, 9.5],
			"to": [2.47502, 12.26736, 11.3],
			"rotation": {"angle": 22.5, "axis": "y", "origin": [2.77502, 8.26736, 10.1]},
			"faces": {
				"north": {"uv": [0, 0, 0, 5.6], "texture": "#missing"},
				"east": {"uv": [1.5, 7.3, 6.55, 15], "texture": "#0"},
				"south": {"uv": [0, 0, 0, 5.6], "texture": "#missing"},
				"west": {"uv": [6.55, 7.25, 1.5, 15], "texture": "#0"},
				"up": {"uv": [0, 5.1, 0, 0], "texture": "#missing"},
				"down": {"uv": [0, 5.1, 0, 0], "texture": "#missing"}
			}
		},
		{
			"from": [13.52498, 8.16736, 11.3],
			"to": [13.52498, 12.26736, 13.1],
			"rotation": {"angle": -22.5, "axis": "y", "origin": [13.22498, 8.26736, 10.1]},
			"faces": {
				"north": {"uv": [0, 0, 0, 5.6], "texture": "#missing"},
				"east": {"uv": [6.55, 7.25, 1.5, 15], "texture": "#0"},
				"south": {"uv": [0, 0, 0, 5.6], "texture": "#missing"},
				"west": {"uv": [1.5, 7.3, 6.5, 15], "texture": "#0"},
				"up": {"uv": [0, 0, 0, 5.1], "texture": "#missing"},
				"down": {"uv": [0, 0, 0, 5.1], "texture": "#missing"}
			}
		},
		{
			"from": [13.52498, 8.16736, 9.5],
			"to": [13.52498, 12.26736, 11.3],
			"rotation": {"angle": -22.5, "axis": "y", "origin": [13.22498, 8.26736, 10.1]},
			"faces": {
				"north": {"uv": [0, 0, 0, 5.6], "texture": "#missing"},
				"east": {"uv": [1.5, 7.25, 6.55, 15], "texture": "#0"},
				"south": {"uv": [0, 0, 0, 5.6], "texture": "#missing"},
				"west": {"uv": [6.55, 7.3, 1.5, 15], "texture": "#0"},
				"up": {"uv": [0, 5.1, 0, 0], "texture": "#missing"},
				"down": {"uv": [0, 5.1, 0, 0], "texture": "#missing"}
			}
		},
		{
			"from": [3.1, 8.7, 12.4],
			"to": [3.1, 11.2, 13.9],
			"rotation": {"angle": -22.5, "axis": "x", "origin": [0, 0, 16]},
			"faces": {
				"north": {"uv": [0, 0, 0, 3.6], "texture": "#missing"},
				"east": {"uv": [9.5, 7.5, 14.9, 14.95], "texture": "#0"},
				"south": {"uv": [0, 0, 0, 3.6], "texture": "#missing"},
				"west": {"uv": [14.95, 7.55, 9.45, 14.95], "texture": "#0"},
				"up": {"uv": [0, 2.8, 0, 0], "texture": "#missing"},
				"down": {"uv": [0, 2.8, 0, 0], "texture": "#missing"}
			}
		},
		{
			"from": [3.1, 8.7, 13.9],
			"to": [3.1, 11.2, 15.4],
			"rotation": {"angle": -22.5, "axis": "x", "origin": [0, 0, 16]},
			"faces": {
				"north": {"uv": [0, 0, 0, 3.6], "texture": "#missing"},
				"east": {"uv": [14.9, 7.5, 9.5, 14.95], "texture": "#0"},
				"south": {"uv": [0, 0, 0, 3.6], "texture": "#missing"},
				"west": {"uv": [9.45, 7.55, 14.9, 14.95], "texture": "#0"},
				"up": {"uv": [0, 0, 0, 2.8], "texture": "#missing"},
				"down": {"uv": [0, 0, 0, 2.8], "texture": "#missing"}
			}
		},
		{
			"from": [12.9, 8.7, 12.4],
			"to": [12.9, 11.2, 13.9],
			"rotation": {"angle": -22.5, "axis": "x", "origin": [16, 0, 16]},
			"faces": {
				"north": {"uv": [0, 0, 0, 3.6], "texture": "#missing"},
				"east": {"uv": [9.45, 7.55, 14.95, 14.95], "texture": "#0"},
				"south": {"uv": [0, 0, 0, 3.6], "texture": "#missing"},
				"west": {"uv": [14.9, 7.5, 9.5, 14.95], "texture": "#0"},
				"up": {"uv": [0, 2.8, 0, 0], "texture": "#missing"},
				"down": {"uv": [0, 2.8, 0, 0], "texture": "#missing"}
			}
		},
		{
			"from": [12.9, 8.7, 13.9],
			"to": [12.9, 11.2, 15.4],
			"rotation": {"angle": -22.5, "axis": "x", "origin": [16, 0, 16]},
			"faces": {
				"north": {"uv": [0, 0, 0, 3.6], "texture": "#missing"},
				"east": {"uv": [14.9, 7.55, 9.45, 14.95], "texture": "#0"},
				"south": {"uv": [0, 0, 0, 3.6], "texture": "#missing"},
				"west": {"uv": [9.5, 7.5, 14.9, 14.95], "texture": "#0"},
				"up": {"uv": [0, 0, 0, 2.8], "texture": "#missing"},
				"down": {"uv": [0, 0, 0, 2.8], "texture": "#missing"}
			}
		},
		{
			"from": [5.3, 8.9, 11.6],
			"to": [7.9, 11.3, 11.6],
			"rotation": {"angle": -22.5, "axis": "y", "origin": [2.9, 11.1, 18.3]},
			"faces": {
				"north": {"uv": [12.1, 1, 8, 5.95], "rotation": 270, "texture": "#0"},
				"east": {"uv": [0, 2.8, 0, 0], "rotation": 180, "texture": "#missing"},
				"south": {"uv": [8, 1, 12.1, 6], "rotation": 90, "texture": "#0"},
				"west": {"uv": [0, 2.8, 0, 0], "texture": "#missing"},
				"up": {"uv": [0, 2.8, 0, 0], "rotation": 270, "texture": "#missing"},
				"down": {"uv": [0, 2.8, 0, 0], "rotation": 270, "texture": "#missing"}
			}
		},
		{
			"from": [1.6, 9.8, 11.2],
			"to": [4, 12.4, 11.2],
			"rotation": {"angle": -45, "axis": "y", "origin": [2.9, -4.9, 18.3]},
			"faces": {
				"north": {"uv": [8, 1, 12.1, 5.95], "texture": "#0"},
				"east": {"uv": [0, 0, 0, 2.8], "texture": "#missing"},
				"south": {"uv": [12.1, 1, 8, 6], "texture": "#0"},
				"west": {"uv": [0, 0, 0, 2.8], "texture": "#missing"},
				"up": {"uv": [0, 0, 0, 2.8], "rotation": 90, "texture": "#missing"},
				"down": {"uv": [0, 0, 0, 2.8], "rotation": 270, "texture": "#missing"}
			}
		},
		{
			"from": [5.2, 8.1, 16.5],
			"to": [6.7, 10.6, 16.5],
			"rotation": {"angle": 22.5, "axis": "y", "origin": [0, 0, 0]},
			"faces": {
				"north": {"uv": [9.5, 7.5, 14.9, 14.95], "texture": "#0"},
				"east": {"uv": [0, 0, 0, 3.6], "texture": "#missing"},
				"south": {"uv": [14.9, 7.55, 9.45, 15], "texture": "#0"},
				"west": {"uv": [0, 0, 0, 3.6], "texture": "#missing"},
				"up": {"uv": [0, 0, 0, 2.8], "rotation": 90, "texture": "#missing"},
				"down": {"uv": [0, 0, 0, 2.8], "rotation": 270, "texture": "#missing"}
			}
		},
		{
			"from": [3.46862, 9.125, 13.30996],
			"to": [4.46862, 10.725, 13.30996],
			"rotation": {"angle": -22.5, "axis": "y", "origin": [4.97038, 9.5125, 12.87122]},
			"faces": {
				"north": {"uv": [3.9, 0, 1, 5.15], "texture": "#0"},
				"east": {"uv": [0, 0, 0, 5], "texture": "#missing"},
				"south": {"uv": [1, 0, 3.9, 5.15], "texture": "#0"},
				"west": {"uv": [0, 0, 0, 5], "texture": "#missing"},
				"up": {"uv": [0, 0, 0, 4.9], "rotation": 270, "texture": "#missing"},
				"down": {"uv": [0, 0, 0, 4.9], "rotation": 90, "texture": "#missing"}
			}
		},
		{
			"from": [2.67215, 9.1, 13.23248],
			"to": [3.67215, 10.7, 13.23248],
			"rotation": {"angle": -22.5, "axis": "y", "origin": [4.97038, 9.5125, 12.87122]},
			"faces": {
				"north": {"uv": [1, 0, 3.9, 5.15], "texture": "#0"},
				"east": {"uv": [0, 0, 0, 5], "texture": "#missing"},
				"south": {"uv": [3.9, 0, 1, 5.15], "texture": "#0"},
				"west": {"uv": [0, 0, 0, 5], "texture": "#missing"},
				"up": {"uv": [0, 4.9, 0, 0], "rotation": 270, "texture": "#missing"},
				"down": {"uv": [0, 4.9, 0, 0], "rotation": 90, "texture": "#missing"}
			}
		},
		{
			"from": [6.7, 8.1, 16.5],
			"to": [8.2, 10.6, 16.5],
			"rotation": {"angle": 22.5, "axis": "y", "origin": [0, 0, 0]},
			"faces": {
				"north": {"uv": [14.8, 7.5, 9.5, 14.95], "texture": "#0"},
				"east": {"uv": [0, 0, 0, 3.6], "texture": "#missing"},
				"south": {"uv": [9.45, 7.45, 14.9, 14.95], "texture": "#0"},
				"west": {"uv": [0, 0, 0, 3.6], "texture": "#missing"},
				"up": {"uv": [0, 2.8, 0, 0], "rotation": 90, "texture": "#missing"},
				"down": {"uv": [0, 2.8, 0, 0], "rotation": 270, "texture": "#missing"}
			}
		},
		{
			"from": [3.79951, 8.16736, 12.61085],
			"to": [5.59951, 12.26736, 12.61085],
			"rotation": {"angle": 22.5, "axis": "y", "origin": [5.59951, 10.21736, 12.61085]},
			"faces": {
				"north": {"uv": [1.5, 7.25, 6.55, 15], "texture": "#0"},
				"east": {"uv": [0, 0, 0, 5.6], "texture": "#missing"},
				"south": {"uv": [6.55, 7.25, 1.5, 15], "texture": "#0"},
				"west": {"uv": [0, 0, 0, 5.6], "texture": "#missing"},
				"up": {"uv": [0, 0, 0, 5.1], "rotation": 90, "texture": "#missing"},
				"down": {"uv": [0, 0, 0, 5.1], "rotation": 270, "texture": "#missing"}
			}
		},
		{
			"from": [5.59951, 8.16736, 12.61085],
			"to": [7.39951, 12.26736, 12.61085],
			"rotation": {"angle": -22.5, "axis": "y", "origin": [5.59951, 10.21736, 12.61085]},
			"faces": {
				"north": {"uv": [6.5, 7.3, 1.5, 15], "texture": "#0"},
				"east": {"uv": [0, 0, 0, 5.6], "texture": "#missing"},
				"south": {"uv": [1.5, 7.25, 6.5, 15], "texture": "#0"},
				"west": {"uv": [0, 0, 0, 5.6], "texture": "#missing"},
				"up": {"uv": [0, 5.1, 0, 0], "rotation": 90, "texture": "#missing"},
				"down": {"uv": [0, 5.1, 0, 0], "rotation": 270, "texture": "#missing"}
			}
		},
		{
			"from": [10.34645, 8.9415, 14.11035],
			"to": [12.25045, 11.7975, 14.11035],
			"rotation": {"angle": 22.5, "axis": "z", "origin": [11.29845, 9.7695, 14.71035]},
			"faces": {
				"north": {"uv": [3.9, 0, 1, 5], "texture": "#0"},
				"east": {"uv": [0, 0, 0, 5], "texture": "#missing"},
				"south": {"uv": [1, 0, 3.9, 5.15], "texture": "#0"},
				"west": {"uv": [0, 0, 0, 5], "texture": "#missing"},
				"up": {"uv": [0, 0, 0, 4.9], "rotation": 270, "texture": "#missing"},
				"down": {"uv": [0, 0, 0, 4.9], "rotation": 90, "texture": "#missing"}
			}
		},
		{
			"from": [8.76103, 8.3275, 14.00668],
			"to": [10.66503, 11.1835, 14.00668],
			"rotation": {"angle": 22.5, "axis": "z", "origin": [9.71303, 9.7555, 14.00668]},
			"faces": {
				"north": {"uv": [1, 0, 3.9, 5], "texture": "#0"},
				"east": {"uv": [0, 0, 0, 5], "texture": "#missing"},
				"south": {"uv": [3.9, 0, 1, 5], "texture": "#0"},
				"west": {"uv": [0, 0, 0, 5], "texture": "#missing"},
				"up": {"uv": [0, 4.9, 0, 0], "rotation": 270, "texture": "#missing"},
				"down": {"uv": [0, 4.9, 0, 0], "rotation": 90, "texture": "#missing"}
			}
		},
		{
			"from": [5.3, 8.9, 4.4],
			"to": [7.9, 11.3, 4.4],
			"rotation": {"angle": 22.5, "axis": "y", "origin": [2.9, 11.1, -2.3]},
			"faces": {
				"north": {"uv": [8, 6, 12.1, 1], "rotation": 90, "texture": "#0"},
				"east": {"uv": [0, 2.8, 0, 0], "rotation": 180, "texture": "#missing"},
				"south": {"uv": [12.1, 5.95, 8, 1], "rotation": 270, "texture": "#0"},
				"west": {"uv": [0, 2.8, 0, 0], "texture": "#missing"},
				"up": {"uv": [0, 2.8, 0, 0], "rotation": 270, "texture": "#missing"},
				"down": {"uv": [0, 2.8, 0, 0], "rotation": 270, "texture": "#missing"}
			}
		},
		{
			"from": [1.6, 9.8, 4.8],
			"to": [4, 12.4, 4.8],
			"rotation": {"angle": 45, "axis": "y", "origin": [2.9, -4.9, -2.3]},
			"faces": {
				"north": {"uv": [8, 1, 12.1, 6], "texture": "#0"},
				"east": {"uv": [0, 0, 0, 2.8], "texture": "#missing"},
				"south": {"uv": [12.1, 1, 8, 5.95], "texture": "#0"},
				"west": {"uv": [0, 0, 0, 2.8], "texture": "#missing"},
				"up": {"uv": [0, 0, 0, 2.8], "rotation": 90, "texture": "#missing"},
				"down": {"uv": [0, 0, 0, 2.8], "rotation": 270, "texture": "#missing"}
			}
		},
		{
			"from": [5.2, 8.1, -0.5],
			"to": [6.7, 10.6, -0.5],
			"rotation": {"angle": -22.5, "axis": "y", "origin": [0, 0, 16]},
			"faces": {
				"north": {"uv": [9.45, 7.55, 14.9, 15], "texture": "#0"},
				"east": {"uv": [0, 0, 0, 3.6], "texture": "#missing"},
				"south": {"uv": [14.9, 7.5, 9.5, 14.95], "texture": "#0"},
				"west": {"uv": [0, 0, 0, 3.6], "texture": "#missing"},
				"up": {"uv": [0, 0, 0, 2.8], "rotation": 90, "texture": "#missing"},
				"down": {"uv": [0, 0, 0, 2.8], "rotation": 270, "texture": "#missing"}
			}
		},
		{
			"from": [3.46862, 9.125, 2.69004],
			"to": [4.46862, 10.725, 2.69004],
			"rotation": {"angle": 22.5, "axis": "y", "origin": [4.97038, 9.5125, 3.12878]},
			"faces": {
				"north": {"uv": [3.9, 0, 1, 5.15], "texture": "#0"},
				"east": {"uv": [0, 0, 0, 5], "texture": "#missing"},
				"south": {"uv": [1, 0, 3.9, 5.15], "texture": "#0"},
				"west": {"uv": [0, 0, 0, 5], "texture": "#missing"},
				"up": {"uv": [0, 0, 0, 4.9], "rotation": 270, "texture": "#missing"},
				"down": {"uv": [0, 0, 0, 4.9], "rotation": 90, "texture": "#missing"}
			}
		},
		{
			"from": [2.67215, 9.1, 2.76752],
			"to": [3.67215, 10.7, 2.76752],
			"rotation": {"angle": 22.5, "axis": "y", "origin": [4.97038, 9.5125, 3.12878]},
			"faces": {
				"north": {"uv": [1, 0, 3.9, 5.15], "texture": "#0"},
				"east": {"uv": [0, 0, 0, 5], "texture": "#missing"},
				"south": {"uv": [3.9, 0, 1, 5.15], "texture": "#0"},
				"west": {"uv": [0, 0, 0, 5], "texture": "#missing"},
				"up": {"uv": [0, 4.9, 0, 0], "rotation": 270, "texture": "#missing"},
				"down": {"uv": [0, 4.9, 0, 0], "rotation": 90, "texture": "#missing"}
			}
		},
		{
			"from": [6.7, 8.1, -0.5],
			"to": [8.2, 10.6, -0.5],
			"rotation": {"angle": -22.5, "axis": "y", "origin": [0, 0, 16]},
			"faces": {
				"north": {"uv": [14.9, 7.45, 9.45, 14.95], "texture": "#0"},
				"east": {"uv": [0, 0, 0, 3.6], "texture": "#missing"},
				"south": {"uv": [9.5, 7.5, 14.8, 14.95], "texture": "#0"},
				"west": {"uv": [0, 0, 0, 3.6], "texture": "#missing"},
				"up": {"uv": [0, 2.8, 0, 0], "rotation": 90, "texture": "#missing"},
				"down": {"uv": [0, 2.8, 0, 0], "rotation": 270, "texture": "#missing"}
			}
		},
		{
			"from": [3.79951, 8.16736, 3.38915],
			"to": [5.59951, 12.26736, 3.38915],
			"rotation": {"angle": -22.5, "axis": "y", "origin": [5.59951, 10.21736, 3.38915]},
			"faces": {
				"north": {"uv": [1.5, 7.25, 6.55, 15], "texture": "#0"},
				"east": {"uv": [0, 0, 0, 5.6], "texture": "#missing"},
				"south": {"uv": [6.55, 7.25, 1.5, 15], "texture": "#0"},
				"west": {"uv": [0, 0, 0, 5.6], "texture": "#missing"},
				"up": {"uv": [0, 0, 0, 5.1], "rotation": 90, "texture": "#missing"},
				"down": {"uv": [0, 0, 0, 5.1], "rotation": 270, "texture": "#missing"}
			}
		},
		{
			"from": [5.59951, 8.16736, 3.38915],
			"to": [7.39951, 12.26736, 3.38915],
			"rotation": {"angle": 22.5, "axis": "y", "origin": [5.59951, 10.21736, 3.38915]},
			"faces": {
				"north": {"uv": [6.5, 7.25, 1.5, 15], "texture": "#0"},
				"east": {"uv": [0, 0, 0, 5.6], "texture": "#missing"},
				"south": {"uv": [1.5, 7.3, 6.5, 15], "texture": "#0"},
				"west": {"uv": [0, 0, 0, 5.6], "texture": "#missing"},
				"up": {"uv": [0, 5.1, 0, 0], "rotation": 90, "texture": "#missing"},
				"down": {"uv": [0, 5.1, 0, 0], "rotation": 270, "texture": "#missing"}
			}
		},
		{
			"from": [10.34645, 8.9415, 1.88965],
			"to": [12.25045, 11.7975, 1.88965],
			"rotation": {"angle": 22.5, "axis": "z", "origin": [11.29845, 9.7695, 1.28965]},
			"faces": {
				"north": {"uv": [3.9, 0, 1, 5.15], "texture": "#0"},
				"east": {"uv": [0, 0, 0, 5], "texture": "#missing"},
				"south": {"uv": [1, 0, 3.9, 5], "texture": "#0"},
				"west": {"uv": [0, 0, 0, 5], "texture": "#missing"},
				"up": {"uv": [0, 0, 0, 4.9], "rotation": 270, "texture": "#missing"},
				"down": {"uv": [0, 0, 0, 4.9], "rotation": 90, "texture": "#missing"}
			}
		},
		{
			"from": [8.76103, 8.3275, 1.99332],
			"to": [10.66503, 11.1835, 1.99332],
			"rotation": {"angle": 22.5, "axis": "z", "origin": [9.71303, 9.7555, 1.99332]},
			"faces": {
				"north": {"uv": [1, 0, 3.9, 5], "texture": "#0"},
				"east": {"uv": [0, 0, 0, 5], "texture": "#missing"},
				"south": {"uv": [3.9, 0, 1, 5], "texture": "#0"},
				"west": {"uv": [0, 0, 0, 5], "texture": "#missing"},
				"up": {"uv": [0, 4.9, 0, 0], "rotation": 270, "texture": "#missing"},
				"down": {"uv": [0, 4.9, 0, 0], "rotation": 90, "texture": "#missing"}
			}
		}
	],
	"display": {
		"thirdperson_righthand": {
			"translation": [1.5, -0.75, 0],
			"scale": [0.32617, 0.39258, 0.25195]
		},
		"thirdperson_lefthand": {
			"translation": [1.5, -0.75, 1.5],
			"scale": [0.32617, 0.39258, 0.25195]
		},
		"firstperson_righthand": {
			"rotation": [0, 25.25, 0],
			"translation": [3, 0, 0],
			"scale": [0.45, 0.45, 0.45]
		},
		"firstperson_lefthand": {
			"rotation": [0, 25.25, 0],
			"translation": [3, 0, 0],
			"scale": [0.45, 0.45, 0.45]
		},
		"gui": {
			"rotation": [0, -38, 0],
			"translation": [0, -2.25, 0]
		},
		"head": {
			"rotation": [9.25, 0, 0],
			"translation": [0, -0.75, -0.25],
			"scale": [1.8, 1.69, 1.63]
		},
		"fixed": {
			"rotation": [0, -38, 0],
			"translation": [0, -2.25, -0.75]
		}
	},
	"groups": [
		{
			"name": "sm1",
			"origin": [8, 8, 8],
			"color": 0,
			"children": [
				0,
				1,
				2,
				3,
				{
					"name": "sm1",
					"origin": [8, 8, 8],
					"color": 0,
					"children": [4, 5, 6, 7]
				},
				{
					"name": "group",
					"origin": [0, -4.9, 6.3],
					"color": 0,
					"children": [8, 9, 10, 11]
				},
				{
					"name": "group",
					"origin": [8, 8, 8],
					"color": 0,
					"children": [12, 13, 14, 15]
				},
				{
					"name": "group",
					"origin": [0, 0, 0],
					"color": 0,
					"children": [16, 17, 18, 19]
				}
			]
		},
		{
			"name": "sm1",
			"origin": [8, 8, 8],
			"color": 0,
			"children": [
				{
					"name": "sm1",
					"origin": [8, 8, 8],
					"color": 0,
					"children": []
				},
				{
					"name": "group",
					"origin": [0, -4.9, 6.3],
					"color": 0,
					"children": []
				},
				{
					"name": "group",
					"origin": [8, 8, 8],
					"color": 0,
					"children": []
				},
				{
					"name": "group",
					"origin": [0, 0, 0],
					"color": 0,
					"children": []
				}
			]
		},
		{
			"name": "group",
			"origin": [0, 0, 0],
			"color": 0,
			"children": [
				{
					"name": "group",
					"origin": [4.97038, 9.5125, 3.12878],
					"color": 0,
					"children": [
						{
							"name": "group",
							"origin": [0, -4.9, 6.3],
							"color": 0,
							"children": []
						},
						{
							"name": "sm1",
							"origin": [8, 8, 8],
							"color": 0,
							"children": []
						},
						{
							"name": "group",
							"origin": [8, 8, 8],
							"color": 0,
							"children": []
						},
						{
							"name": "sm1",
							"origin": [8, 8, 8],
							"color": 0,
							"children": []
						}
					]
				},
				{
					"name": "group",
					"origin": [4.97038, 9.5125, 3.12878],
					"color": 0,
					"children": [
						{
							"name": "group",
							"origin": [0, -4.9, 6.3],
							"color": 0,
							"children": []
						},
						{
							"name": "sm1",
							"origin": [8, 8, 8],
							"color": 0,
							"children": []
						},
						{
							"name": "group",
							"origin": [8, 8, 8],
							"color": 0,
							"children": []
						},
						{
							"name": "sm1",
							"origin": [8, 8, 8],
							"color": 0,
							"children": [
								{
									"name": "group",
									"origin": [28.71303, 9.7555, 14.00668],
									"color": 0,
									"children": [20, 21, 22, 23, 24, 25, 26, 27, 28, 29, 30, 31, 32, 33, 34, 35, 36, 37, 38, 39]
								}
							]
						}
					]
				}
			]
		}
	]
}