{
	"credit": "Made with Blockbench",
	"texture_size": [64, 64],
	"textures": {
		"0": "items/hat/cabbage_hat",
		"particle": "items/hat/cabbage_hat"
	},
	"elements": [
		{
			"from": [0, 10, 0],
			"to": [16, 18, 16],
			"rotation": {"angle": 0, "axis": "y", "origin": [0, 10, 0]},
			"faces": {
				"north": {"uv": [0, 7, 4, 9], "texture": "#0"},
				"east": {"uv": [4, 8, 8, 10], "texture": "#0"},
				"south": {"uv": [8, 8, 12, 10], "texture": "#0"},
				"west": {"uv": [0, 9, 4, 11], "texture": "#0"},
				"up": {"uv": [9.25, 4, 5.25, 0], "texture": "#0"},
				"down": {"uv": [9.25, 4, 5.25, 8], "texture": "#0"}
			}
		},
		{
			"from": [0, 10, -7],
			"to": [16, 11, 0],
			"rotation": {"angle": 0, "axis": "y", "origin": [0, 10, 0]},
			"faces": {
				"north": {"uv": [9.25, 3.5, 13.25, 3.75], "texture": "#0"},
				"east": {"uv": [9.25, 4, 11, 4.25], "texture": "#0"},
				"south": {"uv": [9.25, 3.75, 13.25, 4], "texture": "#0"},
				"west": {"uv": [9.25, 4.25, 11, 4.5], "texture": "#0"},
				"up": {"uv": [13.25, 1.75, 9.25, 0], "texture": "#0"},
				"down": {"uv": [13.25, 1.75, 9.25, 3.5], "texture": "#0"}
			}
		},
		{
			"from": [-2.4, 10.5, -10],
			"to": [18.6, 10.5, 4],
			"rotation": {"angle": 0, "axis": "y", "origin": [-0.4, 9.5, 0]},
			"faces": {
				"north": {"uv": [0, 0, 5.25, 0], "texture": "#0"},
				"east": {"uv": [0, 0, 3.5, 0], "texture": "#0"},
				"south": {"uv": [0, 0, 5.25, 0], "texture": "#0"},
				"west": {"uv": [0, 0, 3.5, 0], "texture": "#0"},
				"up": {"uv": [5.25, 3.5, 0, 0], "texture": "#0"},
				"down": {"uv": [0, 0, 5.25, 3.5], "texture": "#0"}
			}
		},
		{
			"from": [-6.7, 9.9, -0.7],
			"to": [0.3, 10.9, 15.3],
			"rotation": {"angle": 0, "axis": "y", "origin": [-2.95, 10.4, 7.25]},
			"faces": {
				"north": {"uv": [9.25, 4, 11, 4.25], "texture": "#0"},
				"east": {"uv": [9.25, 3.75, 13.25, 4], "texture": "#0"},
				"south": {"uv": [9.25, 4.25, 11, 4.5], "texture": "#0"},
				"west": {"uv": [9.25, 3.5, 13.25, 3.75], "texture": "#0"},
				"up": {"uv": [13.25, 1.75, 9.25, 0], "rotation": 270, "texture": "#0"},
				"down": {"uv": [13.25, 1.75, 9.25, 3.5], "rotation": 90, "texture": "#0"}
			}
		},
		{
			"from": [-9.7, 10.4, -3.3],
			"to": [4.3, 10.4, 17.7],
			"rotation": {"angle": 0, "axis": "y", "origin": [-2.95, 10.4, 7.25]},
			"faces": {
				"north": {"uv": [0, 0, 3.5, 0], "texture": "#0"},
				"east": {"uv": [0, 0, 5.25, 0], "texture": "#0"},
				"south": {"uv": [0, 0, 3.5, 0], "texture": "#0"},
				"west": {"uv": [0, 0, 5.25, 0], "texture": "#0"},
				"up": {"uv": [5.25, 3.5, 0, 0], "rotation": 270, "texture": "#0"},
				"down": {"uv": [0, 0, 5.25, 3.5], "rotation": 90, "texture": "#0"}
			}
		},
		{
			"from": [0, 9.95, 15],
			"to": [16, 10.95, 22],
			"rotation": {"angle": 0, "axis": "y", "origin": [16, 9.95, 15]},
			"faces": {
				"north": {"uv": [9.25, 3.75, 13.25, 4], "texture": "#0"},
				"east": {"uv": [9.25, 4.25, 11, 4.5], "texture": "#0"},
				"south": {"uv": [9.25, 3.5, 13.25, 3.75], "texture": "#0"},
				"west": {"uv": [9.25, 4, 11, 4.25], "texture": "#0"},
				"up": {"uv": [9.25, 0, 13.25, 1.75], "texture": "#0"},
				"down": {"uv": [9.25, 3.5, 13.25, 1.75], "texture": "#0"}
			}
		},
		{
			"from": [-2.6, 10.45, 11],
			"to": [18.4, 10.45, 25],
			"rotation": {"angle": 0, "axis": "y", "origin": [16.4, 9.45, 15]},
			"faces": {
				"north": {"uv": [0, 0, 5.25, 0], "texture": "#0"},
				"east": {"uv": [0, 0, 3.5, 0], "texture": "#0"},
				"south": {"uv": [0, 0, 5.25, 0], "texture": "#0"},
				"west": {"uv": [0, 0, 3.5, 0], "texture": "#0"},
				"up": {"uv": [0, 0, 5.25, 3.5], "texture": "#0"},
				"down": {"uv": [5.25, 3.5, 0, 0], "texture": "#0"}
			}
		},
		{
			"from": [11.7, 10.35, -2.7],
			"to": [25.7, 10.35, 18.3],
			"rotation": {"angle": 0, "axis": "y", "origin": [18.95, 10.35, 7.75]},
			"faces": {
				"north": {"uv": [0, 0, 3.5, 0], "texture": "#0"},
				"east": {"uv": [0, 0, 5.25, 0], "texture": "#0"},
				"south": {"uv": [0, 0, 3.5, 0], "texture": "#0"},
				"west": {"uv": [0, 0, 5.25, 0], "texture": "#0"},
				"up": {"uv": [0, 0, 5.25, 3.5], "rotation": 270, "texture": "#0"},
				"down": {"uv": [5.25, 3.5, 0, 0], "rotation": 90, "texture": "#0"}
			}
		},
		{
			"from": [15.7, 9.85, -0.3],
			"to": [22.7, 10.85, 15.7],
			"rotation": {"angle": 0, "axis": "y", "origin": [18.95, 10.35, 7.75]},
			"faces": {
				"north": {"uv": [9.25, 4.25, 11, 4.5], "texture": "#0"},
				"east": {"uv": [9.25, 3.5, 13.25, 3.75], "texture": "#0"},
				"south": {"uv": [9.25, 4, 11, 4.25], "texture": "#0"},
				"west": {"uv": [9.25, 3.75, 13.25, 4], "texture": "#0"},
				"up": {"uv": [9.25, 0, 13.25, 1.75], "rotation": 270, "texture": "#0"},
				"down": {"uv": [9.25, 3.5, 13.25, 1.75], "rotation": 90, "texture": "#0"}
			}
		}
	],
	"gui_light": "front",
	"display": {
		"thirdperson_righthand": {
			"scale": [0.24, 0.24, 0.24]
		},
		"thirdperson_lefthand": {
			"scale": [0.24, 0.24, 0.24]
		},
		"firstperson_righthand": {
			"rotation": [0, 40, 0],
			"translation": [2.5, 0, 0],
			"scale": [0.36, 0.36, 0.36]
		},
		"firstperson_lefthand": {
			"rotation": [0, 40, 0],
			"translation": [2.5, 0, 0],
			"scale": [0.36, 0.36, 0.36]
		},
		"ground": {
			"scale": [0.35, 0.35, 0.35]
		},
		"gui": {
			"rotation": [14.18, 53.81, 7.48],
			"translation": [0.5, -2, 0],
			"scale": [0.4, 0.4, 0.4]
		},
		"head": {
			"rotation": [6.25, 0, 0],
			"translation": [0, -2, -0.25]
		},
		"fixed": {
			"translation": [0, -3.5, 0],
			"scale": [0.62, 0.62, 0.62]
		}
	}
}