{
	"credit": "Made with Blockbench",
	"texture_size": [64, 64],
	"textures": {
		"2": "items/hat/carrot_sunglasses",
		"particle": "items/hat/carrot_sunglasses"
	},
	"elements": [
		{
			"name": "hexadecagon",
			"from": [9.75272, 17.25, -0.5],
			"to": [10.74728, 17.5, -0.25],
			"rotation": {"angle": -45, "axis": "z", "origin": [10.25, 15, 2]},
			"faces": {
				"north": {"uv": [8, 8.5, 8.25, 8.5625], "texture": "#2"},
				"east": {"uv": [4.25, 9.5, 4.3125, 9.5625], "texture": "#2"},
				"south": {"uv": [8.5, 8.25, 8.75, 8.3125], "texture": "#2"},
				"west": {"uv": [9.5, 4.25, 9.5625, 4.3125], "texture": "#2"},
				"up": {"uv": [8.75, 8.5625, 8.5, 8.5], "texture": "#2"},
				"down": {"uv": [9, 2.5, 8.75, 2.5625], "texture": "#2"}
			}
		},
		{
			"name": "hexadecagon",
			"from": [9.75272, 12.5, -0.5],
			"to": [10.74728, 12.75, -0.25],
			"rotation": {"angle": -22.5, "axis": "z", "origin": [10.25, 15, 2]},
			"faces": {
				"north": {"uv": [8.75, 2.75, 9, 2.8125], "texture": "#2"},
				"east": {"uv": [4.5, 9.5, 4.5625, 9.5625], "texture": "#2"},
				"south": {"uv": [8.75, 3, 9, 3.0625], "texture": "#2"},
				"west": {"uv": [9.5, 4.5, 9.5625, 4.5625], "texture": "#2"},
				"up": {"uv": [9, 3.3125, 8.75, 3.25], "texture": "#2"},
				"down": {"uv": [9, 3.5, 8.75, 3.5625], "texture": "#2"}
			}
		},
		{
			"name": "hexadecagon",
			"from": [9.75272, 17.25, -0.5],
			"to": [10.74728, 17.5, -0.25],
			"rotation": {"angle": 0, "axis": "y", "origin": [10.25, 15, 2]},
			"faces": {
				"north": {"uv": [8.75, 3.75, 9, 3.8125], "texture": "#2"},
				"east": {"uv": [4.75, 9.5, 4.8125, 9.5625], "texture": "#2"},
				"south": {"uv": [8.75, 4, 9, 4.0625], "texture": "#2"},
				"west": {"uv": [9.5, 4.75, 9.5625, 4.8125], "texture": "#2"},
				"up": {"uv": [9, 4.3125, 8.75, 4.25], "texture": "#2"},
				"down": {"uv": [9, 4.5, 8.75, 4.5625], "texture": "#2"}
			}
		},
		{
			"name": "hexadecagon",
			"from": [9.75272, 12.5, -0.5],
			"to": [10.74728, 12.75, -0.25],
			"rotation": {"angle": 22.5, "axis": "z", "origin": [10.25, 15, 2]},
			"faces": {
				"north": {"uv": [8.75, 4.75, 9, 4.8125], "texture": "#2"},
				"east": {"uv": [5, 9.5, 5.0625, 9.5625], "texture": "#2"},
				"south": {"uv": [5.25, 8.75, 5.5, 8.8125], "texture": "#2"},
				"west": {"uv": [5.25, 9.5, 5.3125, 9.5625], "texture": "#2"},
				"up": {"uv": [5.75, 8.8125, 5.5, 8.75], "texture": "#2"},
				"down": {"uv": [6, 8.75, 5.75, 8.8125], "texture": "#2"}
			}
		},
		{
			"name": "hexadecagon",
			"from": [9.75272, 12.5, -0.5],
			"to": [10.74728, 12.75, -0.25],
			"rotation": {"angle": 45, "axis": "z", "origin": [10.25, 15, 2]},
			"faces": {
				"north": {"uv": [6, 8.75, 6.25, 8.8125], "texture": "#2"},
				"east": {"uv": [5.5, 9.5, 5.5625, 9.5625], "texture": "#2"},
				"south": {"uv": [6.25, 8.75, 6.5, 8.8125], "texture": "#2"},
				"west": {"uv": [5.75, 9.5, 5.8125, 9.5625], "texture": "#2"},
				"up": {"uv": [6.75, 8.8125, 6.5, 8.75], "texture": "#2"},
				"down": {"uv": [7, 8.75, 6.75, 8.8125], "texture": "#2"}
			}
		},
		{
			"name": "hexadecagon",
			"from": [12.5, 14.50272, -0.5],
			"to": [12.75, 15.49728, -0.25],
			"rotation": {"angle": -22.5, "axis": "z", "origin": [10.25, 15, 2]},
			"faces": {
				"north": {"uv": [7, 8.75, 7.0625, 9], "texture": "#2"},
				"east": {"uv": [7.25, 8.75, 7.3125, 9], "texture": "#2"},
				"south": {"uv": [7.5, 8.75, 7.5625, 9], "texture": "#2"},
				"west": {"uv": [7.75, 8.75, 7.8125, 9], "texture": "#2"},
				"up": {"uv": [6.0625, 9.5625, 6, 9.5], "texture": "#2"},
				"down": {"uv": [6.3125, 9.5, 6.25, 9.5625], "texture": "#2"}
			}
		},
		{
			"name": "hexadecagon",
			"from": [12.5, 14.50272, -0.5],
			"to": [12.75, 15.49728, -0.25],
			"rotation": {"angle": 0, "axis": "y", "origin": [10.25, 15, 2]},
			"faces": {
				"north": {"uv": [8, 8.75, 8.0625, 9], "texture": "#2"},
				"east": {"uv": [8.25, 8.75, 8.3125, 9], "texture": "#2"},
				"south": {"uv": [8.75, 8.25, 8.8125, 8.5], "texture": "#2"},
				"west": {"uv": [8.5, 8.75, 8.5625, 9], "texture": "#2"},
				"up": {"uv": [9.5625, 6.3125, 9.5, 6.25], "texture": "#2"},
				"down": {"uv": [6.5625, 9.5, 6.5, 9.5625], "texture": "#2"}
			}
		},
		{
			"name": "hexadecagon",
			"from": [12.5, 14.50272, -0.5],
			"to": [12.75, 15.49728, -0.25],
			"rotation": {"angle": 22.5, "axis": "z", "origin": [10.25, 15, 2]},
			"faces": {
				"north": {"uv": [8.75, 8.5, 8.8125, 8.75], "texture": "#2"},
				"east": {"uv": [8.75, 8.75, 8.8125, 9], "texture": "#2"},
				"south": {"uv": [0, 9, 0.0625, 9.25], "texture": "#2"},
				"west": {"uv": [0.25, 9, 0.3125, 9.25], "texture": "#2"},
				"up": {"uv": [9.5625, 6.5625, 9.5, 6.5], "texture": "#2"},
				"down": {"uv": [6.8125, 9.5, 6.75, 9.5625], "texture": "#2"}
			}
		},
		{
			"name": "hexadecagon",
			"from": [9.75272, 12.5, -0.5],
			"to": [10.74728, 12.75, -0.25],
			"rotation": {"angle": 0, "axis": "y", "origin": [10.25, 15, 2]},
			"faces": {
				"north": {"uv": [0.5, 9, 0.75, 9.0625], "texture": "#2"},
				"east": {"uv": [9.5, 6.75, 9.5625, 6.8125], "texture": "#2"},
				"south": {"uv": [0.75, 9, 1, 9.0625], "texture": "#2"},
				"west": {"uv": [7, 9.5, 7.0625, 9.5625], "texture": "#2"},
				"up": {"uv": [1.25, 9.0625, 1, 9], "texture": "#2"},
				"down": {"uv": [1.5, 9, 1.25, 9.0625], "texture": "#2"}
			}
		},
		{
			"name": "hexadecagon",
			"from": [9.75272, 17.25, -0.5],
			"to": [10.74728, 17.5, -0.25],
			"rotation": {"angle": -22.5, "axis": "z", "origin": [10.25, 15, 2]},
			"faces": {
				"north": {"uv": [1.5, 9, 1.75, 9.0625], "texture": "#2"},
				"east": {"uv": [9.5, 7, 9.5625, 7.0625], "texture": "#2"},
				"south": {"uv": [1.75, 9, 2, 9.0625], "texture": "#2"},
				"west": {"uv": [7.25, 9.5, 7.3125, 9.5625], "texture": "#2"},
				"up": {"uv": [2.25, 9.0625, 2, 9], "texture": "#2"},
				"down": {"uv": [2.5, 9, 2.25, 9.0625], "texture": "#2"}
			}
		},
		{
			"name": "hexadecagon",
			"from": [9.75272, 17.25, -0.5],
			"to": [10.74728, 17.5, -0.25],
			"rotation": {"angle": 22.5, "axis": "z", "origin": [10.25, 15, 2]},
			"faces": {
				"north": {"uv": [2.5, 9, 2.75, 9.0625], "texture": "#2"},
				"east": {"uv": [9.5, 7.25, 9.5625, 7.3125], "texture": "#2"},
				"south": {"uv": [9, 2.5, 9.25, 2.5625], "texture": "#2"},
				"west": {"uv": [7.5, 9.5, 7.5625, 9.5625], "texture": "#2"},
				"up": {"uv": [3, 9.0625, 2.75, 9], "texture": "#2"},
				"down": {"uv": [9.25, 2.75, 9, 2.8125], "texture": "#2"}
			}
		},
		{
			"name": "hexadecagon",
			"from": [9.75272, 17.25, -0.5],
			"to": [10.74728, 17.5, -0.25],
			"rotation": {"angle": 45, "axis": "z", "origin": [10.25, 15, 2]},
			"faces": {
				"north": {"uv": [3, 9, 3.25, 9.0625], "texture": "#2"},
				"east": {"uv": [7.75, 9.5, 7.8125, 9.5625], "texture": "#2"},
				"south": {"uv": [9, 3, 9.25, 3.0625], "texture": "#2"},
				"west": {"uv": [8, 9.5, 8.0625, 9.5625], "texture": "#2"},
				"up": {"uv": [3.5, 9.0625, 3.25, 9], "texture": "#2"},
				"down": {"uv": [9.25, 3.25, 9, 3.3125], "texture": "#2"}
			}
		},
		{
			"name": "hexadecagon",
			"from": [7.75, 14.50272, -0.5],
			"to": [8, 15.49728, -0.25],
			"rotation": {"angle": 0, "axis": "y", "origin": [10.25, 15, 2]},
			"faces": {
				"north": {"uv": [3.5, 9, 3.5625, 9.25], "texture": "#2"},
				"east": {"uv": [9, 3.5, 9.0625, 3.75], "texture": "#2"},
				"south": {"uv": [3.75, 9, 3.8125, 9.25], "texture": "#2"},
				"west": {"uv": [9, 3.75, 9.0625, 4], "texture": "#2"},
				"up": {"uv": [9.5625, 8.0625, 9.5, 8], "texture": "#2"},
				"down": {"uv": [8.3125, 9.5, 8.25, 9.5625], "texture": "#2"}
			}
		},
		{
			"name": "hexadecagon",
			"from": [7.75, 14.50272, -0.5],
			"to": [8, 15.49728, -0.25],
			"rotation": {"angle": -22.5, "axis": "z", "origin": [10.25, 15, 2]},
			"faces": {
				"north": {"uv": [4, 9, 4.0625, 9.25], "texture": "#2"},
				"east": {"uv": [9, 4, 9.0625, 4.25], "texture": "#2"},
				"south": {"uv": [4.25, 9, 4.3125, 9.25], "texture": "#2"},
				"west": {"uv": [9, 4.25, 9.0625, 4.5], "texture": "#2"},
				"up": {"uv": [9.5625, 8.3125, 9.5, 8.25], "texture": "#2"},
				"down": {"uv": [8.5625, 9.5, 8.5, 9.5625], "texture": "#2"}
			}
		},
		{
			"name": "hexadecagon",
			"from": [7.75, 14.50272, -0.5],
			"to": [8, 15.49728, -0.25],
			"rotation": {"angle": 22.5, "axis": "z", "origin": [10.25, 15, 2]},
			"faces": {
				"north": {"uv": [9, 4.5, 9.0625, 4.75], "texture": "#2"},
				"east": {"uv": [9, 4.75, 9.0625, 5], "texture": "#2"},
				"south": {"uv": [5.25, 9, 5.3125, 9.25], "texture": "#2"},
				"west": {"uv": [5.5, 9, 5.5625, 9.25], "texture": "#2"},
				"up": {"uv": [9.5625, 8.5625, 9.5, 8.5], "texture": "#2"},
				"down": {"uv": [8.8125, 9.5, 8.75, 9.5625], "texture": "#2"}
			}
		},
		{
			"name": "hexadecagon",
			"from": [9.75272, 12.5, -0.5],
			"to": [10.74728, 12.75, -0.25],
			"rotation": {"angle": -45, "axis": "z", "origin": [10.25, 15, 2]},
			"faces": {
				"north": {"uv": [5.75, 9, 6, 9.0625], "texture": "#2"},
				"east": {"uv": [9.5, 8.75, 9.5625, 8.8125], "texture": "#2"},
				"south": {"uv": [6, 9, 6.25, 9.0625], "texture": "#2"},
				"west": {"uv": [9, 9.5, 9.0625, 9.5625], "texture": "#2"},
				"up": {"uv": [6.5, 9.0625, 6.25, 9], "texture": "#2"},
				"down": {"uv": [9.25, 6.25, 9, 6.3125], "texture": "#2"}
			}
		},
		{
			"name": "hexadecagon",
			"from": [6.2, 15.25272, -0.5],
			"to": [7.75, 15.44728, -0.25],
			"rotation": {"angle": 0, "axis": "y", "origin": [10.25, 15, 2]},
			"faces": {
				"north": {"uv": [8.5, 6.25, 8.875, 6.3125], "texture": "#2"},
				"east": {"uv": [9.5, 9, 9.5625, 9.0625], "texture": "#2"},
				"south": {"uv": [8.5, 6.5, 8.875, 6.5625], "texture": "#2"},
				"west": {"uv": [9.25, 9.5, 9.3125, 9.5625], "texture": "#2"},
				"up": {"uv": [7.125, 8.5625, 6.75, 8.5], "texture": "#2"},
				"down": {"uv": [8.875, 6.75, 8.5, 6.8125], "texture": "#2"}
			}
		},
		{
			"name": "hexadecagon",
			"from": [7.3, 15.12772, -0.475],
			"to": [7.85, 15.39728, -0.275],
			"rotation": {"angle": -45, "axis": "z", "origin": [7.5, 15.1, -0.375]},
			"faces": {
				"north": {"uv": [2, 9.5, 2.125, 9.5625], "texture": "#2"},
				"east": {"uv": [9.5, 9.25, 9.5625, 9.3125], "texture": "#2"},
				"south": {"uv": [2.25, 9.5, 2.375, 9.5625], "texture": "#2"},
				"west": {"uv": [9.5, 9.5, 9.5625, 9.5625], "texture": "#2"},
				"up": {"uv": [2.625, 9.5625, 2.5, 9.5], "texture": "#2"},
				"down": {"uv": [9.625, 2.5, 9.5, 2.5625], "texture": "#2"}
			}
		},
		{
			"name": "hexadecagon",
			"from": [17.7, 11.00272, -0.475],
			"to": [18.375, 11.19728, -0.275],
			"rotation": {"angle": 45, "axis": "z", "origin": [7.5, 0.9, -0.375]},
			"faces": {
				"north": {"uv": [9.25, 8.25, 9.40625, 8.3125], "texture": "#2"},
				"east": {"uv": [0, 9.75, 0.0625, 9.8125], "texture": "#2"},
				"south": {"uv": [8.5, 9.25, 8.65625, 9.3125], "texture": "#2"},
				"west": {"uv": [0.25, 9.75, 0.3125, 9.8125], "texture": "#2"},
				"up": {"uv": [9.40625, 8.5625, 9.25, 8.5], "texture": "#2"},
				"down": {"uv": [8.90625, 9.25, 8.75, 9.3125], "texture": "#2"}
			}
		},
		{
			"name": "hexadecagon",
			"from": [-4.4, 11.00272, -0.475],
			"to": [-3.725, 11.19728, -0.275],
			"rotation": {"angle": -45, "axis": "z", "origin": [6.475, 0.9, -0.375]},
			"faces": {
				"north": {"uv": [9.25, 8.75, 9.40625, 8.8125], "texture": "#2"},
				"east": {"uv": [0.5, 9.75, 0.5625, 9.8125], "texture": "#2"},
				"south": {"uv": [9, 9.25, 9.15625, 9.3125], "texture": "#2"},
				"west": {"uv": [0.75, 9.75, 0.8125, 9.8125], "texture": "#2"},
				"up": {"uv": [9.40625, 9.0625, 9.25, 9], "texture": "#2"},
				"down": {"uv": [9.40625, 9.25, 9.25, 9.3125], "texture": "#2"}
			}
		},
		{
			"name": "hexadecagon",
			"from": [6.125, 15.12772, -0.475],
			"to": [6.675, 15.44728, -0.275],
			"rotation": {"angle": 45, "axis": "z", "origin": [6.475, 15.1, -0.375]},
			"faces": {
				"north": {"uv": [9.25, 8, 9.375, 8.09375], "texture": "#2"},
				"east": {"uv": [3, 9.5, 3.0625, 9.59375], "texture": "#2"},
				"south": {"uv": [8.25, 9.25, 8.375, 9.34375], "texture": "#2"},
				"west": {"uv": [9.5, 3, 9.5625, 3.09375], "texture": "#2"},
				"up": {"uv": [2.875, 9.5625, 2.75, 9.5], "texture": "#2"},
				"down": {"uv": [9.625, 2.75, 9.5, 2.8125], "texture": "#2"}
			}
		},
		{
			"name": "hexadecagon",
			"from": [11.2, 10.95272, -0.475],
			"to": [11.825, 11.19728, -0.275],
			"rotation": {"angle": 45, "axis": "z", "origin": [0.95, 0.9, -0.375]},
			"faces": {
				"north": {"uv": [0, 9.5, 0.15625, 9.5625], "texture": "#2"},
				"east": {"uv": [1, 9.75, 1.0625, 9.8125], "texture": "#2"},
				"south": {"uv": [0.25, 9.5, 0.40625, 9.5625], "texture": "#2"},
				"west": {"uv": [1.25, 9.75, 1.3125, 9.8125], "texture": "#2"},
				"up": {"uv": [0.65625, 9.5625, 0.5, 9.5], "texture": "#2"},
				"down": {"uv": [0.90625, 9.5, 0.75, 9.5625], "texture": "#2"}
			}
		},
		{
			"name": "hexadecagon",
			"from": [3.20272, 12.5, -0.5],
			"to": [4.19728, 12.75, -0.25],
			"rotation": {"angle": -45, "axis": "z", "origin": [3.7, 15, 2]},
			"faces": {
				"north": {"uv": [6.5, 9, 6.75, 9.0625], "texture": "#2"},
				"east": {"uv": [1.5, 9.75, 1.5625, 9.8125], "texture": "#2"},
				"south": {"uv": [9, 6.5, 9.25, 6.5625], "texture": "#2"},
				"west": {"uv": [1.75, 9.75, 1.8125, 9.8125], "texture": "#2"},
				"up": {"uv": [7, 9.0625, 6.75, 9], "texture": "#2"},
				"down": {"uv": [9.25, 6.75, 9, 6.8125], "texture": "#2"}
			}
		},
		{
			"name": "hexadecagon",
			"from": [1.2, 14.50272, -0.5],
			"to": [1.45, 15.49728, -0.25],
			"rotation": {"angle": 22.5, "axis": "z", "origin": [3.7, 15, 2]},
			"faces": {
				"north": {"uv": [7, 9, 7.0625, 9.25], "texture": "#2"},
				"east": {"uv": [7.25, 9, 7.3125, 9.25], "texture": "#2"},
				"south": {"uv": [7.5, 9, 7.5625, 9.25], "texture": "#2"},
				"west": {"uv": [7.75, 9, 7.8125, 9.25], "texture": "#2"},
				"up": {"uv": [2.0625, 9.8125, 2, 9.75], "texture": "#2"},
				"down": {"uv": [2.3125, 9.75, 2.25, 9.8125], "texture": "#2"}
			}
		},
		{
			"name": "hexadecagon",
			"from": [1.2, 14.50272, -0.5],
			"to": [1.45, 15.49728, -0.25],
			"rotation": {"angle": -22.5, "axis": "z", "origin": [3.7, 15, 2]},
			"faces": {
				"north": {"uv": [8, 9, 8.0625, 9.25], "texture": "#2"},
				"east": {"uv": [8.25, 9, 8.3125, 9.25], "texture": "#2"},
				"south": {"uv": [9, 8.25, 9.0625, 8.5], "texture": "#2"},
				"west": {"uv": [8.5, 9, 8.5625, 9.25], "texture": "#2"},
				"up": {"uv": [2.5625, 9.8125, 2.5, 9.75], "texture": "#2"},
				"down": {"uv": [9.8125, 2.5, 9.75, 2.5625], "texture": "#2"}
			}
		},
		{
			"name": "hexadecagon",
			"from": [1.2, 14.50272, -0.5],
			"to": [1.45, 15.49728, -0.25],
			"rotation": {"angle": 0, "axis": "y", "origin": [3.7, 15, 2]},
			"faces": {
				"north": {"uv": [9, 8.5, 9.0625, 8.75], "texture": "#2"},
				"east": {"uv": [8.75, 9, 8.8125, 9.25], "texture": "#2"},
				"south": {"uv": [9, 8.75, 9.0625, 9], "texture": "#2"},
				"west": {"uv": [9, 9, 9.0625, 9.25], "texture": "#2"},
				"up": {"uv": [2.8125, 9.8125, 2.75, 9.75], "texture": "#2"},
				"down": {"uv": [9.8125, 2.75, 9.75, 2.8125], "texture": "#2"}
			}
		},
		{
			"name": "hexadecagon",
			"from": [3.20272, 17.25, -0.5],
			"to": [4.19728, 17.5, -0.25],
			"rotation": {"angle": 45, "axis": "z", "origin": [3.7, 15, 2]},
			"faces": {
				"north": {"uv": [0, 9.25, 0.25, 9.3125], "texture": "#2"},
				"east": {"uv": [3, 9.75, 3.0625, 9.8125], "texture": "#2"},
				"south": {"uv": [0.25, 9.25, 0.5, 9.3125], "texture": "#2"},
				"west": {"uv": [9.75, 3, 9.8125, 3.0625], "texture": "#2"},
				"up": {"uv": [0.75, 9.3125, 0.5, 9.25], "texture": "#2"},
				"down": {"uv": [1, 9.25, 0.75, 9.3125], "texture": "#2"}
			}
		},
		{
			"name": "hexadecagon",
			"from": [3.20272, 17.25, -0.5],
			"to": [4.19728, 17.5, -0.25],
			"rotation": {"angle": 22.5, "axis": "z", "origin": [3.7, 15, 2]},
			"faces": {
				"north": {"uv": [1, 9.25, 1.25, 9.3125], "texture": "#2"},
				"east": {"uv": [3.25, 9.75, 3.3125, 9.8125], "texture": "#2"},
				"south": {"uv": [1.25, 9.25, 1.5, 9.3125], "texture": "#2"},
				"west": {"uv": [9.75, 3.25, 9.8125, 3.3125], "texture": "#2"},
				"up": {"uv": [1.75, 9.3125, 1.5, 9.25], "texture": "#2"},
				"down": {"uv": [2, 9.25, 1.75, 9.3125], "texture": "#2"}
			}
		},
		{
			"name": "hexadecagon",
			"from": [3.20272, 17.25, -0.5],
			"to": [4.19728, 17.5, -0.25],
			"rotation": {"angle": -22.5, "axis": "z", "origin": [3.7, 15, 2]},
			"faces": {
				"north": {"uv": [2, 9.25, 2.25, 9.3125], "texture": "#2"},
				"east": {"uv": [3.5, 9.75, 3.5625, 9.8125], "texture": "#2"},
				"south": {"uv": [2.25, 9.25, 2.5, 9.3125], "texture": "#2"},
				"west": {"uv": [9.75, 3.5, 9.8125, 3.5625], "texture": "#2"},
				"up": {"uv": [2.75, 9.3125, 2.5, 9.25], "texture": "#2"},
				"down": {"uv": [9.5, 2.5, 9.25, 2.5625], "texture": "#2"}
			}
		},
		{
			"name": "hexadecagon",
			"from": [3.20272, 12.5, -0.5],
			"to": [4.19728, 12.75, -0.25],
			"rotation": {"angle": 0, "axis": "y", "origin": [3.7, 15, 2]},
			"faces": {
				"north": {"uv": [2.75, 9.25, 3, 9.3125], "texture": "#2"},
				"east": {"uv": [3.75, 9.75, 3.8125, 9.8125], "texture": "#2"},
				"south": {"uv": [9.25, 2.75, 9.5, 2.8125], "texture": "#2"},
				"west": {"uv": [9.75, 3.75, 9.8125, 3.8125], "texture": "#2"},
				"up": {"uv": [3.25, 9.3125, 3, 9.25], "texture": "#2"},
				"down": {"uv": [9.5, 3, 9.25, 3.0625], "texture": "#2"}
			}
		},
		{
			"name": "hexadecagon",
			"from": [5.95, 14.50272, -0.5],
			"to": [6.2, 15.49728, -0.25],
			"rotation": {"angle": 22.5, "axis": "z", "origin": [3.7, 15, 2]},
			"faces": {
				"north": {"uv": [3.25, 9.25, 3.3125, 9.5], "texture": "#2"},
				"east": {"uv": [9.25, 3.25, 9.3125, 3.5], "texture": "#2"},
				"south": {"uv": [3.5, 9.25, 3.5625, 9.5], "texture": "#2"},
				"west": {"uv": [9.25, 3.5, 9.3125, 3.75], "texture": "#2"},
				"up": {"uv": [4.0625, 9.8125, 4, 9.75], "texture": "#2"},
				"down": {"uv": [9.8125, 4, 9.75, 4.0625], "texture": "#2"}
			}
		},
		{
			"name": "hexadecagon",
			"from": [5.95, 14.50272, -0.5],
			"to": [6.2, 15.49728, -0.25],
			"rotation": {"angle": 0, "axis": "y", "origin": [3.7, 15, 2]},
			"faces": {
				"north": {"uv": [3.75, 9.25, 3.8125, 9.5], "texture": "#2"},
				"east": {"uv": [9.25, 3.75, 9.3125, 4], "texture": "#2"},
				"south": {"uv": [4, 9.25, 4.0625, 9.5], "texture": "#2"},
				"west": {"uv": [9.25, 4, 9.3125, 4.25], "texture": "#2"},
				"up": {"uv": [4.3125, 9.8125, 4.25, 9.75], "texture": "#2"},
				"down": {"uv": [9.8125, 4.25, 9.75, 4.3125], "texture": "#2"}
			}
		},
		{
			"name": "hexadecagon",
			"from": [5.95, 14.50272, -0.5],
			"to": [6.2, 15.49728, -0.25],
			"rotation": {"angle": -22.5, "axis": "z", "origin": [3.7, 15, 2]},
			"faces": {
				"north": {"uv": [4.25, 9.25, 4.3125, 9.5], "texture": "#2"},
				"east": {"uv": [9.25, 4.25, 9.3125, 4.5], "texture": "#2"},
				"south": {"uv": [4.5, 9.25, 4.5625, 9.5], "texture": "#2"},
				"west": {"uv": [9.25, 4.5, 9.3125, 4.75], "texture": "#2"},
				"up": {"uv": [4.5625, 9.8125, 4.5, 9.75], "texture": "#2"},
				"down": {"uv": [9.8125, 4.5, 9.75, 4.5625], "texture": "#2"}
			}
		},
		{
			"name": "hexadecagon",
			"from": [3.20272, 12.5, -0.5],
			"to": [4.19728, 12.75, -0.25],
			"rotation": {"angle": 45, "axis": "z", "origin": [3.7, 15, 2]},
			"faces": {
				"north": {"uv": [4.75, 9.25, 5, 9.3125], "texture": "#2"},
				"east": {"uv": [4.75, 9.75, 4.8125, 9.8125], "texture": "#2"},
				"south": {"uv": [9.25, 4.75, 9.5, 4.8125], "texture": "#2"},
				"west": {"uv": [9.75, 4.75, 9.8125, 4.8125], "texture": "#2"},
				"up": {"uv": [5.25, 9.3125, 5, 9.25], "texture": "#2"},
				"down": {"uv": [5.5, 9.25, 5.25, 9.3125], "texture": "#2"}
			}
		},
		{
			"name": "hexadecagon",
			"from": [3.20272, 12.5, -0.5],
			"to": [4.19728, 12.75, -0.25],
			"rotation": {"angle": 22.5, "axis": "z", "origin": [3.7, 15, 2]},
			"faces": {
				"north": {"uv": [5.5, 9.25, 5.75, 9.3125], "texture": "#2"},
				"east": {"uv": [5, 9.75, 5.0625, 9.8125], "texture": "#2"},
				"south": {"uv": [5.75, 9.25, 6, 9.3125], "texture": "#2"},
				"west": {"uv": [5.25, 9.75, 5.3125, 9.8125], "texture": "#2"},
				"up": {"uv": [6.25, 9.3125, 6, 9.25], "texture": "#2"},
				"down": {"uv": [6.5, 9.25, 6.25, 9.3125], "texture": "#2"}
			}
		},
		{
			"name": "hexadecagon",
			"from": [3.20272, 17.25, -0.5],
			"to": [4.19728, 17.5, -0.25],
			"rotation": {"angle": 0, "axis": "y", "origin": [3.7, 15, 2]},
			"faces": {
				"north": {"uv": [9.25, 6.25, 9.5, 6.3125], "texture": "#2"},
				"east": {"uv": [5.5, 9.75, 5.5625, 9.8125], "texture": "#2"},
				"south": {"uv": [6.5, 9.25, 6.75, 9.3125], "texture": "#2"},
				"west": {"uv": [5.75, 9.75, 5.8125, 9.8125], "texture": "#2"},
				"up": {"uv": [9.5, 6.5625, 9.25, 6.5], "texture": "#2"},
				"down": {"uv": [7, 9.25, 6.75, 9.3125], "texture": "#2"}
			}
		},
		{
			"name": "hexadecagon",
			"from": [3.20272, 12.5, -0.5],
			"to": [4.19728, 12.75, -0.25],
			"rotation": {"angle": -22.5, "axis": "z", "origin": [3.7, 15, 2]},
			"faces": {
				"north": {"uv": [9.25, 6.75, 9.5, 6.8125], "texture": "#2"},
				"east": {"uv": [6, 9.75, 6.0625, 9.8125], "texture": "#2"},
				"south": {"uv": [7, 9.25, 7.25, 9.3125], "texture": "#2"},
				"west": {"uv": [6.25, 9.75, 6.3125, 9.8125], "texture": "#2"},
				"up": {"uv": [9.5, 7.0625, 9.25, 7], "texture": "#2"},
				"down": {"uv": [7.5, 9.25, 7.25, 9.3125], "texture": "#2"}
			}
		},
		{
			"name": "hexadecagon",
			"from": [3.20272, 17.25, -0.5],
			"to": [4.19728, 17.5, -0.25],
			"rotation": {"angle": -45, "axis": "z", "origin": [3.7, 15, 2]},
			"faces": {
				"north": {"uv": [9.25, 7.25, 9.5, 7.3125], "texture": "#2"},
				"east": {"uv": [9.75, 6.25, 9.8125, 6.3125], "texture": "#2"},
				"south": {"uv": [7.5, 9.25, 7.75, 9.3125], "texture": "#2"},
				"west": {"uv": [6.5, 9.75, 6.5625, 9.8125], "texture": "#2"},
				"up": {"uv": [8, 9.3125, 7.75, 9.25], "texture": "#2"},
				"down": {"uv": [8.25, 9.25, 8, 9.3125], "texture": "#2"}
			}
		},
		{
			"name": "hexadecagon",
			"from": [0.9, 15.25272, -0.5],
			"to": [1.2, 15.42228, -0.25],
			"rotation": {"angle": 0, "axis": "y", "origin": [10.25, 15, 2]},
			"faces": {
				"north": {"uv": [9.75, 7.25, 9.8125, 7.28125], "texture": "#2"},
				"east": {"uv": [7.5, 9.75, 7.5625, 9.78125], "texture": "#2"},
				"south": {"uv": [9.75, 7.5, 9.8125, 7.53125], "texture": "#2"},
				"west": {"uv": [7.75, 9.75, 7.8125, 9.78125], "texture": "#2"},
				"up": {"uv": [9.8125, 6.5625, 9.75, 6.5], "texture": "#2"},
				"down": {"uv": [6.8125, 9.75, 6.75, 9.8125], "texture": "#2"}
			}
		},
		{
			"name": "hexadecagon",
			"from": [0.9, 15.07772, -0.5],
			"to": [1.2, 15.24728, 5],
			"rotation": {"angle": 0, "axis": "y", "origin": [10.25, 15, 2]},
			"faces": {
				"north": {"uv": [9.75, 7.75, 9.8125, 7.78125], "texture": "#2"},
				"east": {"uv": [8.25, 7.5, 9.625, 7.53125], "texture": "#2"},
				"south": {"uv": [8, 9.75, 8.0625, 9.78125], "texture": "#2"},
				"west": {"uv": [8.25, 7.75, 9.625, 7.78125], "texture": "#2"},
				"up": {"uv": [7.5625, 8.375, 7.5, 7], "texture": "#2"},
				"down": {"uv": [7.8125, 7, 7.75, 8.375], "texture": "#2"}
			}
		},
		{
			"name": "hexadecagon",
			"from": [0.9, 15.30272, 4.9],
			"to": [1.2, 15.47228, 7.65],
			"rotation": {"angle": 22.5, "axis": "x", "origin": [1.05, 15.1625, 4.375]},
			"faces": {
				"north": {"uv": [9.75, 8, 9.8125, 8.03125], "texture": "#2"},
				"east": {"uv": [8.5, 7, 9.1875, 7.03125], "texture": "#2"},
				"south": {"uv": [8.25, 9.75, 8.3125, 9.78125], "texture": "#2"},
				"west": {"uv": [7.25, 8.5, 7.9375, 8.53125], "texture": "#2"},
				"up": {"uv": [8.3125, 8.6875, 8.25, 8], "texture": "#2"},
				"down": {"uv": [4.5625, 8.5, 4.5, 9.1875], "texture": "#2"}
			}
		},
		{
			"name": "hexadecagon",
			"from": [12.75, 15.30272, 4.9],
			"to": [13.05, 15.47228, 7.65],
			"rotation": {"angle": 22.5, "axis": "x", "origin": [12.9, 15.1625, 4.375]},
			"faces": {
				"north": {"uv": [9.75, 8.25, 9.8125, 8.28125], "texture": "#2"},
				"east": {"uv": [8.5, 7.25, 9.1875, 7.28125], "texture": "#2"},
				"south": {"uv": [8.5, 9.75, 8.5625, 9.78125], "texture": "#2"},
				"west": {"uv": [8.5, 8, 9.1875, 8.03125], "texture": "#2"},
				"up": {"uv": [4.8125, 9.1875, 4.75, 8.5], "texture": "#2"},
				"down": {"uv": [5.0625, 8.5, 5, 9.1875], "texture": "#2"}
			}
		},
		{
			"name": "hexadecagon",
			"from": [12.75, 15.07772, -0.5],
			"to": [13.05, 15.24728, 5],
			"rotation": {"angle": 0, "axis": "y", "origin": [3.7, 15, 2]},
			"faces": {
				"north": {"uv": [9.75, 8.5, 9.8125, 8.53125], "texture": "#2"},
				"east": {"uv": [5.25, 8.5, 6.625, 8.53125], "texture": "#2"},
				"south": {"uv": [8.75, 9.75, 8.8125, 9.78125], "texture": "#2"},
				"west": {"uv": [8.5, 6, 9.875, 6.03125], "texture": "#2"},
				"up": {"uv": [8.0625, 8.375, 8, 7], "texture": "#2"},
				"down": {"uv": [8.3125, 6, 8.25, 7.375], "texture": "#2"}
			}
		},
		{
			"name": "hexadecagon",
			"from": [12.75, 15.25272, -0.5],
			"to": [13.05, 15.42228, -0.25],
			"rotation": {"angle": 0, "axis": "y", "origin": [3.7, 15, 2]},
			"faces": {
				"north": {"uv": [9.75, 8.75, 9.8125, 8.78125], "texture": "#2"},
				"east": {"uv": [9, 9.75, 9.0625, 9.78125], "texture": "#2"},
				"south": {"uv": [9.75, 9, 9.8125, 9.03125], "texture": "#2"},
				"west": {"uv": [9.25, 9.75, 9.3125, 9.78125], "texture": "#2"},
				"up": {"uv": [9.8125, 6.8125, 9.75, 6.75], "texture": "#2"},
				"down": {"uv": [7.0625, 9.75, 7, 9.8125], "texture": "#2"}
			}
		},
		{
			"name": "hexadecagon",
			"from": [2.125, 10.95272, -0.475],
			"to": [2.75, 11.19728, -0.275],
			"rotation": {"angle": -45, "axis": "z", "origin": [13, 0.9, -0.375]},
			"faces": {
				"north": {"uv": [1, 9.5, 1.15625, 9.5625], "texture": "#2"},
				"east": {"uv": [9.75, 7, 9.8125, 7.0625], "texture": "#2"},
				"south": {"uv": [1.25, 9.5, 1.40625, 9.5625], "texture": "#2"},
				"west": {"uv": [7.25, 9.75, 7.3125, 9.8125], "texture": "#2"},
				"up": {"uv": [1.65625, 9.5625, 1.5, 9.5], "texture": "#2"},
				"down": {"uv": [1.90625, 9.5, 1.75, 9.5625], "texture": "#2"}
			}
		},
		{
			"from": [3.575, 17.325, -0.45],
			"to": [3.725, 18.075, -0.3],
			"rotation": {"angle": 0, "axis": "y", "origin": [3.025, 17.325, -0.45]},
			"faces": {
				"north": {"uv": [3.25, 9.5, 3.28125, 9.6875], "texture": "#2"},
				"east": {"uv": [9.5, 3.25, 9.53125, 3.4375], "texture": "#2"},
				"south": {"uv": [3.5, 9.5, 3.53125, 9.6875], "texture": "#2"},
				"west": {"uv": [9.5, 3.5, 9.53125, 3.6875], "texture": "#2"},
				"up": {"uv": [9.78125, 9.28125, 9.75, 9.25], "texture": "#2"},
				"down": {"uv": [9.53125, 9.75, 9.5, 9.78125], "texture": "#2"}
			}
		},
		{
			"from": [2.575, 17.575, -0.35],
			"to": [4.725, 19.575, -0.35],
			"rotation": {"angle": 0, "axis": "y", "origin": [3.025, 17.575, -0.35]},
			"faces": {
				"north": {"uv": [7.5, 6, 8.03125, 6.5], "texture": "#2"},
				"east": {"uv": [0, 0, 0, 0.5], "texture": "#2"},
				"south": {"uv": [7.5, 6.5, 8.03125, 7], "texture": "#2"},
				"west": {"uv": [0, 0, 0, 0.5], "texture": "#2"},
				"up": {"uv": [0.53125, 0, 0, 0], "texture": "#2"},
				"down": {"uv": [0.53125, 0, 0, 0], "texture": "#2"}
			}
		},
		{
			"from": [6.866, 23.3525, 4.8645],
			"to": [7.334, 25.6925, 5.3325],
			"rotation": {"angle": 0, "axis": "y", "origin": [5.15, 23.3525, 4.8645]},
			"faces": {
				"north": {"uv": [3.25, 9.5, 3.28125, 9.6875], "texture": "#2"},
				"east": {"uv": [9.5, 3.25, 9.53125, 3.4375], "texture": "#2"},
				"south": {"uv": [3.5, 9.5, 3.53125, 9.6875], "texture": "#2"},
				"west": {"uv": [9.5, 3.5, 9.53125, 3.6875], "texture": "#2"},
				"up": {"uv": [9.78125, 9.28125, 9.75, 9.25], "texture": "#2"},
				"down": {"uv": [9.53125, 9.75, 9.5, 9.78125], "texture": "#2"}
			}
		},
		{
			"from": [3.746, 24.1325, 5.1765],
			"to": [10.454, 30.3725, 5.1765],
			"rotation": {"angle": 0, "axis": "y", "origin": [5.15, 24.1325, 5.1765]},
			"faces": {
				"north": {"uv": [7.5, 6, 8.03125, 6.5], "texture": "#2"},
				"east": {"uv": [0, 0, 0, 0.5], "texture": "#2"},
				"south": {"uv": [7.5, 6.5, 8.03125, 7], "texture": "#2"},
				"west": {"uv": [0, 0, 0, 0.5], "texture": "#2"},
				"up": {"uv": [0.53125, 0, 0, 0], "texture": "#2"},
				"down": {"uv": [0.53125, 0, 0, 0], "texture": "#2"}
			}
		},
		{
			"from": [7.1, 24.1325, 1.8225],
			"to": [7.1, 30.3725, 8.5305],
			"rotation": {"angle": 0, "axis": "y", "origin": [7.1, 27.2525, 5.1765]},
			"faces": {
				"north": {"uv": [0, 0, 0, 0.5], "texture": "#2"},
				"east": {"uv": [7.5, 6, 8.03125, 6.5], "texture": "#2"},
				"south": {"uv": [0, 0, 0, 0.5], "texture": "#2"},
				"west": {"uv": [7.5, 6.5, 8.03125, 7], "texture": "#2"},
				"up": {"uv": [0.53125, 0, 0, 0], "rotation": 90, "texture": "#2"},
				"down": {"uv": [0.53125, 0, 0, 0], "rotation": 270, "texture": "#2"}
			}
		},
		{
			"from": [10.2, 17.325, -0.45],
			"to": [10.35, 18.075, -0.3],
			"rotation": {"angle": 0, "axis": "y", "origin": [10.9, 17.325, -0.45]},
			"faces": {
				"north": {"uv": [3.75, 9.5, 3.78125, 9.6875], "texture": "#2"},
				"east": {"uv": [9.5, 3.75, 9.53125, 3.9375], "texture": "#2"},
				"south": {"uv": [4, 9.5, 4.03125, 9.6875], "texture": "#2"},
				"west": {"uv": [9.5, 4, 9.53125, 4.1875], "texture": "#2"},
				"up": {"uv": [9.78125, 9.53125, 9.75, 9.5], "texture": "#2"},
				"down": {"uv": [9.78125, 9.75, 9.75, 9.78125], "texture": "#2"}
			}
		},
		{
			"from": [9.2, 17.575, -0.35],
			"to": [11.35, 19.575, -0.35],
			"rotation": {"angle": 0, "axis": "y", "origin": [10.9, 17.575, -0.35]},
			"faces": {
				"north": {"uv": [7.5, 6.5, 8.03125, 7], "texture": "#2"},
				"east": {"uv": [0, 0, 0, 0.5], "texture": "#2"},
				"south": {"uv": [7.5, 6, 8.03125, 6.5], "texture": "#2"},
				"west": {"uv": [0, 0, 0, 0.5], "texture": "#2"},
				"up": {"uv": [0.53125, 0, 0, 0], "texture": "#2"},
				"down": {"uv": [0.53125, 0, 0, 0], "texture": "#2"}
			}
		},
		{
			"name": "hexadecagon",
			"from": [7.8, 12.50272, -0.4],
			"to": [12.8, 17.49728, -0.4],
			"rotation": {"angle": 0, "axis": "y", "origin": [3.7, 15, 2]},
			"faces": {
				"north": {"uv": [7.5, 2.5, 8.75, 3.75], "texture": "#2"},
				"east": {"uv": [0, 0, 0, 1.25], "texture": "#2"},
				"south": {"uv": [7.5, 3.75, 8.75, 5], "texture": "#2"},
				"west": {"uv": [0, 0, 0, 1.25], "texture": "#2"},
				"up": {"uv": [1.25, 0, 0, 0], "texture": "#2"},
				"down": {"uv": [1.25, 0, 0, 0], "texture": "#2"}
			}
		},
		{
			"name": "hexadecagon",
			"from": [1.2, 12.50272, -0.4],
			"to": [6.2, 17.49728, -0.4],
			"rotation": {"angle": 0, "axis": "y", "origin": [-2.9, 15, 2]},
			"faces": {
				"north": {"uv": [7.5, 2.5, 8.75, 3.75], "texture": "#2"},
				"east": {"uv": [0, 0, 0, 1.25], "texture": "#2"},
				"south": {"uv": [7.5, 3.75, 8.75, 5], "texture": "#2"},
				"west": {"uv": [0, 0, 0, 1.25], "texture": "#2"},
				"up": {"uv": [1.25, 0, 0, 0], "texture": "#2"},
				"down": {"uv": [1.25, 0, 0, 0], "texture": "#2"}
			}
		},
		{
			"from": [-2, 18.75, -3.75],
			"to": [16, 19.25, 14.25],
			"rotation": {"angle": 0, "axis": "y", "origin": [-1, 19.75, -2.75]},
			"faces": {
				"north": {"uv": [7.5, 5, 12, 5.125], "texture": "#2"},
				"east": {"uv": [7.5, 5.25, 12, 5.375], "texture": "#2"},
				"south": {"uv": [7.5, 5.5, 12, 5.625], "texture": "#2"},
				"west": {"uv": [7.5, 5.75, 12, 5.875], "texture": "#2"},
				"up": {"uv": [4.5, 4.5, 0, 0], "texture": "#2"},
				"down": {"uv": [4.5, 4.5, 0, 9], "texture": "#2"}
			}
		},
		{
			"from": [1, 18.875, -0.75],
			"to": [13, 23.875, 11.25],
			"rotation": {"angle": 0, "axis": "y", "origin": [-1, 19.875, -2.75]},
			"faces": {
				"north": {"uv": [4.5, 6, 7.5, 7.25], "texture": "#2"},
				"east": {"uv": [4.5, 7.25, 7.5, 8.5], "texture": "#2"},
				"south": {"uv": [7.5, 0, 10.5, 1.25], "texture": "#2"},
				"west": {"uv": [7.5, 1.25, 10.5, 2.5], "texture": "#2"},
				"up": {"uv": [7.5, 3, 4.5, 0], "texture": "#2"},
				"down": {"uv": [7.5, 3, 4.5, 6], "texture": "#2"}
			}
		}
	],
	"gui_light": "front",
	"display": {
		"thirdperson_righthand": {
			"rotation": [68.89, 0.55, 20.75],
			"translation": [4.5, -4.5, -5],
			"scale": [0.6, 0.6, 0.6]
		},
		"thirdperson_lefthand": {
			"rotation": [68.89, 0.55, 20.75],
			"translation": [4.5, -4.5, -5],
			"scale": [0.6, 0.6, 0.6]
		},
		"firstperson_righthand": {
			"rotation": [-177.55, 52.3, 168.32],
			"translation": [2.5, -0.25, 0],
			"scale": [0.4, 0.4, 0.4]
		},
		"firstperson_lefthand": {
			"rotation": [-177.55, 52.3, 168.32],
			"translation": [3.75, -0.25, 0],
			"scale": [0.4, 0.4, 0.4]
		},
		"ground": {
			"translation": [0, -4.5, 2.5],
			"scale": [0.6, 0.6, 0.6]
		},
		"gui": {
			"rotation": [-171.96, 21.29, -179.94],
			"translation": [-0.25, -6.5, 13],
			"scale": [0.68, 0.68, 0.68]
		},
		"head": {
			"translation": [1.25, -12.5, 3.25],
			"scale": [1.28, 1.28, 1.28]
		},
		"fixed": {
			"translation": [1.5, -18, 4.5],
			"scale": [1.6, 1.6, 1.6]
		}
	},
	"groups": [
		{
			"name": "group",
			"origin": [13, 0.9, -0.375],
			"color": 0,
			"children": [
				0,
				1,
				2,
				3,
				4,
				5,
				6,
				7,
				8,
				9,
				10,
				11,
				12,
				13,
				14,
				15,
				16,
				17,
				18,
				19,
				20,
				21,
				22,
				23,
				24,
				25,
				26,
				27,
				28,
				29,
				30,
				31,
				32,
				33,
				34,
				35,
				36,
				37,
				38,
				39,
				40,
				41,
				42,
				43,
				44,
				{
					"name": "group",
					"origin": [3.025, 17.325, -0.45],
					"color": 0,
					"children": [45, 46]
				},
				{
					"name": "group",
					"origin": [3.025, 17.325, -0.45],
					"color": 0,
					"children": [47, 48, 49]
				},
				50,
				51
			]
		},
		{
			"name": "group",
			"origin": [3.7, 15, 2],
			"color": 0,
			"children": [52, 53]
		},
		{
			"name": "group",
			"origin": [-1, 20, -2.75],
			"color": 0,
			"children": [54, 55]
		}
	]
}