{
	"credit": "Made with Blockbench",
	"texture_size": [64, 64],
	"textures": {
		"0": "items/hat/cherry_hat",
		"particle": "items/hat/cherry_hat"
	},
	"elements": [
		{
			"from": [2, 2, 2],
			"to": [14, 6, 14],
			"rotation": {"angle": 0, "axis": "y", "origin": [2, 4, 2]},
			"faces": {
				"north": {"uv": [7.5, 0, 10.5, 1], "texture": "#0"},
				"east": {"uv": [7.5, 1, 10.5, 2], "texture": "#0"},
				"south": {"uv": [7.5, 2, 10.5, 3], "texture": "#0"},
				"west": {"uv": [7.5, 3, 10.5, 4], "texture": "#0"},
				"up": {"uv": [3, 3, 0, 0], "texture": "#0"},
				"down": {"uv": [3, 3, 0, 6], "texture": "#0"}
			}
		},
		{
			"from": [3, 6, 4],
			"to": [11, 13, 12],
			"rotation": {"angle": 0, "axis": "y", "origin": [2, 8, 2]},
			"faces": {
				"north": {"uv": [5.5, 4, 7.5, 5.75], "texture": "#0"},
				"east": {"uv": [5.5, 5.75, 7.5, 7.5], "texture": "#0"},
				"south": {"uv": [0, 6, 2, 7.75], "texture": "#0"},
				"west": {"uv": [2, 6, 4, 7.75], "texture": "#0"},
				"up": {"uv": [7.5, 2, 5.5, 0], "texture": "#0"},
				"down": {"uv": [7.5, 2, 5.5, 4], "texture": "#0"}
			}
		},
		{
			"from": [6.75, 13, 7.75],
			"to": [7.25, 15, 8.25],
			"rotation": {"angle": 0, "axis": "y", "origin": [2, 15, 2]},
			"faces": {
				"north": {"uv": [4, 6, 4.125, 6.5], "texture": "#0"},
				"east": {"uv": [4.25, 6, 4.375, 6.5], "texture": "#0"},
				"south": {"uv": [4.5, 6, 4.625, 6.5], "texture": "#0"},
				"west": {"uv": [4.75, 6, 4.875, 6.5], "texture": "#0"},
				"up": {"uv": [7.625, 7.375, 7.5, 7.25], "texture": "#0"},
				"down": {"uv": [7.625, 7.5, 7.5, 7.625], "texture": "#0"}
			}
		},
		{
			"from": [6, 14.7, 7.75],
			"to": [6.5, 16.7, 8.25],
			"rotation": {"angle": 22.5, "axis": "z", "origin": [6.25, 16.7, 8]},
			"faces": {
				"north": {"uv": [5, 6, 5.125, 6.5], "texture": "#0"},
				"east": {"uv": [5.25, 6, 5.375, 6.5], "texture": "#0"},
				"south": {"uv": [4, 6.5, 4.125, 7], "texture": "#0"},
				"west": {"uv": [4.25, 6.5, 4.375, 7], "texture": "#0"},
				"up": {"uv": [0.125, 7.875, 0, 7.75], "texture": "#0"},
				"down": {"uv": [0.375, 7.75, 0.25, 7.875], "texture": "#0"}
			}
		},
		{
			"from": [3.08268, 18.10112, 7.75],
			"to": [5.08268, 18.60112, 8.25],
			"rotation": {"angle": -22.5, "axis": "z", "origin": [4.08268, 18.35112, 7.75]},
			"faces": {
				"north": {"uv": [4.5, 6.5, 5, 6.625], "texture": "#0"},
				"east": {"uv": [0.5, 7.75, 0.625, 7.875], "texture": "#0"},
				"south": {"uv": [5, 6.5, 5.5, 6.625], "texture": "#0"},
				"west": {"uv": [0.75, 7.75, 0.875, 7.875], "texture": "#0"},
				"up": {"uv": [5, 6.875, 4.5, 6.75], "texture": "#0"},
				"down": {"uv": [5.5, 6.75, 5, 6.875], "texture": "#0"}
			}
		},
		{
			"from": [1.33268, 18.45112, 7.75],
			"to": [3.33268, 18.95112, 8.25],
			"rotation": {"angle": 0, "axis": "y", "origin": [2.33268, 18.70112, 8]},
			"faces": {
				"north": {"uv": [5, 7, 5.5, 7.125], "texture": "#0"},
				"east": {"uv": [1.5, 7.75, 1.625, 7.875], "texture": "#0"},
				"south": {"uv": [5, 7.25, 5.5, 7.375], "texture": "#0"},
				"west": {"uv": [1.75, 7.75, 1.875, 7.875], "texture": "#0"},
				"up": {"uv": [7.5, 7.625, 7, 7.5], "texture": "#0"},
				"down": {"uv": [8, 7, 7.5, 7.125], "texture": "#0"}
			}
		},
		{
			"from": [5.33268, 16.35112, 7.75],
			"to": [5.83268, 18.35112, 8.25],
			"rotation": {"angle": 45, "axis": "z", "origin": [5.58268, 17.35112, 8]},
			"faces": {
				"north": {"uv": [4, 7, 4.125, 7.5], "texture": "#0"},
				"east": {"uv": [4.25, 7, 4.375, 7.5], "texture": "#0"},
				"south": {"uv": [4.5, 7, 4.625, 7.5], "texture": "#0"},
				"west": {"uv": [4.75, 7, 4.875, 7.5], "texture": "#0"},
				"up": {"uv": [1.125, 7.875, 1, 7.75], "texture": "#0"},
				"down": {"uv": [1.375, 7.75, 1.25, 7.875], "texture": "#0"}
			}
		},
		{
			"from": [3.675, 3.5, 2.025],
			"to": [13.7, 7.5, 13.975],
			"rotation": {"angle": 22.5, "axis": "z", "origin": [7.675, 5.5, 8]},
			"faces": {
				"north": {"uv": [7.5, 5, 10, 6], "texture": "#0"},
				"east": {"uv": [4, 7.5, 7, 8.5], "texture": "#0"},
				"south": {"uv": [7.5, 6, 10, 7], "texture": "#0"},
				"west": {"uv": [7.5, 4, 10.5, 5], "texture": "#0"},
				"up": {"uv": [5.5, 3, 3, 0], "texture": "#0"},
				"down": {"uv": [5.5, 3, 3, 6], "texture": "#0"}
			}
		}
	],
	"gui_light": "front",
	"display": {
		"thirdperson_righthand": {
			"rotation": [31.17, -7.63, 10.25],
			"translation": [0, 1.25, 0],
			"scale": [0.53, 0.53, 0.53]
		},
		"thirdperson_lefthand": {
			"rotation": [31.17, -7.63, 10.25],
			"translation": [0, 1.25, 0],
			"scale": [0.53, 0.53, 0.53]
		},
		"firstperson_righthand": {
			"rotation": [0, 17.5, 15.75],
			"translation": [0, 3.75, 0],
			"scale": [0.58, 0.58, 0.58]
		},
		"firstperson_lefthand": {
			"rotation": [0, 17.5, 15.75],
			"translation": [0, 3.75, 0],
			"scale": [0.58, 0.58, 0.58]
		},
		"ground": {
			"rotation": [0, 0, 1],
			"translation": [0, 4.5, 0],
			"scale": [0.62, 0.62, 0.62]
		},
		"gui": {
			"rotation": [16.57, -17.77, 5.19],
			"translation": [0, -1, 0],
			"scale": [0.77, 0.77, 0.77]
		},
		"head": {
			"rotation": [177.5, 0, 153.5],
			"translation": [-5.5, 8.5, -2.25],
			"scale": [0.9, 0.9, 0.9]
		},
		"fixed": {
			"rotation": [0, 180, 0],
			"translation": [-0.5, -1, 0]
		}
	}
}