{
	"credit": "Made with Blockbench",
	"texture_size": [32, 32],
	"textures": {
		"0": "items/hat/chicks_hat",
		"particle": "items/hat/chicks_hat"
	},
	"elements": [
		{
			"from": [3, 2, 3],
			"to": [13, 8, 13],
			"rotation": {"angle": 0, "axis": "y", "origin": [7, 2, 5]},
			"faces": {
				"north": {"uv": [5, 0, 10, 3], "texture": "#0"},
				"east": {"uv": [5, 3, 10, 6], "texture": "#0"},
				"south": {"uv": [5, 6, 10, 9], "texture": "#0"},
				"west": {"uv": [5, 9, 10, 12], "texture": "#0"},
				"up": {"uv": [5, 5, 0, 0], "texture": "#0"},
				"down": {"uv": [5, 5, 0, 10], "texture": "#0"}
			}
		},
		{
			"from": [8, 8, 7.5],
			"to": [9, 10, 8.5],
			"rotation": {"angle": 0, "axis": "y", "origin": [7, 8, 5]},
			"faces": {
				"north": {"uv": [11.5, 0, 12, 1], "texture": "#0"},
				"east": {"uv": [11.5, 1, 12, 2], "texture": "#0"},
				"south": {"uv": [11.5, 2, 12, 3], "texture": "#0"},
				"west": {"uv": [11.5, 3, 12, 4], "texture": "#0"},
				"up": {"uv": [12.5, 6, 12, 5.5], "texture": "#0"},
				"down": {"uv": [6.5, 12, 6, 12.5], "texture": "#0"}
			}
		},
		{
			"from": [7, 7.75, 7.525],
			"to": [8, 9.75, 8.475],
			"rotation": {"angle": 22.5, "axis": "z", "origin": [7.5, 8.75, 8]},
			"faces": {
				"north": {"uv": [11.5, 7, 12, 8], "texture": "#0"},
				"east": {"uv": [11.5, 8, 12, 9], "texture": "#0"},
				"south": {"uv": [11.5, 9, 12, 10], "texture": "#0"},
				"west": {"uv": [11.5, 10, 12, 11], "texture": "#0"},
				"up": {"uv": [12.5, 6.5, 12, 6], "texture": "#0"},
				"down": {"uv": [7, 12, 6.5, 12.5], "texture": "#0"}
			}
		},
		{
			"from": [1, 3.75, 6],
			"to": [4, 5.75, 10],
			"rotation": {"angle": 22.5, "axis": "z", "origin": [2.5, 4.75, 8]},
			"faces": {
				"north": {"uv": [10, 9, 11.5, 10], "texture": "#0"},
				"east": {"uv": [10, 5, 12, 6], "texture": "#0"},
				"south": {"uv": [10, 10, 11.5, 11], "texture": "#0"},
				"west": {"uv": [10, 6, 12, 7], "texture": "#0"},
				"up": {"uv": [3, 12, 1.5, 10], "texture": "#0"},
				"down": {"uv": [11.5, 2, 10, 4], "texture": "#0"}
			}
		},
		{
			"from": [12, 3.75, 6],
			"to": [15, 5.75, 10],
			"rotation": {"angle": -22.5, "axis": "z", "origin": [13.5, 4.75, 8]},
			"faces": {
				"north": {"uv": [11.5, 9, 10, 10], "texture": "#0"},
				"east": {"uv": [12, 6, 10, 7], "texture": "#0"},
				"south": {"uv": [11.5, 10, 10, 11], "texture": "#0"},
				"west": {"uv": [12, 5, 10, 6], "texture": "#0"},
				"up": {"uv": [1.5, 12, 3, 10], "texture": "#0"},
				"down": {"uv": [10, 2, 11.5, 4], "texture": "#0"}
			}
		},
		{
			"from": [10, 4, 2.5],
			"to": [11.75, 5.5, 3],
			"rotation": {"angle": 0, "axis": "y", "origin": [10, 3.75, 1]},
			"faces": {
				"north": {"uv": [3, 11, 4, 12], "texture": "#0"},
				"east": {"uv": [0, 12, 0.5, 13], "texture": "#0"},
				"south": {"uv": [4, 11, 5, 12], "texture": "#0"},
				"west": {"uv": [12, 0, 12.5, 1], "texture": "#0"},
				"up": {"uv": [1.5, 12.5, 0.5, 12], "texture": "#0"},
				"down": {"uv": [13, 1, 12, 1.5], "texture": "#0"}
			}
		},
		{
			"from": [4.25, 4, 2.5],
			"to": [6, 5.5, 3],
			"rotation": {"angle": 0, "axis": "y", "origin": [6, 3.75, 1]},
			"faces": {
				"north": {"uv": [10, 11, 11, 12], "texture": "#0"},
				"east": {"uv": [1.5, 12, 2, 13], "texture": "#0"},
				"south": {"uv": [11, 11, 12, 12], "texture": "#0"},
				"west": {"uv": [12, 1.5, 12.5, 2.5], "texture": "#0"},
				"up": {"uv": [3, 12.5, 2, 12], "texture": "#0"},
				"down": {"uv": [13, 2.5, 12, 3], "texture": "#0"}
			}
		},
		{
			"from": [7, 4, 2.25],
			"to": [9, 4.5, 3],
			"rotation": {"angle": 0, "axis": "y", "origin": [8.75, 3.75, 1]},
			"faces": {
				"north": {"uv": [3, 12, 4, 12.5], "texture": "#0"},
				"east": {"uv": [12, 6.5, 12.5, 7], "texture": "#0"},
				"south": {"uv": [12, 3, 13, 3.5], "texture": "#0"},
				"west": {"uv": [7, 12, 7.5, 12.5], "texture": "#0"},
				"up": {"uv": [13, 4, 12, 3.5], "texture": "#0"},
				"down": {"uv": [5, 12, 4, 12.5], "texture": "#0"}
			}
		},
		{
			"from": [7, 4.25, 2.25],
			"to": [9, 4.75, 3],
			"rotation": {"angle": 22.5, "axis": "x", "origin": [8, 4.5, 2.625]},
			"faces": {
				"north": {"uv": [12, 4, 13, 4.5], "texture": "#0"},
				"east": {"uv": [12, 7, 12.5, 7.5], "texture": "#0"},
				"south": {"uv": [12, 4.5, 13, 5], "texture": "#0"},
				"west": {"uv": [7.5, 12, 8, 12.5], "texture": "#0"},
				"up": {"uv": [6, 12.5, 5, 12], "texture": "#0"},
				"down": {"uv": [13, 5, 12, 5.5], "texture": "#0"}
			}
		}
	],
	"gui_light": "front",
	"display": {
		"thirdperson_righthand": {
			"rotation": [50.5, 0, 0],
			"translation": [0, 0.5, 1.5],
			"scale": [0.6, 0.6, 0.6]
		},
		"thirdperson_lefthand": {
			"rotation": [50.5, 0, 0],
			"translation": [0, 0.5, 1.5],
			"scale": [0.6, 0.6, 0.6]
		},
		"firstperson_righthand": {
			"rotation": [-180, 31.25, -180],
			"translation": [1, 3.75, 0],
			"scale": [0.45, 0.45, 0.45]
		},
		"firstperson_lefthand": {
			"rotation": [-180, 31.25, -180],
			"translation": [1, 3.75, 0],
			"scale": [0.45, 0.45, 0.45]
		},
		"ground": {
			"translation": [0, 5.5, 0],
			"scale": [0.55, 0.55, 0.55]
		},
		"gui": {
			"rotation": [0, 169, 0],
			"translation": [0, 2, 0]
		},
		"head": {
			"translation": [0, 7.5, 0],
			"scale": [1.56, 1.56, 1.56]
		},
		"fixed": {
			"translation": [0, 2.75, 0]
		}
	}
}