{
	"credit": "Made with Blockbench",
	"texture_size": [64, 64],
	"textures": {
		"0": "items/hat/corn_hat",
		"particle": "items/hat/corn_hat"
	},
	"elements": [
		{
			"from": [1.5, 10, 3],
			"to": [3.5, 26, 9],
			"rotation": {"angle": 0, "axis": "y", "origin": [1.5, 10, 4]},
			"faces": {
				"north": {"uv": [3.5, 11, 4, 15], "texture": "#0"},
				"east": {"uv": [7, 2.25, 8.5, 6.25], "texture": "#0"},
				"south": {"uv": [4, 11, 4.5, 15], "texture": "#0"},
				"west": {"uv": [2.75, 7, 4.25, 11], "texture": "#0"},
				"up": {"uv": [7, 3.75, 6.5, 2.25], "texture": "#0"},
				"down": {"uv": [2.75, 9.25, 2.25, 10.75], "texture": "#0"}
			}
		},
		{
			"from": [1.25, 8, 2.5],
			"to": [14.75, 10, 14.5],
			"rotation": {"angle": 0, "axis": "y", "origin": [1.5, -6, 4]},
			"faces": {
				"north": {"uv": [5.5, 11.25, 9, 11.75], "texture": "#0"},
				"east": {"uv": [11.5, 1, 14.5, 1.5], "texture": "#0"},
				"south": {"uv": [11.25, 10, 14.75, 10.5], "texture": "#0"},
				"west": {"uv": [5.5, 11.75, 8.5, 12.25], "texture": "#0"},
				"up": {"uv": [3.5, 7, 0, 4], "texture": "#0"},
				"down": {"uv": [7, 4, 3.5, 7], "texture": "#0"}
			}
		},
		{
			"from": [3.5, 22, 3],
			"to": [12.5, 26, 9],
			"rotation": {"angle": 0, "axis": "y", "origin": [4.5, 10, 4]},
			"faces": {
				"north": {"uv": [9.75, 3, 12, 4], "texture": "#0"},
				"east": {"uv": [11.25, 10.5, 12.75, 11.5], "texture": "#0"},
				"south": {"uv": [9.75, 4, 12, 5], "texture": "#0"},
				"west": {"uv": [11.5, 0, 13, 1], "texture": "#0"},
				"up": {"uv": [10.75, 10.25, 8.5, 8.75], "texture": "#0"},
				"down": {"uv": [2.25, 9.25, 0, 10.75], "texture": "#0"}
			}
		},
		{
			"from": [2.5, 26, 4],
			"to": [13.5, 28, 13],
			"rotation": {"angle": 0, "axis": "y", "origin": [4.5, 14, 5]},
			"faces": {
				"north": {"uv": [11.75, 6, 14.5, 6.5], "texture": "#0"},
				"east": {"uv": [11.75, 7, 14, 7.5], "texture": "#0"},
				"south": {"uv": [11.75, 6.5, 14.5, 7], "texture": "#0"},
				"west": {"uv": [11.75, 7.5, 14, 8], "texture": "#0"},
				"up": {"uv": [9.25, 2.25, 6.5, 0], "texture": "#0"},
				"down": {"uv": [2.75, 7, 0, 9.25], "texture": "#0"}
			}
		},
		{
			"from": [3.5, 10, 3],
			"to": [12.5, 14, 9],
			"rotation": {"angle": 0, "axis": "y", "origin": [4.5, -3, 4]},
			"faces": {
				"north": {"uv": [9.75, 5, 12, 6], "texture": "#0"},
				"east": {"uv": [9, 11.5, 10.5, 12.5], "texture": "#0"},
				"south": {"uv": [7.25, 10.25, 9.5, 11.25], "texture": "#0"},
				"west": {"uv": [10.5, 11.5, 12, 12.5], "texture": "#0"},
				"up": {"uv": [11.5, 1.5, 9.25, 0], "texture": "#0"},
				"down": {"uv": [12, 1.5, 9.75, 3], "texture": "#0"}
			}
		},
		{
			"from": [12.5, 10, 3],
			"to": [14.5, 26, 9],
			"rotation": {"angle": 0, "axis": "y", "origin": [11.5, 10, 4]},
			"faces": {
				"north": {"uv": [4.5, 11, 5, 15], "texture": "#0"},
				"east": {"uv": [4.25, 7, 5.75, 11], "texture": "#0"},
				"south": {"uv": [5, 11, 5.5, 15], "texture": "#0"},
				"west": {"uv": [5.75, 7, 7.25, 11], "texture": "#0"},
				"up": {"uv": [9, 13.25, 8.5, 11.75], "texture": "#0"},
				"down": {"uv": [0.5, 12, 0, 13.5], "texture": "#0"}
			}
		},
		{
			"from": [1.5, 10, 9],
			"to": [14.5, 26, 14],
			"rotation": {"angle": 0, "axis": "y", "origin": [11.5, 10, 9]},
			"faces": {
				"north": {"uv": [0, 0, 3.25, 4], "texture": "#0"},
				"east": {"uv": [7.25, 6.25, 8.5, 10.25], "texture": "#0"},
				"south": {"uv": [3.25, 0, 6.5, 4], "texture": "#0"},
				"west": {"uv": [8.5, 2.25, 9.75, 6.25], "texture": "#0"},
				"up": {"uv": [11.75, 7.5, 8.5, 6.25], "texture": "#0"},
				"down": {"uv": [11.75, 7.5, 8.5, 8.75], "texture": "#0"}
			}
		},
		{
			"from": [7.87346, 8.95203, 2.8],
			"to": [10.37346, 11.95203, 3.8],
			"rotation": {"angle": -22.5, "axis": "z", "origin": [9.12346, 10.45203, 3.3]},
			"faces": {
				"north": {"uv": [11.75, 8, 12.5, 8.75], "texture": "#0"},
				"east": {"uv": [7, 6.25, 7.25, 7], "texture": "#0"},
				"south": {"uv": [0.5, 12, 1.25, 12.75], "texture": "#0"},
				"west": {"uv": [9.25, 1.5, 9.5, 2.25], "texture": "#0"},
				"up": {"uv": [2.5, 11, 1.75, 10.75], "texture": "#0"},
				"down": {"uv": [12.75, 11.5, 12, 11.75], "texture": "#0"}
			}
		},
		{
			"from": [9.14645, 9.14645, 2.75],
			"to": [16.14645, 13.64645, 3.75],
			"rotation": {"angle": 22.5, "axis": "z", "origin": [12.14645, 11.39645, 3.25]},
			"faces": {
				"north": {"uv": [9.5, 10.25, 11.25, 11.5], "texture": "#0"},
				"east": {"uv": [1.25, 12, 1.5, 13.25], "texture": "#0"},
				"south": {"uv": [0, 10.75, 1.75, 12], "texture": "#0"},
				"west": {"uv": [1.5, 12, 1.75, 13.25], "texture": "#0"},
				"up": {"uv": [11.5, 6.25, 9.75, 6], "texture": "#0"},
				"down": {"uv": [7.25, 11, 5.5, 11.25], "texture": "#0"}
			}
		},
		{
			"from": [5.62654, 8.95203, 2.9],
			"to": [8.12654, 11.95203, 3.8],
			"rotation": {"angle": 22.5, "axis": "z", "origin": [6.87654, 10.45203, 3.3]},
			"faces": {
				"north": {"uv": [12, 1.5, 12.75, 2.25], "texture": "#0"},
				"east": {"uv": [9.5, 1.5, 9.75, 2.25], "texture": "#0"},
				"south": {"uv": [12, 2.25, 12.75, 3], "texture": "#0"},
				"west": {"uv": [12, 11.75, 12.25, 12.5], "texture": "#0"},
				"up": {"uv": [2.5, 12.5, 1.75, 12.25], "texture": "#0"},
				"down": {"uv": [3.25, 12.25, 2.5, 12.5], "texture": "#0"}
			}
		},
		{
			"from": [-0.14645, 9.14645, 2.75],
			"to": [6.85355, 13.64645, 3.75],
			"rotation": {"angle": -22.5, "axis": "z", "origin": [3.85355, 11.39645, 3.25]},
			"faces": {
				"north": {"uv": [10.75, 8.75, 12.5, 10], "texture": "#0"},
				"east": {"uv": [12, 3.5, 12.25, 4.75], "texture": "#0"},
				"south": {"uv": [1.75, 11, 3.5, 12.25], "texture": "#0"},
				"west": {"uv": [12, 4.75, 12.25, 6], "texture": "#0"},
				"up": {"uv": [13.75, 3.25, 12, 3], "texture": "#0"},
				"down": {"uv": [13.75, 3.25, 12, 3.5], "texture": "#0"}
			}
		}
	],
	"gui_light": "front",
	"display": {
		"thirdperson_righthand": {
			"rotation": [59, 0, 0],
			"translation": [0, 0, -1.75],
			"scale": [0.28, 0.28, 0.28]
		},
		"thirdperson_lefthand": {
			"rotation": [59, 0, 0],
			"translation": [0, 0, -1.75],
			"scale": [0.28, 0.28, 0.28]
		},
		"firstperson_righthand": {
			"rotation": [0, 121, 0],
			"translation": [2.25, 0, 0],
			"scale": [0.34, 0.34, 0.34]
		},
		"firstperson_lefthand": {
			"rotation": [0, 121, 0],
			"translation": [2.25, 0, 0],
			"scale": [0.34, 0.34, 0.34]
		},
		"ground": {
			"scale": [0.43, 0.43, 0.43]
		},
		"gui": {
			"rotation": [0, 146, 0],
			"translation": [0, -6, 0],
			"scale": [0.61, 0.61, 0.61]
		},
		"head": {
			"translation": [0, -15.25, -1.5],
			"scale": [1.49, 1.49, 1.49]
		},
		"fixed": {
			"translation": [0, -10, -1.5]
		}
	},
	"groups": [
		0,
		1,
		2,
		3,
		4,
		5,
		6,
		{
			"name": "group",
			"origin": [9.12346, 10.45203, 3.3],
			"color": 0,
			"children": [
				7,
				8,
				{
					"name": "group",
					"origin": [9.12346, 10.45203, 3.3],
					"color": 0,
					"children": [9, 10]
				}
			]
		}
	]
}