{
	"credit": "Made with Blockbench",
	"texture_size": [32, 32],
	"textures": {
		"2": "items/hat/cyber_glasses_blue",
		"particle": "items/hat/cyber_glasses_blue"
	},
	"elements": [
		{
			"name": "head",
			"from": [3.5, 7, 3],
			"to": [12.5, 10, 4],
			"rotation": {"angle": 0, "axis": "y", "origin": [7.5, 8, 8]},
			"faces": {
				"north": {"uv": [0, 5, 4.5, 6.5], "texture": "#2"},
				"east": {"uv": [5.5, 8.5, 6, 10], "texture": "#2"},
				"south": {"uv": [5, 0, 9.5, 1.5], "texture": "#2"},
				"west": {"uv": [5.5, 8.5, 6, 10], "texture": "#2"},
				"up": {"uv": [4.5, 2, 0, 1.5], "texture": "#2"},
				"down": {"uv": [4.5, 4, 0, 4.5], "texture": "#2"}
			}
		},
		{
			"name": "head",
			"from": [5.5, 6, 3],
			"to": [10.5, 7, 4],
			"rotation": {"angle": 0, "axis": "y", "origin": [7.5, 8, 8]},
			"faces": {
				"north": {"uv": [0, 9.5, 2.5, 10], "texture": "#2"},
				"east": {"uv": [10, 1, 12, 1.5], "texture": "#2"},
				"south": {"uv": [10, 0, 12.5, 0.5], "texture": "#2"},
				"west": {"uv": [10, 2, 12, 2.5], "texture": "#2"},
				"up": {"uv": [7.5, 8, 5, 6], "texture": "#2"},
				"down": {"uv": [2.5, 8.5, 0, 9], "texture": "#2"}
			}
		},
		{
			"name": "head",
			"from": [3.5, 8, 7],
			"to": [4.5, 10, 10],
			"rotation": {"angle": 0, "axis": "y", "origin": [7.5, 8, 8]},
			"faces": {
				"north": {"uv": [8, 6, 12.5, 7], "texture": "#2"},
				"east": {"uv": [3, 7, 4.5, 8], "texture": "#2"},
				"south": {"uv": [8, 7.5, 8.5, 8.5], "texture": "#2"},
				"west": {"uv": [8, 9, 9.5, 10], "texture": "#2"},
				"up": {"uv": [5.5, 3.5, 5, 2], "texture": "#2"},
				"down": {"uv": [5.5, 4, 5, 5.5], "texture": "#2"}
			}
		},
		{
			"name": "head",
			"from": [3.5, 7, 4],
			"to": [4.5, 10, 7],
			"rotation": {"angle": 0, "axis": "y", "origin": [7.5, 8, 8]},
			"faces": {
				"north": {"uv": [8, 6, 12.5, 7], "texture": "#2"},
				"east": {"uv": [8, 11.5, 9.5, 13], "texture": "#2"},
				"south": {"uv": [8, 7.5, 8.5, 8.5], "texture": "#2"},
				"west": {"uv": [6, 8.5, 7.5, 10], "texture": "#2"},
				"up": {"uv": [4, 1.5, 4.5, 0], "texture": "#2"},
				"down": {"uv": [5.5, 4, 5, 5.5], "texture": "#2"}
			}
		},
		{
			"name": "head",
			"from": [11.5, 7, 4],
			"to": [12.5, 10, 7],
			"rotation": {"angle": 0, "axis": "y", "origin": [8.5, 8, 8]},
			"faces": {
				"north": {"uv": [12.5, 6, 8, 7], "texture": "#2"},
				"east": {"uv": [7.5, 8.5, 6, 10], "texture": "#2"},
				"south": {"uv": [8.5, 7.5, 8, 8.5], "texture": "#2"},
				"west": {"uv": [9.5, 11.5, 8, 13], "texture": "#2"},
				"up": {"uv": [4.5, 1.5, 4, 0], "texture": "#2"},
				"down": {"uv": [5, 4, 5.5, 5.5], "texture": "#2"}
			}
		},
		{
			"name": "head",
			"from": [11.5, 8, 7],
			"to": [12.5, 10, 10],
			"rotation": {"angle": 0, "axis": "y", "origin": [8.5, 8, 8]},
			"faces": {
				"north": {"uv": [12.5, 6, 8, 7], "texture": "#2"},
				"east": {"uv": [9.5, 9, 8, 10], "texture": "#2"},
				"south": {"uv": [8.5, 7.5, 8, 8.5], "texture": "#2"},
				"west": {"uv": [4.5, 7, 3, 8], "texture": "#2"},
				"up": {"uv": [5, 3.5, 5.5, 2], "texture": "#2"},
				"down": {"uv": [5, 4, 5.5, 5.5], "texture": "#2"}
			}
		}
	],
	"gui_light": "front",
	"display": {
		"thirdperson_righthand": {
			"translation": [0, -1.75, 0]
		},
		"thirdperson_lefthand": {
			"translation": [0, -1.75, 0]
		},
		"gui": {
			"rotation": [30, -135, 0],
			"translation": [-1, -0.25, 0]
		},
		"head": {
			"scale": [1.7, 1.7, 1.7]
		},
		"fixed": {
			"translation": [0, -3.5, 0]
		}
	}
}