{
	"credit": "Made with Blockbench",
	"textures": {
		"0": "items/hat/demon_horns",
		"particle": "items/hat/demon_horns"
	},
	"elements": [
		{
			"name": "head",
			"from": [1.66237, 10.63831, 7],
			"to": [4.66237, 13.63831, 10],
			"rotation": {"angle": 45, "axis": "z", "origin": [4.22885, 13.66649, 8.5]},
			"faces": {
				"north": {"uv": [0, 0, 3, 3], "texture": "#0"},
				"east": {"uv": [0, 4, 3, 7], "texture": "#0"},
				"south": {"uv": [4, 0, 7, 3], "texture": "#0"},
				"west": {"uv": [4, 4, 7, 7], "texture": "#0"},
				"up": {"uv": [3, 11, 0, 8], "texture": "#0"},
				"down": {"uv": [11, 0, 8, 3], "texture": "#0"}
			}
		},
		{
			"name": "head",
			"from": [2.434, 11.83178, 7.5],
			"to": [4.434, 15.83178, 9.5],
			"rotation": {"angle": 0, "axis": "y", "origin": [4.22885, 13.66649, 8.5]},
			"faces": {
				"north": {"uv": [4, 8, 6, 12], "texture": "#0"},
				"east": {"uv": [8, 4, 10, 8], "texture": "#0"},
				"south": {"uv": [7, 9, 9, 13], "texture": "#0"},
				"west": {"uv": [10, 9, 12, 13], "texture": "#0"},
				"up": {"uv": [13, 6, 11, 4], "texture": "#0"},
				"down": {"uv": [2, 12, 0, 14], "texture": "#0"}
			}
		},
		{
			"name": "head",
			"from": [2.61945, 14.40867, 8],
			"to": [3.61945, 17.40867, 9],
			"rotation": {"angle": -22.5, "axis": "z", "origin": [4.22885, 13.66649, 8.5]},
			"faces": {
				"north": {"uv": [12, 0, 13, 3], "texture": "#0"},
				"east": {"uv": [3, 13, 4, 16], "texture": "#0"},
				"south": {"uv": [5, 13, 6, 16], "texture": "#0"},
				"west": {"uv": [13, 7, 14, 10], "texture": "#0"},
				"up": {"uv": [12, 8, 11, 7], "texture": "#0"},
				"down": {"uv": [14, 11, 13, 12], "texture": "#0"}
			}
		},
		{
			"name": "head",
			"from": [11.33763, 10.63831, 7],
			"to": [14.33763, 13.63831, 10],
			"rotation": {"angle": -45, "axis": "z", "origin": [11.77115, 13.66649, 8.5]},
			"faces": {
				"north": {"uv": [3, 0, 0, 3], "texture": "#0"},
				"east": {"uv": [7, 4, 4, 7], "texture": "#0"},
				"south": {"uv": [7, 0, 4, 3], "texture": "#0"},
				"west": {"uv": [3, 4, 0, 7], "texture": "#0"},
				"up": {"uv": [0, 11, 3, 8], "texture": "#0"},
				"down": {"uv": [8, 0, 11, 3], "texture": "#0"}
			}
		},
		{
			"name": "head",
			"from": [11.566, 11.83178, 7.5],
			"to": [13.566, 15.83178, 9.5],
			"rotation": {"angle": 0, "axis": "y", "origin": [11.77115, 13.66649, 8.5]},
			"faces": {
				"north": {"uv": [6, 8, 4, 12], "texture": "#0"},
				"east": {"uv": [12, 9, 10, 13], "texture": "#0"},
				"south": {"uv": [9, 9, 7, 13], "texture": "#0"},
				"west": {"uv": [10, 4, 8, 8], "texture": "#0"},
				"up": {"uv": [11, 6, 13, 4], "texture": "#0"},
				"down": {"uv": [0, 12, 2, 14], "texture": "#0"}
			}
		},
		{
			"name": "head",
			"from": [12.38055, 14.40867, 8],
			"to": [13.38055, 17.40867, 9],
			"rotation": {"angle": 22.5, "axis": "z", "origin": [11.77115, 13.66649, 8.5]},
			"faces": {
				"north": {"uv": [13, 0, 12, 3], "texture": "#0"},
				"east": {"uv": [14, 7, 13, 10], "texture": "#0"},
				"south": {"uv": [6, 13, 5, 16], "texture": "#0"},
				"west": {"uv": [4, 13, 3, 16], "texture": "#0"},
				"up": {"uv": [11, 8, 12, 7], "texture": "#0"},
				"down": {"uv": [13, 11, 14, 12], "texture": "#0"}
			}
		}
	],
	"gui_light": "front",
	"display": {
		"thirdperson_righthand": {
			"translation": [0, -1.75, 0]
		},
		"thirdperson_lefthand": {
			"translation": [0, -1.75, 0]
		},
		"gui": {
			"rotation": [30, -135, 0],
			"translation": [0.25, -5, 0]
		},
		"head": {
			"scale": [1.6, 1.6, 1.6]
		},
		"fixed": {
			"rotation": [-30, 30, 0],
			"translation": [0, -3, 0]
		}
	}
}