{
	"credit": "Made with Blockbench",
	"texture_size": [64, 64],
	"textures": {
		"0": "items/hat/grape_hat",
		"particle": "items/hat/grape_hat"
	},
	"elements": [
		{
			"from": [1, 8, 4],
			"to": [15, 21.5, 14],
			"rotation": {"angle": 0, "axis": "y", "origin": [0, 8, 0]},
			"faces": {
				"north": {"uv": [0, 0, 3.5, 3.5], "texture": "#0"},
				"east": {"uv": [3.5, 6.5, 6.25, 10], "texture": "#0"},
				"south": {"uv": [0, 3.5, 3.5, 7], "texture": "#0"},
				"west": {"uv": [6.25, 6.5, 9, 10], "texture": "#0"},
				"up": {"uv": [10.25, 2.75, 6.75, 0], "texture": "#0"},
				"down": {"uv": [10.25, 2.75, 6.75, 5.5], "texture": "#0"}
			}
		},
		{
			"from": [1, 19, 0],
			"to": [15, 21.5, 4],
			"rotation": {"angle": 0, "axis": "y", "origin": [0, 8, -11]},
			"faces": {
				"north": {"uv": [9, 6.5, 12.5, 7.25], "texture": "#0"},
				"east": {"uv": [10.25, 4.5, 11.25, 5.25], "texture": "#0"},
				"south": {"uv": [9, 7.25, 12.5, 8], "texture": "#0"},
				"west": {"uv": [10.25, 5.25, 11.25, 6], "texture": "#0"},
				"up": {"uv": [10.25, 6.5, 6.75, 5.5], "texture": "#0"},
				"down": {"uv": [3.5, 7, 0, 8], "texture": "#0"}
			}
		},
		{
			"from": [1, 8, 0],
			"to": [15, 10, 4],
			"rotation": {"angle": 0, "axis": "y", "origin": [0, -2, -11]},
			"faces": {
				"north": {"uv": [3, 10, 6.5, 10.5], "texture": "#0"},
				"east": {"uv": [10.25, 6, 11.25, 6.5], "texture": "#0"},
				"south": {"uv": [10, 8, 13.5, 8.5], "texture": "#0"},
				"west": {"uv": [4.5, 10.5, 5.5, 11], "texture": "#0"},
				"up": {"uv": [3.5, 9, 0, 8], "texture": "#0"},
				"down": {"uv": [3.5, 9, 0, 10], "texture": "#0"}
			}
		},
		{
			"from": [1, 10, 0],
			"to": [3, 19, 4],
			"rotation": {"angle": 0, "axis": "y", "origin": [0, 1, -11]},
			"faces": {
				"north": {"uv": [10, 8.5, 10.5, 10.75], "texture": "#0"},
				"east": {"uv": [9, 8, 10, 10.25], "texture": "#0"},
				"south": {"uv": [10.25, 0, 10.75, 2.25], "texture": "#0"},
				"west": {"uv": [0, 10, 1, 12.25], "texture": "#0"},
				"up": {"uv": [6, 11.5, 5.5, 10.5], "texture": "#0"},
				"down": {"uv": [6.5, 10.5, 6, 11.5], "texture": "#0"}
			}
		},
		{
			"from": [13, 10, 0],
			"to": [15, 19, 4],
			"rotation": {"angle": 0, "axis": "y", "origin": [12, 1, -11]},
			"faces": {
				"north": {"uv": [10.25, 2.25, 10.75, 4.5], "texture": "#0"},
				"east": {"uv": [1, 10, 2, 12.25], "texture": "#0"},
				"south": {"uv": [9, 10.25, 9.5, 12.5], "texture": "#0"},
				"west": {"uv": [2, 10, 3, 12.25], "texture": "#0"},
				"up": {"uv": [11, 9.5, 10.5, 8.5], "texture": "#0"},
				"down": {"uv": [11, 9.5, 10.5, 10.5], "texture": "#0"}
			}
		},
		{
			"from": [5.5, 21.5, 4.75],
			"to": [10.5, 22.5, 9.75],
			"rotation": {"angle": 0, "axis": "y", "origin": [4.5, 21.5, 3.75]},
			"faces": {
				"north": {"uv": [10.5, 10.5, 11.75, 10.75], "texture": "#0"},
				"east": {"uv": [10.75, 0, 12, 0.25], "texture": "#0"},
				"south": {"uv": [10.75, 0.25, 12, 0.5], "texture": "#0"},
				"west": {"uv": [10.75, 0.5, 12, 0.75], "texture": "#0"},
				"up": {"uv": [7.75, 11.25, 6.5, 10], "texture": "#0"},
				"down": {"uv": [9, 10, 7.75, 11.25], "texture": "#0"}
			}
		},
		{
			"from": [7, 22.5, 6.25],
			"to": [9, 27.5, 8.25],
			"rotation": {"angle": 0, "axis": "y", "origin": [4.5, 22.5, 3.75]},
			"faces": {
				"north": {"uv": [9.5, 10.25, 10, 11.5], "texture": "#0"},
				"east": {"uv": [3, 10.5, 3.5, 11.75], "texture": "#0"},
				"south": {"uv": [3.5, 10.5, 4, 11.75], "texture": "#0"},
				"west": {"uv": [4, 10.5, 4.5, 11.75], "texture": "#0"},
				"up": {"uv": [11.25, 1.25, 10.75, 0.75], "texture": "#0"},
				"down": {"uv": [11.25, 1.25, 10.75, 1.75], "texture": "#0"}
			}
		},
		{
			"from": [-2.25, 21.5, -3],
			"to": [10.75, 21.5, 10],
			"rotation": {"angle": 0, "axis": "y", "origin": [4.75, 21.5, 1]},
			"faces": {
				"north": {"uv": [0, 0, 3.25, 0], "texture": "#0"},
				"east": {"uv": [0, 0, 3.25, 0], "texture": "#0"},
				"south": {"uv": [0, 0, 3.25, 0], "texture": "#0"},
				"west": {"uv": [0, 0, 3.25, 0], "texture": "#0"},
				"up": {"uv": [6.75, 3.25, 3.5, 0], "texture": "#0"},
				"down": {"uv": [6.75, 0, 3.5, 3.25], "texture": "#0"}
			}
		}
	],
	"gui_light": "front",
	"display": {
		"thirdperson_righthand": {
			"rotation": [41, 0, 0],
			"scale": [0.31, 0.31, 0.31]
		},
		"thirdperson_lefthand": {
			"rotation": [41, 0, 0],
			"scale": [0.31, 0.31, 0.31]
		},
		"firstperson_righthand": {
			"rotation": [-165.75, 62, -180],
			"scale": [0.5, 0.5, 0.5]
		},
		"firstperson_lefthand": {
			"rotation": [-165.75, 62, -180],
			"scale": [0.5, 0.5, 0.5]
		},
		"ground": {
			"scale": [0.42, 0.42, 0.42]
		},
		"gui": {
			"rotation": [-167.75, 16, -180],
			"translation": [0.5, -5, 0],
			"scale": [0.65, 0.65, 0.65]
		},
		"head": {
			"translation": [0, -9.25, 1.25],
			"scale": [1.28, 1.28, 1.28]
		},
		"fixed": {
			"translation": [0, -4.75, 0],
			"scale": [0.73, 0.73, 0.73]
		}
	},
	"groups": [
		0,
		1,
		2,
		3,
		4,
		5,
		6,
		{
			"name": "group",
			"origin": [4.75, 22, 9],
			"color": 0,
			"children": [7]
		}
	]
}