{
	"credit": "Made with Blockbench",
	"texture_size": [64, 64],
	"textures": {
		"1": "items/hat/halloween_hat"
	},
	"elements": [
		{
			"from": [2, 3.5, 2],
			"to": [14, 7.5, 14],
			"rotation": {"angle": -22.5, "axis": "x", "origin": [8, 5.5, 8]},
			"faces": {
				"north": {"uv": [6, 3, 9, 4], "texture": "#1"},
				"east": {"uv": [6, 4, 9, 5], "texture": "#1"},
				"south": {"uv": [6, 5, 9, 6], "texture": "#1"},
				"west": {"uv": [6, 6, 9, 7], "texture": "#1"},
				"up": {"uv": [3, 3, 0, 0], "texture": "#1"},
				"down": {"uv": [3, 3, 0, 6], "texture": "#1"}
			}
		},
		{
			"from": [2.0375, 7.5, 2],
			"to": [2.0375, 9.5, 13],
			"rotation": {"angle": -22.5, "axis": "x", "origin": [7.9875, 5.5, 8]},
			"faces": {
				"north": {"uv": [0, 0, 0, 0.5], "texture": "#1"},
				"east": {"uv": [0, 8, 2.75, 8.5], "texture": "#1"},
				"south": {"uv": [0, 0, 0, 0.5], "texture": "#1"},
				"west": {"uv": [2.75, 8, 5.5, 8.5], "texture": "#1"},
				"up": {"uv": [0, 2.75, 0, 0], "texture": "#1"},
				"down": {"uv": [0, 0, 0, 2.75], "texture": "#1"}
			}
		},
		{
			"from": [2, 7.5, 2],
			"to": [14, 9.5, 2],
			"rotation": {"angle": -22.5, "axis": "x", "origin": [8, 5.5, 8]},
			"faces": {
				"north": {"uv": [6, 7, 9, 7.5], "texture": "#1"},
				"east": {"uv": [0, 0, 0, 0.5], "texture": "#1"},
				"south": {"uv": [0, 7.5, 3, 8], "texture": "#1"},
				"west": {"uv": [0, 0, 0, 0.5], "texture": "#1"},
				"up": {"uv": [3, 0, 0, 0], "texture": "#1"},
				"down": {"uv": [3, 0, 0, 0], "texture": "#1"}
			}
		},
		{
			"from": [13.9625, 7.5, 2],
			"to": [13.9625, 9.5, 13],
			"rotation": {"angle": -22.5, "axis": "x", "origin": [7.9875, 5.5, 8]},
			"faces": {
				"north": {"uv": [0, 0, 0, 0.5], "texture": "#1"},
				"east": {"uv": [5.5, 8, 8.25, 8.5], "texture": "#1"},
				"south": {"uv": [0, 0, 0, 0.5], "texture": "#1"},
				"west": {"uv": [8.25, 8, 11, 8.5], "texture": "#1"},
				"up": {"uv": [0, 2.75, 0, 0], "texture": "#1"},
				"down": {"uv": [0, 0, 0, 2.75], "texture": "#1"}
			}
		},
		{
			"from": [2, 11.3344, 2.00575],
			"to": [14, 17.3344, 14.00575],
			"rotation": {"angle": 22.5, "axis": "x", "origin": [8, 14.32552, 5.37187]},
			"faces": {
				"north": {"uv": [0, 6, 3, 7.5], "texture": "#1"},
				"east": {"uv": [6, 0, 9, 1.5], "texture": "#1"},
				"south": {"uv": [6, 1.5, 9, 3], "texture": "#1"},
				"west": {"uv": [3, 6, 6, 7.5], "texture": "#1"},
				"up": {"uv": [6, 3, 3, 0], "texture": "#1"},
				"down": {"uv": [6, 3, 3, 6], "texture": "#1"}
			}
		},
		{
			"from": [7, 17.3344, 7.00575],
			"to": [9, 19.3344, 9.00575],
			"rotation": {"angle": 22.5, "axis": "x", "origin": [8, 14.32552, 5.37187]},
			"faces": {
				"north": {"uv": [0, 9, 0.5, 9.5], "texture": "#1"},
				"east": {"uv": [9, 0, 9.5, 0.5], "texture": "#1"},
				"south": {"uv": [0.5, 9, 1, 9.5], "texture": "#1"},
				"west": {"uv": [9, 0.5, 9.5, 1], "texture": "#1"},
				"up": {"uv": [1.5, 9.5, 1, 9], "texture": "#1"},
				"down": {"uv": [9.5, 1, 9, 1.5], "texture": "#1"}
			}
		},
		{
			"from": [2, 9.3344, 2.00575],
			"to": [2, 11.3344, 12.00575],
			"rotation": {"angle": 22.5, "axis": "x", "origin": [8, 14.32552, 5.37187]},
			"faces": {
				"north": {"uv": [0, 0, 0, 0.5], "texture": "#1"},
				"east": {"uv": [0, 8.5, 2.5, 9], "texture": "#1"},
				"south": {"uv": [0, 0, 0, 0.5], "texture": "#1"},
				"west": {"uv": [2.5, 8.5, 5, 9], "texture": "#1"},
				"up": {"uv": [0, 2.5, 0, 0], "texture": "#1"},
				"down": {"uv": [0, 0, 0, 2.5], "texture": "#1"}
			}
		},
		{
			"from": [2, 9.3344, 2.00575],
			"to": [14, 11.3344, 2.00575],
			"rotation": {"angle": 22.5, "axis": "x", "origin": [8, 14.32552, 5.37187]},
			"faces": {
				"north": {"uv": [3, 7.5, 6, 8], "texture": "#1"},
				"east": {"uv": [0, 0, 0, 0.5], "texture": "#1"},
				"south": {"uv": [6, 7.5, 9, 8], "texture": "#1"},
				"west": {"uv": [0, 0, 0, 0.5], "texture": "#1"},
				"up": {"uv": [3, 0, 0, 0], "texture": "#1"},
				"down": {"uv": [3, 0, 0, 0], "texture": "#1"}
			}
		},
		{
			"from": [14, 9.3344, 2.00575],
			"to": [14, 11.3344, 12.00575],
			"rotation": {"angle": 22.5, "axis": "x", "origin": [8, 14.32552, 5.37187]},
			"faces": {
				"north": {"uv": [0, 0, 0, 0.5], "texture": "#1"},
				"east": {"uv": [5, 8.5, 7.5, 9], "texture": "#1"},
				"south": {"uv": [0, 0, 0, 0.5], "texture": "#1"},
				"west": {"uv": [7.5, 8.5, 10, 9], "texture": "#1"},
				"up": {"uv": [0, 2.5, 0, 0], "texture": "#1"},
				"down": {"uv": [0, 0, 0, 2.5], "texture": "#1"}
			}
		}
	],
	"gui_light": "front",
	"display": {
		"thirdperson_righthand": {
			"rotation": [75, 45, 0],
			"translation": [0, 2.5, 0],
			"scale": [0.375, 0.375, 0.375]
		},
		"thirdperson_lefthand": {
			"rotation": [75, 45, 0],
			"translation": [0, 2.5, 0],
			"scale": [0.375, 0.375, 0.375]
		},
		"firstperson_righthand": {
			"rotation": [0, 45, 0],
			"scale": [0.4, 0.4, 0.4]
		},
		"firstperson_lefthand": {
			"rotation": [0, 225, 0],
			"scale": [0.4, 0.4, 0.4]
		},
		"gui": {
			"rotation": [30, 225, 0],
			"translation": [0, -0.25, 0],
			"scale": [0.7, 0.7, 0.7]
		},
		"head": {
			"rotation": [-6, 0, 0],
			"translation": [0, -2.5, 1],
			"scale": [1.42, 1.42, 1.42]
		},
		"fixed": {
			"translation": [0, -1.5, 0]
		}
	},
	"groups": [
		{
			"name": "group",
			"origin": [8, 8, 8],
			"color": 0,
			"children": [0, 1, 2, 3, 4, 5, 6, 7, 8]
		}
	]
}