{
	"credit": "Made with Blockbench",
	"texture_size": [96, 96],
	"textures": {
		"2": "items/hat/miniburger_hat",
		"particle": "items/hat/miniburger_hat"
	},
	"elements": [
		{
			"from": [4.4, 11.3, 8.2],
			"to": [8.4, 17.3, 8.2],
			"rotation": {"angle": 0, "axis": "z", "origin": [6.4, 14.3, 8.2]},
			"faces": {
				"north": {"uv": [11, 2.5, 13.5, 6.5], "texture": "#2", "tintindex": 0},
				"south": {"uv": [13.5, 2.5, 11, 6.5], "texture": "#2", "tintindex": 0}
			}
		},
		{
			"from": [2.5, 9.42106, 1.31368],
			"to": [13.5, 9.92106, 15.31368],
			"rotation": {"angle": 0, "axis": "x", "origin": [8, 10.19628, 8.23686]},
			"faces": {
				"north": {"uv": [0, 8.75, 2.75, 9], "texture": "#2"},
				"east": {"uv": [3.5, 9.25, 0, 9.5], "texture": "#2"},
				"south": {"uv": [2.75, 8.75, 0, 9], "texture": "#2"},
				"west": {"uv": [0, 9.25, 3.5, 9.5], "texture": "#2"},
				"up": {"uv": [2.75, 3.5, 0, 0], "texture": "#2"},
				"down": {"uv": [5.5, 0, 2.75, 3.5], "texture": "#2"}
			}
		},
		{
			"from": [1, 9.44347, 2.82911],
			"to": [15, 9.94347, 13.82911],
			"rotation": {"angle": 0, "axis": "x", "origin": [8, 10.19628, 8.23686]},
			"faces": {
				"north": {"uv": [0, 9.25, 3.5, 9.5], "texture": "#2"},
				"east": {"uv": [2.75, 8.75, 0, 9], "texture": "#2"},
				"south": {"uv": [0, 9.25, 3.5, 9.5], "texture": "#2"},
				"west": {"uv": [0, 8.83333, 2.75, 9], "texture": "#2"},
				"up": {"uv": [3.5, 6.25, 0, 3.5], "texture": "#2"},
				"down": {"uv": [7, 3.5, 3.5, 6.25], "texture": "#2"}
			}
		},
		{
			"from": [2.5, 9.92465, 2.76595],
			"to": [13.5, 12.92465, 13.76595],
			"rotation": {"angle": 0, "axis": "x", "origin": [8, 10.19628, 8.23686]},
			"faces": {
				"north": {"uv": [8.25, 0.75, 11, 1.5], "texture": "#2"},
				"east": {"uv": [8.25, 0, 11, 0.75], "texture": "#2"},
				"south": {"uv": [8.25, 2.25, 11, 3], "texture": "#2"},
				"west": {"uv": [8.25, 1.5, 11, 2.25], "texture": "#2"},
				"up": {"uv": [8.25, 2.75, 5.5, 0], "texture": "#2"}
			}
		},
		{
			"from": [2.3, 8.4679, 2.70777],
			"to": [13.7, 9.4679, 13.70777],
			"rotation": {"angle": 0, "axis": "x", "origin": [8, 10.19628, 8.23686]},
			"faces": {
				"north": {"uv": [7, 6.25, 9.75, 6.5], "texture": "#2"},
				"east": {"uv": [7, 6.25, 9.75, 6.5], "texture": "#2"},
				"south": {"uv": [7, 6.25, 9.75, 6.5], "texture": "#2"},
				"west": {"uv": [7, 6.25, 9.75, 6.5], "texture": "#2"},
				"up": {"uv": [9.75, 6.25, 7, 3.5], "texture": "#2"},
				"down": {"uv": [9.75, 3.5, 7, 6.25], "texture": "#2"}
			}
		},
		{
			"from": [2.5, 4.5, 3.3],
			"to": [13.5, 8.5, 13.3],
			"rotation": {"angle": 0, "axis": "y", "origin": [8.5, 2.725, 7.55]},
			"faces": {
				"north": {"uv": [2.5, 10, 5.25, 11], "texture": "#2"},
				"east": {"uv": [5.25, 10, 7.75, 11], "texture": "#2", "cullface": "east"},
				"south": {"uv": [2.5, 10, 5.25, 11], "texture": "#2"},
				"west": {"uv": [0, 10, 2.5, 11], "texture": "#2"},
				"up": {"uv": [9.5, 11, 7.75, 10], "texture": "#2"}
			}
		},
		{
			"from": [2, 4.45, 2.4],
			"to": [14, 4.65, 14.4],
			"rotation": {"angle": 45, "axis": "y", "origin": [8, 4.55, 8.43848]},
			"faces": {
				"north": {"uv": [9.75, 9.75, 12.75, 10], "texture": "#2"},
				"east": {"uv": [12.75, 9.75, 9.75, 10], "texture": "#2"},
				"south": {"uv": [9.75, 9.5, 12.75, 9.75], "texture": "#2"},
				"west": {"uv": [9.75, 9.5, 12.75, 9.75], "texture": "#2"},
				"up": {"uv": [12.75, 9.5, 9.75, 6.5], "texture": "#2"},
				"down": {"uv": [12.75, 6.5, 9.75, 9.5], "texture": "#2"}
			}
		},
		{
			"from": [1, 4.2, 3.3],
			"to": [15, 4.5, 13.3],
			"rotation": {"angle": 0, "axis": "y", "origin": [7.5, 4.225, 8.15]},
			"faces": {
				"north": {"uv": [3.5, 9, 7, 9.25], "texture": "#2"},
				"east": {"uv": [6, 8.75, 3.5, 9], "texture": "#2"},
				"south": {"uv": [3.5, 9, 7, 9.25], "texture": "#2"},
				"west": {"uv": [3.5, 8.75, 6, 9], "texture": "#2"},
				"up": {"uv": [3.5, 8.75, 0, 6.25], "texture": "#2"},
				"down": {"uv": [7, 6.25, 3.5, 8.75], "texture": "#2"}
			}
		},
		{
			"from": [2.5, 4.6, 2.1],
			"to": [13.5, 4.9, 3.6],
			"rotation": {"angle": -22.5, "axis": "x", "origin": [7.5, 4.25, 4.3]},
			"faces": {
				"north": {"uv": [3.5, 9.25, 6.25, 9.5], "texture": "#2"},
				"east": {"uv": [3.5, 9, 4, 9.25], "texture": "#2"},
				"south": {"uv": [3.25, 9, 6, 9], "texture": "#2"},
				"west": {"uv": [3.5, 9, 4, 9.25], "texture": "#2"},
				"up": {"uv": [2.75, 9.25, 0, 9], "texture": "#2"},
				"down": {"uv": [2.75, 9, 0, 9.25], "texture": "#2"}
			}
		},
		{
			"from": [2.5, 7.6, 12.3],
			"to": [13.5, 7.9, 13.8],
			"rotation": {"angle": 22.5, "axis": "x", "origin": [7.5, 3.65, 4.5]},
			"faces": {
				"north": {"uv": [0, 9, 2.75, 9], "texture": "#2"},
				"east": {"uv": [3.5, 9, 4, 9.25], "texture": "#2"},
				"south": {"uv": [6.25, 9.25, 3.5, 9.5], "texture": "#2"},
				"west": {"uv": [3.5, 9, 4, 9.25], "texture": "#2"},
				"up": {"uv": [2.75, 9.25, 0, 9], "texture": "#2"},
				"down": {"uv": [2.75, 9, 0, 9.25], "texture": "#2"}
			}
		},
		{
			"from": [2.5, 3.5, 3.3],
			"to": [13.5, 4.5, 13.3],
			"rotation": {"angle": 0, "axis": "y", "origin": [8, 3.925, 8.25]},
			"faces": {
				"north": {"uv": [7, 9.5, 9.75, 9.75], "texture": "#2"},
				"east": {"uv": [7, 9, 9.5, 9.25], "texture": "#2"},
				"south": {"uv": [7, 9.75, 9.75, 10], "texture": "#2"},
				"west": {"uv": [7, 9.25, 9.5, 9.5], "texture": "#2"},
				"down": {"uv": [9.75, 6.5, 7, 9], "texture": "#2"}
			}
		}
	],
	"gui_light": "front",
	"display": {
		"thirdperson_righthand": {
			"scale": [0.4, 0.4, 0.4]
		},
		"thirdperson_lefthand": {
			"scale": [0.4, 0.4, 0.4]
		},
		"firstperson_righthand": {
			"scale": [0.4, 0.4, 0.4]
		},
		"firstperson_lefthand": {
			"scale": [0.4, 0.4, 0.4]
		},
		"ground": {
			"scale": [0.6, 0.6, 0.6]
		},
		"gui": {
			"rotation": [0, 180, 15],
			"translation": [0, -2, 0]
		},
		"head": {
			"rotation": [0, 0, 15],
			"translation": [-6.5, 9.1, 0.5],
			"scale": [0.6, 0.6, 0.6]
		},
		"fixed": {
			"rotation": [-90, 0, 0],
			"translation": [0, 0, -4.5]
		}
	},
	"groups": [
		0,
		{
			"name": "group1",
			"origin": [8, 11.55428, 8.70555],
			"color": 0,
			"children": [1, 2, 3, 4]
		},
		5,
		6,
		7,
		8,
		9,
		10
	]
}