{"credit":"Made with Blockbench by yungwilder","textures":{"0":"items/hat/neon_glasses","particle":"items/hat/neon_glasses"},"elements":[{"from":[0,0,0],"to":[16,7,0],"faces":{"north":{"uv":[0,0,16,7],"texture":"#0"},"east":{"uv":[0,0,0,6],"texture":"#0"},"south":{"uv":[16,0,0,7],"texture":"#0"},"west":{"uv":[0,0,0,6],"texture":"#0"},"up":{"uv":[16,0,0,0],"texture":"#0"},"down":{"uv":[16,0,0,0],"texture":"#0"}}},{"from":[16,1,0],"to":[16,4,13],"rotation":{"angle":0,"axis":"y","origin":[16,0,0]},"faces":{"north":{"uv":[0,0,0,3],"texture":"#0"},"east":{"uv":[0,7,13,10],"texture":"#0"},"south":{"uv":[0,0,0,3],"texture":"#0"},"west":{"uv":[13,7,0,10],"texture":"#0"},"up":{"uv":[0,13,0,0],"texture":"#0"},"down":{"uv":[0,0,0,13],"texture":"#0"}}},{"from":[0,1,0],"to":[0,4,13],"faces":{"north":{"uv":[0,0,0,3],"texture":"#0"},"east":{"uv":[0,10,13,13],"texture":"#0"},"south":{"uv":[0,0,0,3],"texture":"#0"},"west":{"uv":[13,10,0,13],"texture":"#0"},"up":{"uv":[0,13,0,0],"texture":"#0"},"down":{"uv":[0,0,0,13],"texture":"#0"}}}],"gui_light":"front","display":{"thirdperson_righthand":{"translation":[0,2.5,2.5],"scale":[0.3,0.3,0.3]},"thirdperson_lefthand":{"translation":[0,2.5,2.5],"scale":[0.3,0.3,0.3]},"firstperson_righthand":{"rotation":[0,120,0],"translation":[0,4,0],"scale":[0.3,0.3,0.3]},"firstperson_lefthand":{"rotation":[0,120,0],"translation":[0,4,0],"scale":[0.3,0.3,0.3]},"ground":{"scale":[0.3,0.3,0.3]},"gui":{"rotation":[15,-145,0],"translation":[-1,2,0],"scale":[0.7,0.7,0.7]},"head":{"translation":[0,2,0]},"fixed":{"translation":[0,3.5,4]}}}