{
	"credit": "Made with Blockbench",
	"parent": "nocsy_jester_hat",
	"texture_size": [128, 128],
	"textures": {
		"2": "items/hat/nocsy_jester_hat",
		"particle": "items/hat/nocsy_jester_hat"
	},
	"elements": [
		{
			"from": [3, 6.7, 3],
			"to": [13, 8.7, 13],
			"rotation": {"angle": 0, "axis": "y", "origin": [11, -0.3, 8]},
			"faces": {
				"north": {"uv": [6.625, 4.75, 7.875, 5], "texture": "#2"},
				"east": {"uv": [6.625, 5.125, 7.875, 5.375], "texture": "#2"},
				"south": {"uv": [6.625, 5.5, 7.875, 5.75], "texture": "#2"},
				"west": {"uv": [6.625, 5.875, 7.875, 6.125], "texture": "#2"},
				"up": {"uv": [1.25, 1.25, 0, 0], "texture": "#2"},
				"down": {"uv": [1.25, 1.375, 0, 2.625], "texture": "#2"}
			}
		},
		{
			"from": [1.26642, 10.03939, 3],
			"to": [4.26642, 10.03939, 13],
			"rotation": {"angle": -22.5, "axis": "z", "origin": [-0.23358, 10.03939, 8]},
			"faces": {
				"north": {"uv": [3.875, 2.25, 4.25, 2.25], "texture": "#2"},
				"east": {"uv": [8, 0.125, 9.25, 0.125], "texture": "#2"},
				"south": {"uv": [3.875, 2.375, 4.25, 2.375], "texture": "#2"},
				"west": {"uv": [8, 0.25, 9.25, 0.25], "texture": "#2"},
				"up": {"uv": [6, 7.5, 5.625, 6.25], "texture": "#2"},
				"down": {"uv": [6.5, 6.25, 6.125, 7.5], "texture": "#2"}
			}
		},
		{
			"from": [11.73358, 10.03939, 3],
			"to": [14.73358, 10.03939, 13],
			"rotation": {"angle": 22.5, "axis": "z", "origin": [16.23358, 10.03939, 8]},
			"faces": {
				"north": {"uv": [4.25, 2.25, 3.875, 2.25], "texture": "#2"},
				"east": {"uv": [9.25, 0.25, 8, 0.25], "texture": "#2"},
				"south": {"uv": [4.25, 2.375, 3.875, 2.375], "texture": "#2"},
				"west": {"uv": [9.25, 0.125, 8, 0.125], "texture": "#2"},
				"up": {"uv": [5.625, 7.5, 6, 6.25], "texture": "#2"},
				"down": {"uv": [6.125, 6.25, 6.5, 7.5], "texture": "#2"}
			}
		},
		{
			"from": [4.01, 7.01, 3.51],
			"to": [11.99, 11.99, 12.49],
			"rotation": {"angle": 0, "axis": "y", "origin": [13, 0, 8.5]},
			"faces": {
				"north": {"uv": [4.375, 3.25, 5.375, 3.875], "texture": "#2"},
				"east": {"uv": [0, 2.75, 1.125, 3.375], "texture": "#2"},
				"south": {"uv": [4.625, 1, 5.625, 1.625], "texture": "#2"},
				"west": {"uv": [3.125, 2.5, 4.25, 3.125], "texture": "#2"},
				"up": {"uv": [2.375, 1.125, 1.375, 0], "texture": "#2"},
				"down": {"uv": [2.375, 1.25, 1.375, 2.375], "texture": "#2"}
			}
		},
		{
			"from": [9.1, 6.96777, 1.23223],
			"to": [16.1, 11.96777, 1.23223],
			"rotation": {"angle": -45, "axis": "x", "origin": [10, 10.46777, 1.23223]},
			"faces": {
				"north": {"uv": [4.625, 4.875, 5.5, 5.5], "texture": "#2"},
				"east": {"uv": [1.25, 2.75, 1.25, 3.375], "texture": "#2"},
				"south": {"uv": [2.75, 5, 3.625, 5.625], "texture": "#2"},
				"west": {"uv": [5.375, 6.375, 5.375, 7], "texture": "#2"},
				"up": {"uv": [8.875, 0.375, 8, 0.375], "texture": "#2"},
				"down": {"uv": [8.875, 0.5, 8, 0.5], "texture": "#2"}
			}
		},
		{
			"from": [-0.1, 6.96777, 1.23223],
			"to": [6.9, 11.96777, 1.23223],
			"rotation": {"angle": -45, "axis": "x", "origin": [6, 10.46777, 1.23223]},
			"faces": {
				"north": {"uv": [0, 5.25, 0.875, 5.875], "texture": "#2"},
				"east": {"uv": [5.5, 6.375, 5.5, 7], "texture": "#2"},
				"south": {"uv": [5.25, 1.75, 6.125, 2.375], "texture": "#2"},
				"west": {"uv": [2.625, 7.25, 2.625, 7.875], "texture": "#2"},
				"up": {"uv": [8.875, 0.625, 8, 0.625], "texture": "#2"},
				"down": {"uv": [8.875, 0.75, 8, 0.75], "texture": "#2"}
			}
		},
		{
			"from": [4.5, 6.96777, 2.23223],
			"to": [11.5, 11.96777, 2.23223],
			"rotation": {"angle": -22.5, "axis": "x", "origin": [8, 10.46777, 1.23223]},
			"faces": {
				"north": {"uv": [5.25, 2.5, 6.125, 3.125], "texture": "#2"},
				"east": {"uv": [2.5, 7.875, 2.5, 8.5], "texture": "#2"},
				"south": {"uv": [5.5, 0, 6.375, 0.625], "texture": "#2"},
				"west": {"uv": [2.75, 7.875, 2.75, 8.5], "texture": "#2"},
				"up": {"uv": [8.875, 0.875, 8, 0.875], "texture": "#2"},
				"down": {"uv": [8.875, 1, 8, 1], "texture": "#2"}
			}
		},
		{
			"from": [-0.1, 6.96777, 14.76777],
			"to": [6.9, 11.96777, 14.76777],
			"rotation": {"angle": 45, "axis": "x", "origin": [6, 10.46777, 14.76777]},
			"faces": {
				"north": {"uv": [5.5, 3.25, 6.375, 3.875], "texture": "#2"},
				"east": {"uv": [2.875, 7.875, 2.875, 8.5], "texture": "#2"},
				"south": {"uv": [1, 5.625, 1.875, 6.25], "texture": "#2"},
				"west": {"uv": [3, 7.875, 3, 8.5], "texture": "#2"},
				"up": {"uv": [8.875, 1.125, 8, 1.125], "texture": "#2"},
				"down": {"uv": [8.875, 1.25, 8, 1.25], "texture": "#2"}
			}
		},
		{
			"from": [4.5, 6.96777, 13.76777],
			"to": [11.5, 11.96777, 13.76777],
			"rotation": {"angle": 22.5, "axis": "x", "origin": [8, 10.46777, 14.76777]},
			"faces": {
				"north": {"uv": [5.625, 4, 6.5, 4.625], "texture": "#2"},
				"east": {"uv": [3.125, 7.875, 3.125, 8.5], "texture": "#2"},
				"south": {"uv": [4.625, 5.625, 5.5, 6.25], "texture": "#2"},
				"west": {"uv": [3.25, 7.875, 3.25, 8.5], "texture": "#2"},
				"up": {"uv": [8.875, 1.375, 8, 1.375], "texture": "#2"},
				"down": {"uv": [8.875, 1.5, 8, 1.5], "texture": "#2"}
			}
		},
		{
			"from": [9.1, 6.96777, 14.76777],
			"to": [16.1, 11.96777, 14.76777],
			"rotation": {"angle": 45, "axis": "x", "origin": [10, 10.46777, 14.76777]},
			"faces": {
				"north": {"uv": [5.625, 4.75, 6.5, 5.375], "texture": "#2"},
				"east": {"uv": [0, 8, 0, 8.625], "texture": "#2"},
				"south": {"uv": [5.625, 5.5, 6.5, 6.125], "texture": "#2"},
				"west": {"uv": [0.125, 8, 0.125, 8.625], "texture": "#2"},
				"up": {"uv": [8.875, 1.625, 8, 1.625], "texture": "#2"},
				"down": {"uv": [8.875, 1.75, 8, 1.75], "texture": "#2"}
			}
		},
		{
			"from": [2.63321, 7.14599, 3.5],
			"to": [8.63321, 12.14599, 12.5],
			"rotation": {"angle": 22.5, "axis": "z", "origin": [1.12801, 10.58646, 8.5]},
			"faces": {
				"north": {"uv": [1, 6.375, 1.75, 7], "texture": "#2"},
				"east": {"uv": [3.125, 3.25, 4.25, 3.875], "texture": "#2"},
				"south": {"uv": [4.5, 6.375, 5.25, 7], "texture": "#2"},
				"west": {"uv": [3.375, 0, 4.5, 0.625], "texture": "#2"},
				"up": {"uv": [3.25, 1.125, 2.5, 0], "texture": "#2"},
				"down": {"uv": [3.25, 1.25, 2.5, 2.375], "texture": "#2"}
			}
		},
		{
			"from": [-2.92128, 11.89015, 4.5],
			"to": [3.07872, 17.89015, 11.5],
			"rotation": {"angle": -45, "axis": "z", "origin": [1.12801, 10.58646, 8.5]},
			"faces": {
				"north": {"uv": [1, 4.625, 1.75, 5.375], "texture": "#2"},
				"east": {"uv": [0, 3.5, 0.875, 4.25], "texture": "#2"},
				"south": {"uv": [1.875, 4.75, 2.625, 5.5], "texture": "#2"},
				"west": {"uv": [1, 3.75, 1.875, 4.5], "texture": "#2"},
				"up": {"uv": [2.75, 4.625, 2, 3.75], "texture": "#2"},
				"down": {"uv": [3.625, 4, 2.875, 4.875], "texture": "#2"}
			}
		},
		{
			"from": [-0.99804, 12.98145, 5.5],
			"to": [6.00196, 16.98145, 10.5],
			"rotation": {"angle": 22.5, "axis": "z", "origin": [1.12801, 10.58646, 8]},
			"faces": {
				"north": {"uv": [2.75, 6.5, 3.625, 7], "texture": "#2"},
				"east": {"uv": [6.625, 6.25, 7.25, 6.75], "texture": "#2"},
				"south": {"uv": [6.5, 2.875, 7.375, 3.375], "texture": "#2"},
				"west": {"uv": [0, 6.75, 0.625, 7.25], "texture": "#2"},
				"up": {"uv": [6.625, 1.375, 5.75, 0.75], "texture": "#2"},
				"down": {"uv": [2.875, 5.75, 2, 6.375], "texture": "#2"}
			}
		},
		{
			"from": [-2.975, 10.42672, 6],
			"to": [0.025, 15.42672, 10],
			"rotation": {"angle": 0, "axis": "z", "origin": [1.12801, 10.58646, 8]},
			"faces": {
				"north": {"uv": [7.5, 2.5, 7.875, 3.125], "texture": "#2"},
				"east": {"uv": [6.75, 0.75, 7.25, 1.375], "texture": "#2"},
				"south": {"uv": [6.625, 7.5, 7, 8.125], "texture": "#2"},
				"west": {"uv": [6.75, 1.5, 7.25, 2.125], "texture": "#2"},
				"up": {"uv": [8, 4.5, 7.625, 4], "texture": "#2"},
				"down": {"uv": [5.625, 7.625, 5.25, 8.125], "texture": "#2"}
			}
		},
		{
			"from": [-4.06236, 9.27697, 6.5],
			"to": [-1.96236, 12.27697, 9.5],
			"rotation": {"angle": -45, "axis": "z", "origin": [-3.23142, 9.36503, 8]},
			"faces": {
				"north": {"uv": [5.25, 7.125, 5.5, 7.5], "texture": "#2"},
				"east": {"uv": [4.625, 1.75, 5, 2.125], "texture": "#2"},
				"south": {"uv": [6.25, 7.625, 6.5, 8], "texture": "#2"},
				"west": {"uv": [3.375, 7.75, 3.75, 8.125], "texture": "#2"},
				"up": {"uv": [5.125, 8.125, 4.875, 7.75], "texture": "#2"},
				"down": {"uv": [0.875, 7.875, 0.625, 8.25], "texture": "#2"}
			}
		},
		{
			"from": [-5.09348, 5.57674, 6],
			"to": [-1.09348, 9.57674, 10],
			"rotation": {"angle": -22.5, "axis": "z", "origin": [-3.23142, 9.36503, 8]},
			"faces": {
				"north": {"uv": [3.375, 7.125, 3.875, 7.625], "texture": "#2"},
				"east": {"uv": [4, 7.125, 4.5, 7.625], "texture": "#2"},
				"south": {"uv": [4.625, 7.125, 5.125, 7.625], "texture": "#2"},
				"west": {"uv": [1.375, 7.25, 1.875, 7.75], "texture": "#2"},
				"up": {"uv": [2.5, 7.75, 2, 7.25], "texture": "#2"},
				"down": {"uv": [0.5, 7.375, 0, 7.875], "texture": "#2"}
			}
		},
		{
			"from": [7.35679, 7.13599, 3.49],
			"to": [13.37679, 12.15599, 12.51],
			"rotation": {"angle": -22.5, "axis": "z", "origin": [14.87199, 10.58646, 8.5]},
			"faces": {
				"north": {"uv": [6.5, 0, 7.25, 0.625], "texture": "#2"},
				"east": {"uv": [3.375, 0.75, 4.5, 1.375], "texture": "#2"},
				"south": {"uv": [1.875, 6.5, 2.625, 7.125], "texture": "#2"},
				"west": {"uv": [3.375, 1.5, 4.5, 2.125], "texture": "#2"},
				"up": {"uv": [2.125, 3.625, 1.375, 2.5], "texture": "#2", "tintindex": 0},
				"down": {"uv": [3, 2.5, 2.25, 3.625], "texture": "#2"}
			}
		},
		{
			"from": [12.92128, 11.89015, 4.5],
			"to": [18.92128, 17.89015, 11.5],
			"rotation": {"angle": 45, "axis": "z", "origin": [14.87199, 10.58646, 8.5]},
			"faces": {
				"north": {"uv": [4.75, 4, 5.5, 4.75], "texture": "#2"},
				"east": {"uv": [3.75, 4, 4.625, 4.75], "texture": "#2"},
				"south": {"uv": [3.75, 4.875, 4.5, 5.625], "texture": "#2"},
				"west": {"uv": [0, 4.375, 0.875, 5.125], "texture": "#2"},
				"up": {"uv": [5.125, 3.125, 4.375, 2.25], "texture": "#2", "tintindex": 0},
				"down": {"uv": [5.375, 0, 4.625, 0.875], "texture": "#2"}
			}
		},
		{
			"from": [9.99804, 12.98145, 5.5],
			"to": [16.99804, 16.98145, 10.5],
			"rotation": {"angle": -22.5, "axis": "z", "origin": [14.87199, 10.58646, 8]},
			"faces": {
				"north": {"uv": [6.625, 3.5, 7.5, 4], "texture": "#2"},
				"east": {"uv": [6.75, 2.25, 7.375, 2.75], "texture": "#2"},
				"south": {"uv": [6.625, 4.125, 7.5, 4.625], "texture": "#2"},
				"west": {"uv": [6.625, 6.875, 7.25, 7.375], "texture": "#2"},
				"up": {"uv": [3.875, 6.375, 3, 5.75], "texture": "#2", "tintindex": 0},
				"down": {"uv": [0.875, 6, 0, 6.625], "texture": "#2"}
			}
		},
		{
			"from": [15.975, 10.42672, 6],
			"to": [18.975, 15.42672, 10],
			"rotation": {"angle": 0, "axis": "z", "origin": [14.87199, 10.58646, 8]},
			"faces": {
				"north": {"uv": [7.125, 7.5, 7.5, 8.125], "texture": "#2"},
				"east": {"uv": [0.75, 7.125, 1.25, 7.75], "texture": "#2"},
				"south": {"uv": [7.625, 3.25, 8, 3.875], "texture": "#2"},
				"west": {"uv": [2.75, 7.125, 3.25, 7.75], "texture": "#2"},
				"up": {"uv": [6.125, 8.125, 5.75, 7.625], "texture": "#2", "tintindex": 0},
				"down": {"uv": [8, 7.5, 7.625, 8], "texture": "#2"}
			}
		},
		{
			"from": [17.96236, 9.27697, 6.5],
			"to": [20.06236, 12.27697, 9.5],
			"rotation": {"angle": 45, "axis": "z", "origin": [19.23142, 9.36503, 8]},
			"faces": {
				"north": {"uv": [1, 7.875, 1.25, 8.25], "texture": "#2"},
				"east": {"uv": [3.875, 7.75, 4.25, 8.125], "texture": "#2"},
				"south": {"uv": [1.375, 7.875, 1.625, 8.25], "texture": "#2"},
				"west": {"uv": [4.375, 7.75, 4.75, 8.125], "texture": "#2"},
				"up": {"uv": [2, 8.25, 1.75, 7.875], "texture": "#2", "tintindex": 0},
				"down": {"uv": [2.375, 7.875, 2.125, 8.25], "texture": "#2"}
			}
		},
		{
			"from": [17.09348, 5.57674, 6],
			"to": [21.09348, 9.57674, 10],
			"rotation": {"angle": 22.5, "axis": "z", "origin": [19.23142, 9.36503, 8]},
			"faces": {
				"north": {"uv": [7.375, 0, 7.875, 0.5], "texture": "#2"},
				"east": {"uv": [7.375, 0.625, 7.875, 1.125], "texture": "#2"},
				"south": {"uv": [7.375, 1.25, 7.875, 1.75], "texture": "#2"},
				"west": {"uv": [7.375, 6.25, 7.875, 6.75], "texture": "#2"},
				"up": {"uv": [7.875, 7.375, 7.375, 6.875], "texture": "#2", "tintindex": 0},
				"down": {"uv": [8, 1.875, 7.5, 2.375], "texture": "#2"}
			}
		}
	],
	"display": {
		"head": {
			"translation": [0, 3.25, 0],
			"scale": [1.65, 1.65, 1.65]
		}
	},
	"groups": [
		{
			"name": "hat",
			"origin": [8, 8, 8],
			"color": 0,
			"children": [
				0,
				1,
				2,
				3,
				4,
				5,
				6,
				7,
				8,
				9,
				{
					"name": "antenne_left",
					"origin": [-6.66616, 4.61177, 8],
					"color": 0,
					"children": [10, 11, 12, 13, 14, 15]
				},
				{
					"name": "antenne_left",
					"origin": [-6.66616, 4.61177, 8],
					"color": 0,
					"children": [16, 17, 18, 19, 20, 21]
				}
			]
		}
	]
}