{
	"credit": "Made with Blockbench",
	"texture_size": [32, 32],
	"textures": {
		"1": "items/hat/panda_hat"
	},
	"elements": [
		{
			"name": "head",
			"from": [3.5, 9, 3.5],
			"to": [12.5, 14, 12.5],
			"rotation": {"angle": 0, "axis": "y", "origin": [8.5, 8, 8.5]},
			"faces": {
				"north": {"uv": [5, 0, 9.5, 2.5], "texture": "#1"},
				"east": {"uv": [5, 3, 9.5, 5.5], "texture": "#1"},
				"south": {"uv": [5, 6, 9.5, 8.5], "texture": "#1"},
				"west": {"uv": [5, 9, 9.5, 11.5], "texture": "#1"},
				"up": {"uv": [4.5, 4.5, 0, 0], "texture": "#1"},
				"down": {"uv": [4.5, 5, 0, 9.5], "texture": "#1"}
			}
		},
		{
			"name": "head",
			"from": [3.24237, 13.17166, 6.5],
			"to": [5.24237, 15.17166, 8.5],
			"rotation": {"angle": 22.5, "axis": "z", "origin": [3.24237, 14.17166, 7.5]},
			"faces": {
				"north": {"uv": [1.5, 10, 2.5, 11], "texture": "#1"},
				"east": {"uv": [10, 1.5, 11, 2.5], "texture": "#1"},
				"south": {"uv": [3, 10, 4, 11], "texture": "#1"},
				"west": {"uv": [10, 3, 11, 4], "texture": "#1"},
				"up": {"uv": [11, 5.5, 10, 4.5], "texture": "#1"},
				"down": {"uv": [11, 6, 10, 7], "texture": "#1"}
			}
		},
		{
			"name": "head",
			"from": [10.75763, 13.17166, 6.5],
			"to": [12.75763, 15.17166, 8.5],
			"rotation": {"angle": -22.5, "axis": "z", "origin": [12.75763, 14.17166, 7.5]},
			"faces": {
				"north": {"uv": [10, 7.5, 11, 8.5], "texture": "#1"},
				"east": {"uv": [10, 9, 11, 10], "texture": "#1"},
				"south": {"uv": [10, 10.5, 11, 11.5], "texture": "#1"},
				"west": {"uv": [0, 11.5, 1, 12.5], "texture": "#1"},
				"up": {"uv": [12.5, 1, 11.5, 0], "texture": "#1"},
				"down": {"uv": [2.5, 11.5, 1.5, 12.5], "texture": "#1"}
			}
		},
		{
			"name": "head",
			"from": [7, 9, 2.5],
			"to": [9, 11, 3.5],
			"rotation": {"angle": 0, "axis": "y", "origin": [12, 8, 8.5]},
			"faces": {
				"north": {"uv": [0, 10, 1, 11], "texture": "#1"},
				"east": {"uv": [11.5, 1.5, 12, 2.5], "texture": "#1"},
				"south": {"uv": [10, 0, 11, 1], "texture": "#1"},
				"west": {"uv": [3, 11.5, 3.5, 12.5], "texture": "#1"},
				"up": {"uv": [12.5, 3.5, 11.5, 3], "texture": "#1"},
				"down": {"uv": [12.5, 4, 11.5, 4.5], "texture": "#1"}
			}
		}
	],
	"gui_light": "front",
	"display": {
		"thirdperson_righthand": {
			"translation": [0, -1.75, 0]
		},
		"thirdperson_lefthand": {
			"translation": [0, -1.75, 0]
		},
		"gui": {
			"rotation": [30, -135, 0],
			"translation": [0, -3.75, 0]
		},
		"head": {
			"scale": [1.7, 1.7, 1.7]
		},
		"fixed": {
			"translation": [0, -3.5, 0]
		}
	},
	"groups": [
		{
			"name": "group",
			"origin": [12, 8, 8.5],
			"color": 0,
			"children": [0, 1, 2, 3]
		}
	]
}