{
	"credit": "Made by Jeqo - https://jeqostudios.com",
	"textures": {
		"0": "items/hat/shrek_ears",
		"particle": "items/hat/shrek_ears"
	},
	"elements": [
		{
			"from": [0.09829, -0.26955, 6.5],
			"to": [2.09829, 2.73045, 9.5],
			"rotation": {"angle": -22.5, "axis": "z", "origin": [4.34829, 1.23045, 5.5]},
			"faces": {
				"north": {"uv": [0, 6, 2, 9], "texture": "#0"},
				"east": {"uv": [0, 0, 3, 3], "texture": "#0"},
				"south": {"uv": [6, 0, 8, 3], "texture": "#0"},
				"west": {"uv": [0, 3, 3, 6], "texture": "#0"},
				"up": {"uv": [4, 9, 2, 6], "texture": "#0"},
				"down": {"uv": [8, 3, 6, 6], "texture": "#0"}
			}
		},
		{
			"from": [2.09829, 0.23045, 7],
			"to": [5.09829, 2.23045, 9],
			"rotation": {"angle": -22.5, "axis": "z", "origin": [4.34829, 1.23045, 5.5]},
			"faces": {
				"north": {"uv": [4, 6, 7, 8], "texture": "#0"},
				"east": {"uv": [2, 9, 4, 11], "texture": "#0"},
				"south": {"uv": [7, 6, 10, 8], "texture": "#0"},
				"west": {"uv": [11, 0, 13, 2], "texture": "#0"},
				"up": {"uv": [11, 2, 8, 0], "texture": "#0"},
				"down": {"uv": [11, 2, 8, 4], "texture": "#0"}
			}
		},
		{
			"from": [10.90171, 0.23045, 7],
			"to": [13.90171, 2.23045, 9],
			"rotation": {"angle": 22.5, "axis": "z", "origin": [11.65171, 1.23045, 5.5]},
			"faces": {
				"north": {"uv": [8, 4, 11, 6], "texture": "#0"},
				"east": {"uv": [2, 11, 4, 13], "texture": "#0"},
				"south": {"uv": [10, 6, 13, 8], "texture": "#0"},
				"west": {"uv": [11, 2, 13, 4], "texture": "#0"},
				"up": {"uv": [13, 10, 10, 8], "texture": "#0"},
				"down": {"uv": [13, 10, 10, 12], "texture": "#0"}
			}
		},
		{
			"from": [13.90171, -0.26955, 6.5],
			"to": [15.90171, 2.73045, 9.5],
			"rotation": {"angle": 22.5, "axis": "z", "origin": [11.65171, 1.23045, 5.5]},
			"faces": {
				"north": {"uv": [4, 8, 6, 11], "texture": "#0"},
				"east": {"uv": [3, 0, 6, 3], "texture": "#0"},
				"south": {"uv": [6, 8, 8, 11], "texture": "#0"},
				"west": {"uv": [3, 3, 6, 6], "texture": "#0"},
				"up": {"uv": [10, 11, 8, 8], "texture": "#0"},
				"down": {"uv": [2, 9, 0, 12], "texture": "#0"}
			}
		}
	],
	"gui_light": "front",
	"display": {
		"thirdperson_righthand": {
			"rotation": [0.78, -14.52, 6.15],
			"translation": [-0.5, 3.5, 1.25],
			"scale": [0.5, 0.5, 0.5]
		},
		"thirdperson_lefthand": {
			"rotation": [0.78, -14.52, 6.15],
			"translation": [-0.5, 3.5, 1.25],
			"scale": [0.5, 0.5, 0.5]
		},
		"firstperson_righthand": {
			"rotation": [-14.95, 10.04, -9.24],
			"translation": [0, 3.5, 0],
			"scale": [0.5, 0.5, 0.5]
		},
		"firstperson_lefthand": {
			"rotation": [-14.95, 10.04, -9.24],
			"translation": [0, 3.5, 0],
			"scale": [0.5, 0.5, 0.5]
		},
		"ground": {
			"translation": [0, 4, 0],
			"scale": [0.5, 0.5, 0.5]
		},
		"gui": {
			"rotation": [18.07, 27.05, -1.35],
			"translation": [0, 2, 0],
			"scale": [0.5, 0.5, 0.5]
		},
		"head": {
			"translation": [0, 11, 0],
			"scale": [1.6, 1.6, 1.6]
		},
		"fixed": {
			"rotation": [-90, 0, 0],
			"translation": [0, 0, -12.25],
			"scale": [1.6, 1.6, 1.6]
		}
	}
}