{
	"credit": "Made with Blockbench",
	"texture_size": [64, 64],
	"textures": {
		"0": "items/hat/squirrel_ears",
		"particle": "items/hat/squirrel_ears"
	},
	"elements": [
		{
			"from": [10.81607, 27.5779, 5],
			"to": [13.56607, 30.5779, 6.5],
			"rotation": {"angle": -22.5, "axis": "z", "origin": [12.18156, 29.77837, 5.7625]},
			"faces": {
				"north": {"uv": [0, 0, 3, 3], "texture": "#0"},
				"east": {"uv": [6, 0, 7.5, 3], "texture": "#0"},
				"south": {"uv": [0, 3, 3, 6], "texture": "#0"},
				"west": {"uv": [7.5, 0, 9, 3], "texture": "#0"},
				"up": {"uv": [9, 4.5, 6, 3], "texture": "#0"},
				"down": {"uv": [9, 4.5, 6, 6], "texture": "#0"}
			}
		},
		{
			"from": [12.12507, 28.80521, 5.15],
			"to": [13.37507, 31.30521, 6.4],
			"rotation": {"angle": 45, "axis": "z", "origin": [12.10656, 29.77837, 5.7625]},
			"faces": {
				"north": {"uv": [0, 6, 1.5, 8.5], "texture": "#0"},
				"east": {"uv": [4.5, 6, 6, 8.5], "texture": "#0"},
				"south": {"uv": [1.5, 6, 3, 8.5], "texture": "#0"},
				"west": {"uv": [3, 6, 4.5, 8.5], "texture": "#0"},
				"up": {"uv": [7.5, 7.5, 6, 6], "texture": "#0"},
				"down": {"uv": [9, 6, 7.5, 7.5], "texture": "#0"}
			}
		},
		{
			"from": [2.60997, 27.4883, 5],
			"to": [5.35997, 30.4883, 6.5],
			"rotation": {"angle": 22.5, "axis": "z", "origin": [3.99448, 29.68877, 5.7625]},
			"faces": {
				"north": {"uv": [3, 0, 6, 3], "texture": "#0"},
				"east": {"uv": [9, 0, 7.5, 3], "texture": "#0"},
				"south": {"uv": [3, 3, 6, 6], "texture": "#0"},
				"west": {"uv": [7.5, 0, 6, 3], "texture": "#0"},
				"up": {"uv": [6, 4.5, 9, 3], "texture": "#0"},
				"down": {"uv": [9, 4.5, 6, 6], "texture": "#0"}
			}
		},
		{
			"from": [2.72598, 28.71561, 5.15],
			"to": [3.97598, 31.21561, 6.4],
			"rotation": {"angle": -45, "axis": "z", "origin": [3.99448, 29.68877, 5.7625]},
			"faces": {
				"north": {"uv": [1.5, 6, 0, 8.5], "texture": "#0"},
				"east": {"uv": [4.5, 6, 6, 8.5], "texture": "#0"},
				"south": {"uv": [3, 6, 1.5, 8.5], "texture": "#0"},
				"west": {"uv": [3, 6, 4.5, 8.5], "texture": "#0"},
				"up": {"uv": [7.5, 7.5, 6, 6], "texture": "#0"},
				"down": {"uv": [9, 6, 7.5, 7.5], "texture": "#0"}
			}
		}
	],
	"display": {
		"thirdperson_righthand": {
			"translation": [3.25, -23, 1]
		},
		"thirdperson_lefthand": {
			"translation": [3.75, -23.5, 1.25]
		},
		"firstperson_righthand": {
			"translation": [0, -20, 0]
		},
		"firstperson_lefthand": {
			"translation": [0, -20, 0]
		},
		"ground": {
			"translation": [0, -19.75, 0]
		},
		"gui": {
			"rotation": [0, -180, 0],
			"translation": [0, -20.75, 0]
		},
		"head": {
			"translation": [-0.15, -25, 0.75],
			"scale": [1.5, 1.5, 1.5]
		},
		"fixed": {
			"translation": [0, -20.25, 0]
		}
	},
	"groups": [
		{
			"name": "group",
			"origin": [11.86436, 30.44607, 7.5],
			"color": 0,
			"children": [0, 1]
		},
		{
			"name": "group",
			"origin": [4.75, 31, 8],
			"color": 0,
			"children": [2, 3]
		}
	]
}