{
	"credit": "Made with Blockbench",
	"texture_size": [64, 64],
	"textures": {
		"0": "items/hat/toffy_tophat",
		"particle": "items/hat/toffy_tophat"
	},
	"elements": [
		{
			"from": [3.5, 5.5, 3.5],
			"to": [12.5, 12.5, 12.5],
			"rotation": {"angle": 0, "axis": "y", "origin": [0, -0.5, 0]},
			"faces": {
				"north": {"uv": [3.75, 5, 6, 6.75], "texture": "#0"},
				"east": {"uv": [6.25, 0, 8.5, 1.75], "texture": "#0"},
				"south": {"uv": [6.25, 2, 8.5, 3.75], "texture": "#0"},
				"west": {"uv": [6.25, 4, 8.5, 5.75], "texture": "#0"},
				"up": {"uv": [6, 2.25, 3.75, 0], "texture": "#0"},
				"down": {"uv": [6, 2.5, 3.75, 4.75], "texture": "#0"}
			}
		},
		{
			"from": [1, 4.5, 1],
			"to": [15, 5.5, 15],
			"rotation": {"angle": -22.5, "axis": "y", "origin": [8, 5, 8]},
			"faces": {
				"north": {"uv": [6.25, 6, 9.75, 6.25], "texture": "#0"},
				"east": {"uv": [6.25, 6.5, 9.75, 6.75], "texture": "#0"},
				"south": {"uv": [3.75, 7, 7.25, 7.25], "texture": "#0"},
				"west": {"uv": [0, 7.5, 3.5, 7.75], "texture": "#0"},
				"up": {"uv": [3.5, 3.5, 0, 0], "texture": "#0"},
				"down": {"uv": [3.5, 3.75, 0, 7.25], "texture": "#0"}
			}
		},
		{
			"from": [-3.32843, 8.32843, 8.5],
			"to": [0.67157, 8.32843, 11.5],
			"rotation": {"angle": 0, "axis": "y", "origin": [0.37868, 7.62132, 10]},
			"faces": {
				"north": {"uv": [0, 8, 1, 8], "texture": "#0"},
				"east": {"uv": [1.25, 8, 2, 8], "texture": "#0"},
				"south": {"uv": [2.25, 8, 3.25, 8], "texture": "#0"},
				"west": {"uv": [0, 8.25, 0.75, 8.25], "texture": "#0"},
				"up": {"uv": [4.75, 8.25, 3.75, 7.5], "texture": "#0"},
				"down": {"uv": [6, 7.5, 5, 8.25], "texture": "#0"}
			}
		},
		{
			"from": [1.08579, 3.91421, 8.5],
			"to": [1.08579, 7.91421, 11.5],
			"rotation": {"angle": 45, "axis": "z", "origin": [0.37868, 7.62132, 10]},
			"faces": {
				"north": {"uv": [7.25, 7.5, 7.25, 8.5], "texture": "#0"},
				"east": {"uv": [6.25, 7.5, 7, 8.5], "texture": "#0"},
				"south": {"uv": [3.5, 8, 3.5, 9], "texture": "#0"},
				"west": {"uv": [7.5, 7, 8.25, 8], "texture": "#0"},
				"up": {"uv": [1, 9, 1, 8.25], "texture": "#0"},
				"down": {"uv": [1.25, 8.25, 1.25, 9], "texture": "#0"}
			}
		}
	],
	"gui_light": "front",
	"display": {
		"thirdperson_righthand": {
			"translation": [-1.5, 0, 0],
			"scale": [0.5, 0.5, 0.5]
		},
		"thirdperson_lefthand": {
			"translation": [-1.5, 0, 0],
			"scale": [0.5, 0.5, 0.5]
		},
		"firstperson_righthand": {
			"translation": [0, 2, 0],
			"scale": [0.7, 0.7, 0.7]
		},
		"firstperson_lefthand": {
			"translation": [0, 2, 0],
			"scale": [0.7, 0.7, 0.7]
		},
		"ground": {
			"scale": [0.4, 0.4, 0.4]
		},
		"gui": {
			"rotation": [19, 146, 0],
			"scale": [0.7, 0.7, 0.7]
		},
		"head": {
			"translation": [0, 6.5, 0],
			"scale": [1.61, 1.61, 1.61]
		},
		"fixed": {
			"rotation": [-14, 0, 0],
			"translation": [0, 0, -4.25]
		}
	},
	"groups": [
		{
			"name": "hat",
			"origin": [8, 5, 8],
			"color": 0,
			"children": [
				0,
				1,
				{
					"name": "feather",
					"origin": [0.37868, 7.62132, 10],
					"color": 0,
					"children": [2, 3]
				}
			]
		}
	]
}