{
	"credit": "Made with Blockbench",
	"texture_size": [32, 32],
	"textures": {
		"0": "items/hat/tomato_hat",
		"particle": "items/hat/tomato_hat"
	},
	"elements": [
		{
			"from": [3.25, 13.75, 3.25],
			"to": [12.75, 18, 12.75],
			"rotation": {"angle": 0, "axis": "y", "origin": [0, 15, 0]},
			"faces": {
				"north": {"uv": [5, 0, 10, 2], "texture": "#0"},
				"east": {"uv": [5, 2, 10, 4], "texture": "#0"},
				"south": {"uv": [5, 4, 10, 6], "texture": "#0"},
				"west": {"uv": [5, 6, 10, 8], "texture": "#0"},
				"up": {"uv": [5, 5, 0, 0], "texture": "#0"},
				"down": {"uv": [5, 5, 0, 10], "texture": "#0"}
			}
		},
		{
			"from": [7.25, 18, 7.15],
			"to": [8.75, 19, 8.65],
			"rotation": {"angle": 0, "axis": "y", "origin": [0, 15, -0.1]},
			"faces": {
				"north": {"uv": [10, 6.5, 11, 7], "texture": "#0"},
				"east": {"uv": [10, 7, 11, 7.5], "texture": "#0"},
				"south": {"uv": [7.5, 10, 8.5, 10.5], "texture": "#0"},
				"west": {"uv": [10, 7.5, 11, 8], "texture": "#0"},
				"up": {"uv": [11, 6.5, 10, 5.5], "texture": "#0"},
				"down": {"uv": [7.5, 10, 6.5, 11], "texture": "#0"}
			}
		},
		{
			"from": [7.65, 18, 3.75],
			"to": [8.35, 18.5, 12],
			"rotation": {"angle": 0, "axis": "y", "origin": [0, 15, 1.5]},
			"faces": {
				"north": {"uv": [8.5, 10, 9, 10.5], "texture": "#0"},
				"east": {"uv": [5, 8, 9, 8.5], "texture": "#0"},
				"south": {"uv": [9, 10, 9.5, 10.5], "texture": "#0"},
				"west": {"uv": [5, 8.5, 9, 9], "texture": "#0"},
				"up": {"uv": [5.5, 13, 5, 9], "texture": "#0"},
				"down": {"uv": [6, 9, 5.5, 13], "texture": "#0"}
			}
		},
		{
			"from": [3.875, 18, 7.525],
			"to": [12.125, 18.5, 8.225],
			"rotation": {"angle": 0, "axis": "y", "origin": [8, 18.25, 7.875]},
			"faces": {
				"north": {"uv": [6, 9, 10, 9.5], "texture": "#0"},
				"east": {"uv": [10, 9, 10.5, 9.5], "texture": "#0"},
				"south": {"uv": [9, 8, 13, 8.5], "texture": "#0"},
				"west": {"uv": [9.5, 10, 10, 10.5], "texture": "#0"},
				"up": {"uv": [13, 9, 9, 8.5], "texture": "#0"},
				"down": {"uv": [10, 9.5, 6, 10], "texture": "#0"}
			}
		},
		{
			"from": [7.65, 18, 3.75],
			"to": [8.35, 18.4, 12],
			"rotation": {"angle": 45, "axis": "y", "origin": [8, 18.25, 7.875]},
			"faces": {
				"north": {"uv": [10, 9.5, 10.5, 10], "texture": "#0"},
				"east": {"uv": [0, 10, 4, 10.5], "texture": "#0"},
				"south": {"uv": [10, 10, 10.5, 10.5], "texture": "#0"},
				"west": {"uv": [10, 0, 14, 0.5], "texture": "#0"},
				"up": {"uv": [10.5, 4.5, 10, 0.5], "texture": "#0"},
				"down": {"uv": [4.5, 10, 4, 14], "texture": "#0"}
			}
		},
		{
			"from": [7.65, 18, 3.75],
			"to": [8.35, 18.4, 12],
			"rotation": {"angle": -45, "axis": "y", "origin": [8, 18.2, 7.875]},
			"faces": {
				"north": {"uv": [0, 10.5, 0.5, 11], "texture": "#0"},
				"east": {"uv": [10, 4.5, 14, 5], "texture": "#0"},
				"south": {"uv": [0.5, 10.5, 1, 11], "texture": "#0"},
				"west": {"uv": [10, 5, 14, 5.5], "texture": "#0"},
				"up": {"uv": [5, 14, 4.5, 10], "texture": "#0"},
				"down": {"uv": [6.5, 10, 6, 14], "texture": "#0"}
			}
		}
	],
	"gui_light": "front",
	"display": {
		"thirdperson_righthand": {
			"rotation": [38, 0, 0],
			"translation": [0, -2.5, -4],
			"scale": [0.64, 0.64, 0.64]
		},
		"thirdperson_lefthand": {
			"rotation": [38, 0, 0],
			"translation": [0, -2.5, -4],
			"scale": [0.64, 0.64, 0.64]
		},
		"firstperson_righthand": {
			"rotation": [16, 15, 0],
			"translation": [0, -2.75, 0],
			"scale": [0.62, 0.62, 0.62]
		},
		"firstperson_lefthand": {
			"rotation": [16, 15, 0],
			"translation": [0, -2.75, 0],
			"scale": [0.62, 0.62, 0.62]
		},
		"ground": {
			"translation": [0, -5.75, 0]
		},
		"gui": {
			"rotation": [20.19, -31.57, 0.22],
			"translation": [0, -7.75, 0]
		},
		"head": {
			"translation": [0, -8.75, 0],
			"scale": [1.6, 1.6, 1.6]
		},
		"fixed": {
			"translation": [0, -13.5, 0],
			"scale": [1.55, 1.55, 1.55]
		}
	}
}