{
	"credit": "Made with Blockbench",
	"texture_size": [64, 64],
	"textures": {
		"2": "items/hat/vapotato_hat"
	},
	"elements": [
		{
			"from": [1, 2, 4],
			"to": [15, 13, 14],
			"faces": {
				"north": {"uv": [0, 0, 3.5, 2.75], "texture": "#2"},
				"east": {"uv": [3.5, 5, 6, 7.75], "texture": "#2"},
				"south": {"uv": [0, 2.75, 3.5, 5.5], "texture": "#2"},
				"west": {"uv": [0, 5.5, 2.5, 8.25], "texture": "#2"},
				"up": {"uv": [7, 2.5, 3.5, 0], "texture": "#2"},
				"down": {"uv": [7, 2.5, 3.5, 5], "texture": "#2"}
			}
		},
		{
			"from": [1, 9, 2],
			"to": [15, 13, 4],
			"faces": {
				"north": {"uv": [6, 5, 9.5, 6], "texture": "#2"},
				"east": {"uv": [6.5, 8.75, 7, 9.75], "texture": "#2"},
				"south": {"uv": [6, 6, 9.5, 7], "texture": "#2"},
				"west": {"uv": [7, 8.75, 7.5, 9.75], "texture": "#2"},
				"up": {"uv": [10.5, 4, 7, 3.5], "texture": "#2"},
				"down": {"uv": [10.5, 4, 7, 4.5], "texture": "#2"}
			}
		},
		{
			"from": [1, 2, 2],
			"to": [15, 3.5, 4],
			"faces": {
				"north": {"uv": [8.5, 7.5, 12, 7.875], "texture": "#2"},
				"east": {"uv": [4.25, 9, 4.75, 9.375], "texture": "#2"},
				"south": {"uv": [8.5, 8, 12, 8.375], "texture": "#2"},
				"west": {"uv": [9, 8.75, 9.5, 9.125], "texture": "#2"},
				"up": {"uv": [10.5, 5, 7, 4.5], "texture": "#2"},
				"down": {"uv": [9.5, 7, 6, 7.5], "texture": "#2"}
			}
		},
		{
			"from": [13, 3.5, 2],
			"to": [15, 9, 4],
			"faces": {
				"north": {"uv": [2.5, 5.5, 3, 6.875], "texture": "#2"},
				"east": {"uv": [3, 5.5, 3.5, 6.875], "texture": "#2"},
				"south": {"uv": [5, 7.75, 5.5, 9.125], "texture": "#2"},
				"west": {"uv": [5.5, 7.75, 6, 9.125], "texture": "#2"},
				"up": {"uv": [3, 7.5, 2.5, 7], "texture": "#2"},
				"down": {"uv": [3.5, 7, 3, 7.5], "texture": "#2"}
			}
		},
		{
			"from": [1, 3.5, 2],
			"to": [3, 9, 4],
			"faces": {
				"north": {"uv": [8.5, 8.5, 9, 9.875], "texture": "#2"},
				"east": {"uv": [8.75, 0, 9.25, 1.375], "texture": "#2"},
				"south": {"uv": [8.75, 1.5, 9.25, 2.875], "texture": "#2"},
				"west": {"uv": [6, 8.75, 6.5, 10.125], "texture": "#2"},
				"up": {"uv": [8, 9.25, 7.5, 8.75], "texture": "#2"},
				"down": {"uv": [8.5, 8.75, 8, 9.25], "texture": "#2"}
			}
		},
		{
			"from": [4.5, 13, 4.75],
			"to": [11.5, 14, 11.75],
			"faces": {
				"north": {"uv": [8.75, 3, 10.5, 3.25], "texture": "#2"},
				"east": {"uv": [8.75, 3.25, 10.5, 3.5], "texture": "#2"},
				"south": {"uv": [2.5, 9, 4.25, 9.25], "texture": "#2"},
				"west": {"uv": [9, 8.5, 10.75, 8.75], "texture": "#2"},
				"up": {"uv": [8.75, 1.75, 7, 0], "texture": "#2"},
				"down": {"uv": [8.75, 1.75, 7, 3.5], "texture": "#2"}
			}
		},
		{
			"from": [5.5, 14, 5.75],
			"to": [10.5, 19, 10.75],
			"faces": {
				"north": {"uv": [6, 7.5, 7.25, 8.75], "texture": "#2"},
				"east": {"uv": [7.25, 7.5, 8.5, 8.75], "texture": "#2"},
				"south": {"uv": [2.5, 7.75, 3.75, 9], "texture": "#2"},
				"west": {"uv": [3.75, 7.75, 5, 9], "texture": "#2"},
				"up": {"uv": [1.25, 9.5, 0, 8.25], "texture": "#2"},
				"down": {"uv": [2.5, 8.25, 1.25, 9.5], "texture": "#2"}
			}
		}
	],
	"gui_light": "front",
	"display": {
		"thirdperson_righthand": {
			"rotation": [65.75, -0.27, 8.25],
			"scale": [0.6, 0.6, 0.6]
		},
		"thirdperson_lefthand": {
			"rotation": [65.75, -0.27, 8.25],
			"scale": [0.6, 0.6, 0.6]
		},
		"firstperson_righthand": {
			"rotation": [-180, 32.5, -180],
			"translation": [0, 2.75, 0],
			"scale": [0.6, 0.6, 0.6]
		},
		"firstperson_lefthand": {
			"rotation": [-180, 32.5, -180],
			"translation": [0, 2.75, 0],
			"scale": [0.6, 0.6, 0.6]
		},
		"ground": {
			"translation": [0, 2.75, 0],
			"scale": [0.6, 0.6, 0.6]
		},
		"gui": {
			"rotation": [-169.5, 12, 180],
			"translation": [0, -1.5, 0],
			"scale": [0.8, 0.8, 0.8]
		},
		"head": {
			"translation": [0, 0.25, 0.25],
			"scale": [1.4, 1.4, 1.4]
		},
		"fixed": {
			"translation": [0, -2, 0]
		}
	}
}