{
	"credit": "Made with Blockbench",
	"texture_size": [32, 32],
	"textures": {
		"2": "items/tool/beach_axe"
	},
	"elements": [
		{
			"from": [4.90058, -1.3617, 7.01],
			"to": [6.88058, 6.55832, 8.99],
			"rotation": {"angle": 0, "axis": "y", "origin": [-2.02942, 3.58832, 16.91]},
			"faces": {
				"north": {"uv": [0, 0, 1, 4], "texture": "#2"},
				"east": {"uv": [1, 0, 2, 4], "texture": "#2"},
				"south": {"uv": [2, 0, 3, 4], "texture": "#2"},
				"west": {"uv": [3, 0, 4, 4], "texture": "#2"},
				"up": {"uv": [4, 10.5, 3, 9.5], "texture": "#2"},
				"down": {"uv": [8, 9.5, 7, 10.5], "texture": "#2"}
			}
		},
		{
			"from": [4.90058, 9.5283, 7.01],
			"to": [6.88058, 10.51832, 8.99],
			"rotation": {"angle": 0, "axis": "y", "origin": [-2.02942, 3.58832, 16.91]},
			"faces": {
				"north": {"uv": [11.5, 0.5, 12.5, 1], "texture": "#2"},
				"east": {"uv": [3.5, 11.5, 4.5, 12], "texture": "#2"},
				"south": {"uv": [4.5, 11.5, 5.5, 12], "texture": "#2"},
				"west": {"uv": [5.5, 11.5, 6.5, 12], "texture": "#2"},
				"up": {"uv": [6, 11, 5, 10], "texture": "#2"},
				"down": {"uv": [11, 5, 10, 6], "texture": "#2"}
			}
		},
		{
			"from": [4.90058, 7.54832, 7.01],
			"to": [6.88058, 8.5383, 8.99],
			"rotation": {"angle": 0, "axis": "y", "origin": [-2.02942, 3.58832, 16.91]},
			"faces": {
				"north": {"uv": [6.5, 11.5, 7.5, 12], "texture": "#2"},
				"east": {"uv": [11.5, 6.5, 12.5, 7], "texture": "#2"},
				"south": {"uv": [11.5, 7, 12.5, 7.5], "texture": "#2"},
				"west": {"uv": [11.5, 7.5, 12.5, 8], "texture": "#2"},
				"up": {"uv": [11, 7, 10, 6], "texture": "#2"},
				"down": {"uv": [11, 7, 10, 8], "texture": "#2"}
			}
		},
		{
			"from": [5.09858, -2.5992, 7.208],
			"to": [6.68258, -1.3617, 8.792],
			"rotation": {"angle": 0, "axis": "y", "origin": [-2.02942, 3.58832, 16.91]},
			"faces": {
				"north": {"uv": [11.5, 8, 12.5, 8.5], "texture": "#2"},
				"east": {"uv": [11.5, 8.5, 12.5, 9], "texture": "#2"},
				"south": {"uv": [9, 11.5, 10, 12], "texture": "#2"},
				"west": {"uv": [11.5, 9, 12.5, 9.5], "texture": "#2"},
				"up": {"uv": [9, 11, 8, 10], "texture": "#2"},
				"down": {"uv": [11, 8, 10, 9], "texture": "#2"}
			}
		},
		{
			"from": [5.09858, 6.55832, 7.208],
			"to": [6.68258, 12.49832, 8.792],
			"rotation": {"angle": 0, "axis": "y", "origin": [-2.02942, 3.58832, 16.91]},
			"faces": {
				"north": {"uv": [3, 4, 4, 7], "texture": "#2"},
				"east": {"uv": [4, 3.5, 5, 6.5], "texture": "#2"},
				"south": {"uv": [5, 0, 6, 3], "texture": "#2"},
				"west": {"uv": [5, 3, 6, 6], "texture": "#2"},
				"up": {"uv": [10, 11, 9, 10], "texture": "#2"},
				"down": {"uv": [11, 9, 10, 10], "texture": "#2"}
			}
		},
		{
			"from": [4.52933, -5.35881, 6.63875],
			"to": [7.25183, -2.63631, 9.36125],
			"rotation": {"angle": 0, "axis": "y", "origin": [-2.82142, 4.41744, 17.801]},
			"faces": {
				"north": {"uv": [7, 6.5, 8.5, 8], "texture": "#2"},
				"east": {"uv": [0, 7.5, 1.5, 9], "texture": "#2"},
				"south": {"uv": [1.5, 7.5, 3, 9], "texture": "#2"},
				"west": {"uv": [8, 4, 9.5, 5.5], "texture": "#2"},
				"up": {"uv": [8.5, 9.5, 7, 8], "texture": "#2"},
				"down": {"uv": [10, 5.5, 8.5, 7], "texture": "#2"}
			}
		},
		{
			"from": [4.52933, -6.44782, 9.36125],
			"to": [7.25183, -5.35881, 9.36125],
			"rotation": {"angle": 0, "axis": "y", "origin": [-2.82142, 4.41744, 17.801]},
			"faces": {
				"north": {"uv": [11, 1, 12.5, 1.5], "texture": "#2"},
				"east": {"uv": [0, 0, 0, 0.5], "texture": "#2"},
				"south": {"uv": [11, 1.5, 12.5, 2], "texture": "#2"},
				"west": {"uv": [0, 0, 0, 0.5], "texture": "#2"},
				"up": {"uv": [1.5, 0, 0, 0], "texture": "#2"},
				"down": {"uv": [1.5, 0, 0, 0], "texture": "#2"}
			}
		},
		{
			"from": [4.52933, -6.44782, 6.63875],
			"to": [7.25183, -5.35881, 6.63875],
			"rotation": {"angle": 0, "axis": "y", "origin": [-2.82142, 4.41744, 17.801]},
			"faces": {
				"north": {"uv": [11, 2, 12.5, 2.5], "texture": "#2"},
				"east": {"uv": [0, 0, 0, 0.5], "texture": "#2"},
				"south": {"uv": [11, 2.5, 12.5, 3], "texture": "#2"},
				"west": {"uv": [0, 0, 0, 0.5], "texture": "#2"},
				"up": {"uv": [1.5, 0, 0, 0], "texture": "#2"},
				"down": {"uv": [1.5, 0, 0, 0], "texture": "#2"}
			}
		},
		{
			"from": [4.52933, -6.44782, 6.63875],
			"to": [4.52933, -5.35881, 9.36125],
			"rotation": {"angle": 0, "axis": "y", "origin": [-2.82142, 4.41744, 17.85545]},
			"faces": {
				"north": {"uv": [0, 0, 0, 0.5], "texture": "#2"},
				"east": {"uv": [4.5, 11, 6, 11.5], "texture": "#2"},
				"south": {"uv": [0, 0, 0, 0.5], "texture": "#2"},
				"west": {"uv": [11, 5, 12.5, 5.5], "texture": "#2"},
				"up": {"uv": [0, 1.5, 0, 0], "texture": "#2"},
				"down": {"uv": [0, 0, 0, 1.5], "texture": "#2"}
			}
		},
		{
			"from": [7.25183, -6.44782, 6.63875],
			"to": [7.25183, -5.35881, 9.36125],
			"rotation": {"angle": 0, "axis": "y", "origin": [-2.82142, 4.41744, 17.85545]},
			"faces": {
				"north": {"uv": [0, 0, 0, 0.5], "texture": "#2"},
				"east": {"uv": [11, 5.5, 12.5, 6], "texture": "#2"},
				"south": {"uv": [0, 0, 0, 0.5], "texture": "#2"},
				"west": {"uv": [11, 6, 12.5, 6.5], "texture": "#2"},
				"up": {"uv": [0, 1.5, 0, 0], "texture": "#2"},
				"down": {"uv": [0, 0, 0, 1.5], "texture": "#2"}
			}
		},
		{
			"from": [4.70258, 13.48832, 6.812],
			"to": [7.07858, 18.43832, 9.188],
			"rotation": {"angle": 0, "axis": "y", "origin": [-2.02942, 3.58832, 16.91]},
			"faces": {
				"north": {"uv": [6, 4, 7, 6.5], "texture": "#2"},
				"east": {"uv": [5, 6, 6, 8.5], "texture": "#2"},
				"south": {"uv": [4, 6.5, 5, 9], "texture": "#2"},
				"west": {"uv": [6, 6.5, 7, 9], "texture": "#2"},
				"up": {"uv": [11, 11, 10, 10], "texture": "#2"},
				"down": {"uv": [1, 10.5, 0, 11.5], "texture": "#2"}
			}
		},
		{
			"from": [6.17273, 16.20281, 9.18057],
			"to": [6.79643, 18.25211, 9.53698],
			"rotation": {"angle": 0, "axis": "y", "origin": [-0.64342, 5.15441, 16.04128]},
			"faces": {
				"north": {"uv": [8, 5.5, 8.5, 6.5], "texture": "#2"},
				"east": {"uv": [1.5, 11.5, 2, 12.5], "texture": "#2"},
				"south": {"uv": [7.5, 11.5, 8, 12.5], "texture": "#2"},
				"west": {"uv": [10, 11.5, 10.5, 12.5], "texture": "#2"},
				"up": {"uv": [10, 5.5, 9.5, 5], "texture": "#2"},
				"down": {"uv": [8.5, 9.5, 8, 10], "texture": "#2"}
			}
		},
		{
			"from": [4.83623, 16.47011, 9.18057],
			"to": [6.17273, 17.09381, 9.53698],
			"rotation": {"angle": 0, "axis": "y", "origin": [6.08363, 17.89571, 9.35878]},
			"faces": {
				"north": {"uv": [4.5, 10.5, 5, 11], "texture": "#2"},
				"east": {"uv": [12, 10.5, 12.5, 11], "texture": "#2"},
				"south": {"uv": [12, 11, 12.5, 11.5], "texture": "#2"},
				"west": {"uv": [11.5, 12, 12, 12.5], "texture": "#2"},
				"up": {"uv": [12.5, 12, 12, 11.5], "texture": "#2"},
				"down": {"uv": [12.5, 12, 12, 12.5], "texture": "#2"}
			}
		},
		{
			"from": [5.72723, 16.24736, 9.18057],
			"to": [6.61823, 16.87106, 9.44788],
			"rotation": {"angle": 45, "axis": "z", "origin": [5.50448, 16.78196, 9.35878]},
			"faces": {
				"north": {"uv": [12.5, 0.5, 13, 1], "texture": "#2"},
				"east": {"uv": [12.5, 1, 13, 1.5], "texture": "#2"},
				"south": {"uv": [1.5, 12.5, 2, 13], "texture": "#2"},
				"west": {"uv": [12.5, 1.5, 13, 2], "texture": "#2"},
				"up": {"uv": [2.5, 13, 2, 12.5], "texture": "#2"},
				"down": {"uv": [13, 2, 12.5, 2.5], "texture": "#2"}
			}
		},
		{
			"from": [6.03908, 15.67138, 9.18057],
			"to": [6.93008, 16.29508, 9.44788],
			"rotation": {"angle": 0, "axis": "y", "origin": [6.48458, 17.09698, 9.31423]},
			"faces": {
				"north": {"uv": [2.5, 12.5, 3, 13], "texture": "#2"},
				"east": {"uv": [12.5, 2.5, 13, 3], "texture": "#2"},
				"south": {"uv": [3, 12.5, 3.5, 13], "texture": "#2"},
				"west": {"uv": [3.5, 12.5, 4, 13], "texture": "#2"},
				"up": {"uv": [4.5, 13, 4, 12.5], "texture": "#2"},
				"down": {"uv": [13, 4, 12.5, 4.5], "texture": "#2"}
			}
		},
		{
			"from": [5.72723, 16.33963, 9.18057],
			"to": [6.35093, 16.87423, 9.44788],
			"rotation": {"angle": 22.5, "axis": "z", "origin": [6.48458, 15.98323, 9.31423]},
			"faces": {
				"north": {"uv": [4.5, 12.5, 5, 13], "texture": "#2"},
				"east": {"uv": [12.5, 4.5, 13, 5], "texture": "#2"},
				"south": {"uv": [5, 12.5, 5.5, 13], "texture": "#2"},
				"west": {"uv": [12.5, 5, 13, 5.5], "texture": "#2"},
				"up": {"uv": [13, 6, 12.5, 5.5], "texture": "#2"},
				"down": {"uv": [13, 6, 12.5, 6.5], "texture": "#2"}
			}
		},
		{
			"from": [6.61823, 16.33963, 9.18057],
			"to": [7.24193, 16.87423, 9.44788],
			"rotation": {"angle": -22.5, "axis": "z", "origin": [6.48458, 15.98323, 9.31423]},
			"faces": {
				"north": {"uv": [12.5, 6.5, 13, 7], "texture": "#2"},
				"east": {"uv": [12.5, 7, 13, 7.5], "texture": "#2"},
				"south": {"uv": [7.5, 12.5, 8, 13], "texture": "#2"},
				"west": {"uv": [12.5, 7.5, 13, 8], "texture": "#2"},
				"up": {"uv": [8.5, 13, 8, 12.5], "texture": "#2"},
				"down": {"uv": [13, 8, 12.5, 8.5], "texture": "#2"}
			}
		},
		{
			"from": [6.35093, 16.24736, 9.18057],
			"to": [7.24193, 16.87106, 9.44788],
			"rotation": {"angle": -45, "axis": "z", "origin": [7.46468, 16.78196, 9.35878]},
			"faces": {
				"north": {"uv": [8.5, 12.5, 9, 13], "texture": "#2"},
				"east": {"uv": [12.5, 8.5, 13, 9], "texture": "#2"},
				"south": {"uv": [9, 12.5, 9.5, 13], "texture": "#2"},
				"west": {"uv": [12.5, 9, 13, 9.5], "texture": "#2"},
				"up": {"uv": [10, 13, 9.5, 12.5], "texture": "#2"},
				"down": {"uv": [13, 9.5, 12.5, 10], "texture": "#2"}
			}
		},
		{
			"from": [6.79643, 16.47011, 9.18057],
			"to": [8.13293, 17.09381, 9.53698],
			"rotation": {"angle": 0, "axis": "y", "origin": [6.21728, 17.89571, 9.35878]},
			"faces": {
				"north": {"uv": [10, 12.5, 10.5, 13], "texture": "#2"},
				"east": {"uv": [10.5, 12.5, 11, 13], "texture": "#2"},
				"south": {"uv": [12.5, 10.5, 13, 11], "texture": "#2"},
				"west": {"uv": [11, 12.5, 11.5, 13], "texture": "#2"},
				"up": {"uv": [13, 11.5, 12.5, 11], "texture": "#2"},
				"down": {"uv": [12, 12.5, 11.5, 13], "texture": "#2"}
			}
		},
		{
			"from": [6.82903, 15.17821, 9.18057],
			"to": [7.45273, 16.60381, 9.53698],
			"rotation": {"angle": 22.5, "axis": "z", "origin": [7.00723, 15.66826, 9.35878]},
			"faces": {
				"north": {"uv": [12.5, 11.5, 13, 12], "texture": "#2"},
				"east": {"uv": [12, 12.5, 12.5, 13], "texture": "#2"},
				"south": {"uv": [12.5, 12, 13, 12.5], "texture": "#2"},
				"west": {"uv": [12.5, 12.5, 13, 13], "texture": "#2"},
				"up": {"uv": [0.5, 13.5, 0, 13], "texture": "#2"},
				"down": {"uv": [13.5, 0, 13, 0.5], "texture": "#2"}
			}
		},
		{
			"from": [5.58453, 15.25329, 9.18057],
			"to": [6.20823, 16.67889, 9.53698],
			"rotation": {"angle": -22.5, "axis": "z", "origin": [5.80728, 15.87699, 9.35878]},
			"faces": {
				"north": {"uv": [0.5, 13, 1, 13.5], "texture": "#2"},
				"east": {"uv": [13, 0.5, 13.5, 1], "texture": "#2"},
				"south": {"uv": [1, 13, 1.5, 13.5], "texture": "#2"},
				"west": {"uv": [13, 1, 13.5, 1.5], "texture": "#2"},
				"up": {"uv": [2, 13.5, 1.5, 13], "texture": "#2"},
				"down": {"uv": [13.5, 1.5, 13, 2], "texture": "#2"}
			}
		},
		{
			"from": [6.17273, 16.20281, 6.46303],
			"to": [6.79643, 18.25211, 6.81943],
			"rotation": {"angle": 0, "axis": "y", "origin": [-0.64342, 5.15441, -0.04127]},
			"faces": {
				"north": {"uv": [11.5, 10, 12, 11], "texture": "#2"},
				"east": {"uv": [11, 11.5, 11.5, 12.5], "texture": "#2"},
				"south": {"uv": [11.5, 11, 12, 12], "texture": "#2"},
				"west": {"uv": [0, 12, 0.5, 13], "texture": "#2"},
				"up": {"uv": [2.5, 13.5, 2, 13], "texture": "#2"},
				"down": {"uv": [13.5, 2, 13, 2.5], "texture": "#2"}
			}
		},
		{
			"from": [4.83623, 16.47011, 6.46303],
			"to": [6.17273, 17.09381, 6.81943],
			"rotation": {"angle": 0, "axis": "y", "origin": [6.08363, 17.89571, 6.64122]},
			"faces": {
				"north": {"uv": [2.5, 13, 3, 13.5], "texture": "#2"},
				"east": {"uv": [13, 2.5, 13.5, 3], "texture": "#2"},
				"south": {"uv": [3, 13, 3.5, 13.5], "texture": "#2"},
				"west": {"uv": [13, 3, 13.5, 3.5], "texture": "#2"},
				"up": {"uv": [4, 13.5, 3.5, 13], "texture": "#2"},
				"down": {"uv": [13.5, 3.5, 13, 4], "texture": "#2"}
			}
		},
		{
			"from": [5.72723, 16.24736, 6.55213],
			"to": [6.61823, 16.87106, 6.81943],
			"rotation": {"angle": 45, "axis": "z", "origin": [5.50448, 16.78196, 6.64122]},
			"faces": {
				"north": {"uv": [4, 13, 4.5, 13.5], "texture": "#2"},
				"east": {"uv": [13, 4, 13.5, 4.5], "texture": "#2"},
				"south": {"uv": [4.5, 13, 5, 13.5], "texture": "#2"},
				"west": {"uv": [13, 4.5, 13.5, 5], "texture": "#2"},
				"up": {"uv": [5.5, 13.5, 5, 13], "texture": "#2"},
				"down": {"uv": [13.5, 5, 13, 5.5], "texture": "#2"}
			}
		},
		{
			"from": [6.03908, 15.67138, 6.55213],
			"to": [6.93008, 16.29508, 6.81943],
			"rotation": {"angle": 0, "axis": "y", "origin": [6.48458, 17.09698, 6.68578]},
			"faces": {
				"north": {"uv": [5.5, 13, 6, 13.5], "texture": "#2"},
				"east": {"uv": [13, 5.5, 13.5, 6], "texture": "#2"},
				"south": {"uv": [6, 13, 6.5, 13.5], "texture": "#2"},
				"west": {"uv": [13, 6, 13.5, 6.5], "texture": "#2"},
				"up": {"uv": [7, 13.5, 6.5, 13], "texture": "#2"},
				"down": {"uv": [13.5, 6.5, 13, 7], "texture": "#2"}
			}
		},
		{
			"from": [5.72723, 16.33963, 6.55213],
			"to": [6.35093, 16.87423, 6.81943],
			"rotation": {"angle": 22.5, "axis": "z", "origin": [6.48458, 15.98323, 6.68578]},
			"faces": {
				"north": {"uv": [7, 13, 7.5, 13.5], "texture": "#2"},
				"east": {"uv": [13, 7, 13.5, 7.5], "texture": "#2"},
				"south": {"uv": [7.5, 13, 8, 13.5], "texture": "#2"},
				"west": {"uv": [13, 7.5, 13.5, 8], "texture": "#2"},
				"up": {"uv": [8.5, 13.5, 8, 13], "texture": "#2"},
				"down": {"uv": [13.5, 8, 13, 8.5], "texture": "#2"}
			}
		},
		{
			"from": [6.61823, 16.33963, 6.55213],
			"to": [7.24193, 16.87423, 6.81943],
			"rotation": {"angle": -22.5, "axis": "z", "origin": [6.48458, 15.98323, 6.68578]},
			"faces": {
				"north": {"uv": [8.5, 13, 9, 13.5], "texture": "#2"},
				"east": {"uv": [13, 8.5, 13.5, 9], "texture": "#2"},
				"south": {"uv": [9, 13, 9.5, 13.5], "texture": "#2"},
				"west": {"uv": [13, 9, 13.5, 9.5], "texture": "#2"},
				"up": {"uv": [10, 13.5, 9.5, 13], "texture": "#2"},
				"down": {"uv": [13.5, 9.5, 13, 10], "texture": "#2"}
			}
		},
		{
			"from": [6.35093, 16.24736, 6.55213],
			"to": [7.24193, 16.87106, 6.81943],
			"rotation": {"angle": -45, "axis": "z", "origin": [7.46468, 16.78196, 6.64122]},
			"faces": {
				"north": {"uv": [10, 13, 10.5, 13.5], "texture": "#2"},
				"east": {"uv": [13, 10, 13.5, 10.5], "texture": "#2"},
				"south": {"uv": [10.5, 13, 11, 13.5], "texture": "#2"},
				"west": {"uv": [13, 10.5, 13.5, 11], "texture": "#2"},
				"up": {"uv": [11.5, 13.5, 11, 13], "texture": "#2"},
				"down": {"uv": [13.5, 11, 13, 11.5], "texture": "#2"}
			}
		},
		{
			"from": [6.8462, 16.4181, 6.54879],
			"to": [8.04905, 16.97943, 6.86955],
			"rotation": {"angle": 0, "axis": "y", "origin": [6.32496, 17.70114, 6.70916]},
			"faces": {
				"north": {"uv": [11.5, 13, 12, 13.5], "texture": "#2"},
				"east": {"uv": [13, 11.5, 13.5, 12], "texture": "#2"},
				"south": {"uv": [12, 13, 12.5, 13.5], "texture": "#2"},
				"west": {"uv": [13, 12, 13.5, 12.5], "texture": "#2"},
				"up": {"uv": [13, 13.5, 12.5, 13], "texture": "#2"},
				"down": {"uv": [13.5, 12.5, 13, 13], "texture": "#2"}
			}
		},
		{
			"from": [6.82903, 15.17821, 6.46303],
			"to": [7.45273, 16.60381, 6.81943],
			"rotation": {"angle": 22.5, "axis": "z", "origin": [7.00723, 15.66826, 6.64122]},
			"faces": {
				"north": {"uv": [13, 13, 13.5, 13.5], "texture": "#2"},
				"east": {"uv": [0, 13.5, 0.5, 14], "texture": "#2"},
				"south": {"uv": [13.5, 0, 14, 0.5], "texture": "#2"},
				"west": {"uv": [0.5, 13.5, 1, 14], "texture": "#2"},
				"up": {"uv": [14, 1, 13.5, 0.5], "texture": "#2"},
				"down": {"uv": [1.5, 13.5, 1, 14], "texture": "#2"}
			}
		},
		{
			"from": [5.58453, 15.25329, 6.46303],
			"to": [6.20823, 16.67889, 6.81943],
			"rotation": {"angle": -22.5, "axis": "z", "origin": [5.80728, 15.87699, 6.64122]},
			"faces": {
				"north": {"uv": [13.5, 1, 14, 1.5], "texture": "#2"},
				"east": {"uv": [1.5, 13.5, 2, 14], "texture": "#2"},
				"south": {"uv": [13.5, 1.5, 14, 2], "texture": "#2"},
				"west": {"uv": [2, 13.5, 2.5, 14], "texture": "#2"},
				"up": {"uv": [14, 2.5, 13.5, 2], "texture": "#2"},
				"down": {"uv": [3, 13.5, 2.5, 14], "texture": "#2"}
			}
		},
		{
			"from": [4.6209, 14.43185, 9.25853],
			"to": [5.0664, 14.7437, 9.39218],
			"rotation": {"angle": 45, "axis": "z", "origin": [4.50953, 14.69915, 9.34763]},
			"faces": {
				"north": {"uv": [13.5, 2.5, 14, 3], "texture": "#2"},
				"east": {"uv": [3, 13.5, 3.5, 14], "texture": "#2"},
				"south": {"uv": [13.5, 3, 14, 3.5], "texture": "#2"},
				"west": {"uv": [3.5, 13.5, 4, 14], "texture": "#2"},
				"up": {"uv": [14, 4, 13.5, 3.5], "texture": "#2"},
				"down": {"uv": [4.5, 13.5, 4, 14], "texture": "#2"}
			}
		},
		{
			"from": [4.93275, 14.43185, 9.25853],
			"to": [5.37825, 14.7437, 9.39218],
			"rotation": {"angle": -45, "axis": "z", "origin": [5.48963, 14.69915, 9.34763]},
			"faces": {
				"north": {"uv": [13.5, 4, 14, 4.5], "texture": "#2"},
				"east": {"uv": [4.5, 13.5, 5, 14], "texture": "#2"},
				"south": {"uv": [13.5, 4.5, 14, 5], "texture": "#2"},
				"west": {"uv": [5, 13.5, 5.5, 14], "texture": "#2"},
				"up": {"uv": [14, 5.5, 13.5, 5], "texture": "#2"},
				"down": {"uv": [6, 13.5, 5.5, 14], "texture": "#2"}
			}
		},
		{
			"from": [5.1555, 14.54323, 9.25853],
			"to": [5.82375, 14.85508, 9.43673],
			"rotation": {"angle": 0, "axis": "y", "origin": [4.86593, 15.25603, 9.34763]},
			"faces": {
				"north": {"uv": [13.5, 5.5, 14, 6], "texture": "#2"},
				"east": {"uv": [6, 13.5, 6.5, 14], "texture": "#2"},
				"south": {"uv": [13.5, 6, 14, 6.5], "texture": "#2"},
				"west": {"uv": [6.5, 13.5, 7, 14], "texture": "#2"},
				"up": {"uv": [14, 7, 13.5, 6.5], "texture": "#2"},
				"down": {"uv": [7.5, 13.5, 7, 14], "texture": "#2"}
			}
		},
		{
			"from": [5.17181, 13.89727, 9.25853],
			"to": [5.48366, 14.61007, 9.43673],
			"rotation": {"angle": 22.5, "axis": "z", "origin": [5.26091, 14.1423, 9.34763]},
			"faces": {
				"north": {"uv": [13.5, 7, 14, 7.5], "texture": "#2"},
				"east": {"uv": [7.5, 13.5, 8, 14], "texture": "#2"},
				"south": {"uv": [13.5, 7.5, 14, 8], "texture": "#2"},
				"west": {"uv": [8, 13.5, 8.5, 14], "texture": "#2"},
				"up": {"uv": [14, 8.5, 13.5, 8], "texture": "#2"},
				"down": {"uv": [9, 13.5, 8.5, 14], "texture": "#2"}
			}
		},
		{
			"from": [5.0664, 14.47799, 9.25853],
			"to": [5.37825, 14.74529, 9.39218],
			"rotation": {"angle": -22.5, "axis": "z", "origin": [4.99958, 14.29979, 9.32536]},
			"faces": {
				"north": {"uv": [13.5, 8.5, 14, 9], "texture": "#2"},
				"east": {"uv": [9, 13.5, 9.5, 14], "texture": "#2"},
				"south": {"uv": [13.5, 9, 14, 9.5], "texture": "#2"},
				"west": {"uv": [9.5, 13.5, 10, 14], "texture": "#2"},
				"up": {"uv": [14, 10, 13.5, 9.5], "texture": "#2"},
				"down": {"uv": [10.5, 13.5, 10, 14], "texture": "#2"}
			}
		},
		{
			"from": [4.77683, 14.14386, 9.25853],
			"to": [5.22233, 14.45571, 9.39218],
			"rotation": {"angle": 0, "axis": "y", "origin": [4.99958, 14.85666, 9.32536]},
			"faces": {
				"north": {"uv": [13.5, 10, 14, 10.5], "texture": "#2"},
				"east": {"uv": [10.5, 13.5, 11, 14], "texture": "#2"},
				"south": {"uv": [13.5, 10.5, 14, 11], "texture": "#2"},
				"west": {"uv": [11, 13.5, 11.5, 14], "texture": "#2"},
				"up": {"uv": [14, 11.5, 13.5, 11], "texture": "#2"},
				"down": {"uv": [12, 13.5, 11.5, 14], "texture": "#2"}
			}
		},
		{
			"from": [4.84365, 14.40958, 9.25853],
			"to": [5.1555, 15.43423, 9.43673],
			"rotation": {"angle": 0, "axis": "y", "origin": [1.43558, 8.88538, 12.68888]},
			"faces": {
				"north": {"uv": [13.5, 11.5, 14, 12], "texture": "#2"},
				"east": {"uv": [12, 13.5, 12.5, 14], "texture": "#2"},
				"south": {"uv": [13.5, 12, 14, 12.5], "texture": "#2"},
				"west": {"uv": [12.5, 13.5, 13, 14], "texture": "#2"},
				"up": {"uv": [14, 13, 13.5, 12.5], "texture": "#2"},
				"down": {"uv": [13.5, 13.5, 13, 14], "texture": "#2"}
			}
		},
		{
			"from": [4.1754, 14.54323, 9.25853],
			"to": [4.84365, 14.85508, 9.43673],
			"rotation": {"angle": 0, "axis": "y", "origin": [4.7991, 15.25603, 9.34763]},
			"faces": {
				"north": {"uv": [13.5, 13, 14, 13.5], "texture": "#2"},
				"east": {"uv": [13.5, 13.5, 14, 14], "texture": "#2"},
				"south": {"uv": [0, 14, 0.5, 14.5], "texture": "#2"},
				"west": {"uv": [14, 0, 14.5, 0.5], "texture": "#2"},
				"up": {"uv": [1, 14.5, 0.5, 14], "texture": "#2"},
				"down": {"uv": [14.5, 0.5, 14, 1], "texture": "#2"}
			}
		},
		{
			"from": [4.6209, 14.47799, 9.25853],
			"to": [4.93275, 14.74529, 9.39218],
			"rotation": {"angle": 22.5, "axis": "z", "origin": [4.99958, 14.29979, 9.32536]},
			"faces": {
				"north": {"uv": [1, 14, 1.5, 14.5], "texture": "#2"},
				"east": {"uv": [14, 1, 14.5, 1.5], "texture": "#2"},
				"south": {"uv": [1.5, 14, 2, 14.5], "texture": "#2"},
				"west": {"uv": [14, 1.5, 14.5, 2], "texture": "#2"},
				"up": {"uv": [2.5, 14.5, 2, 14], "texture": "#2"},
				"down": {"uv": [14.5, 2, 14, 2.5], "texture": "#2"}
			}
		},
		{
			"from": [4.54956, 13.93481, 9.25853],
			"to": [4.86141, 14.64761, 9.43673],
			"rotation": {"angle": -22.5, "axis": "z", "origin": [4.66093, 14.24666, 9.34763]},
			"faces": {
				"north": {"uv": [2.5, 14, 3, 14.5], "texture": "#2"},
				"east": {"uv": [14, 2.5, 14.5, 3], "texture": "#2"},
				"south": {"uv": [3, 14, 3.5, 14.5], "texture": "#2"},
				"west": {"uv": [14, 3, 14.5, 3.5], "texture": "#2"},
				"up": {"uv": [4, 14.5, 3.5, 14], "texture": "#2"},
				"down": {"uv": [14.5, 3.5, 14, 4], "texture": "#2"}
			}
		},
		{
			"from": [4.6209, 14.43185, 6.60782],
			"to": [5.0664, 14.7437, 6.74147],
			"rotation": {"angle": 45, "axis": "z", "origin": [4.50953, 14.69915, 6.65237]},
			"faces": {
				"north": {"uv": [4, 14, 4.5, 14.5], "texture": "#2"},
				"east": {"uv": [14, 4, 14.5, 4.5], "texture": "#2"},
				"south": {"uv": [4.5, 14, 5, 14.5], "texture": "#2"},
				"west": {"uv": [14, 4.5, 14.5, 5], "texture": "#2"},
				"up": {"uv": [5.5, 14.5, 5, 14], "texture": "#2"},
				"down": {"uv": [14.5, 5, 14, 5.5], "texture": "#2"}
			}
		},
		{
			"from": [4.93275, 14.43185, 6.60782],
			"to": [5.37825, 14.7437, 6.74147],
			"rotation": {"angle": -45, "axis": "z", "origin": [5.48963, 14.69915, 6.65237]},
			"faces": {
				"north": {"uv": [5.5, 14, 6, 14.5], "texture": "#2"},
				"east": {"uv": [14, 5.5, 14.5, 6], "texture": "#2"},
				"south": {"uv": [6, 14, 6.5, 14.5], "texture": "#2"},
				"west": {"uv": [14, 6, 14.5, 6.5], "texture": "#2"},
				"up": {"uv": [7, 14.5, 6.5, 14], "texture": "#2"},
				"down": {"uv": [14.5, 6.5, 14, 7], "texture": "#2"}
			}
		},
		{
			"from": [5.1555, 14.54323, 6.56327],
			"to": [5.82375, 14.85508, 6.74147],
			"rotation": {"angle": 0, "axis": "y", "origin": [4.86593, 15.25603, 6.65237]},
			"faces": {
				"north": {"uv": [7, 14, 7.5, 14.5], "texture": "#2"},
				"east": {"uv": [14, 7, 14.5, 7.5], "texture": "#2"},
				"south": {"uv": [7.5, 14, 8, 14.5], "texture": "#2"},
				"west": {"uv": [14, 7.5, 14.5, 8], "texture": "#2"},
				"up": {"uv": [8.5, 14.5, 8, 14], "texture": "#2"},
				"down": {"uv": [14.5, 8, 14, 8.5], "texture": "#2"}
			}
		},
		{
			"from": [5.17181, 13.89727, 6.56327],
			"to": [5.48366, 14.61007, 6.74147],
			"rotation": {"angle": 22.5, "axis": "z", "origin": [5.26091, 14.1423, 6.65237]},
			"faces": {
				"north": {"uv": [8.5, 14, 9, 14.5], "texture": "#2"},
				"east": {"uv": [14, 8.5, 14.5, 9], "texture": "#2"},
				"south": {"uv": [9, 14, 9.5, 14.5], "texture": "#2"},
				"west": {"uv": [14, 9, 14.5, 9.5], "texture": "#2"},
				"up": {"uv": [10, 14.5, 9.5, 14], "texture": "#2"},
				"down": {"uv": [14.5, 9.5, 14, 10], "texture": "#2"}
			}
		},
		{
			"from": [5.0664, 14.47799, 6.60782],
			"to": [5.37825, 14.74529, 6.74147],
			"rotation": {"angle": -22.5, "axis": "z", "origin": [4.99958, 14.29979, 6.67464]},
			"faces": {
				"north": {"uv": [10, 14, 10.5, 14.5], "texture": "#2"},
				"east": {"uv": [14, 10, 14.5, 10.5], "texture": "#2"},
				"south": {"uv": [10.5, 14, 11, 14.5], "texture": "#2"},
				"west": {"uv": [14, 10.5, 14.5, 11], "texture": "#2"},
				"up": {"uv": [11.5, 14.5, 11, 14], "texture": "#2"},
				"down": {"uv": [14.5, 11, 14, 11.5], "texture": "#2"}
			}
		},
		{
			"from": [4.77683, 14.14386, 6.60782],
			"to": [5.22233, 14.45571, 6.74147],
			"rotation": {"angle": 0, "axis": "y", "origin": [4.99958, 14.85666, 6.67464]},
			"faces": {
				"north": {"uv": [11.5, 14, 12, 14.5], "texture": "#2"},
				"east": {"uv": [14, 11.5, 14.5, 12], "texture": "#2"},
				"south": {"uv": [12, 14, 12.5, 14.5], "texture": "#2"},
				"west": {"uv": [14, 12, 14.5, 12.5], "texture": "#2"},
				"up": {"uv": [13, 14.5, 12.5, 14], "texture": "#2"},
				"down": {"uv": [14.5, 12.5, 14, 13], "texture": "#2"}
			}
		},
		{
			"from": [4.84365, 14.40958, 6.56327],
			"to": [5.1555, 15.43423, 6.74147],
			"rotation": {"angle": 0, "axis": "y", "origin": [1.43558, 8.88538, 3.31112]},
			"faces": {
				"north": {"uv": [13, 14, 13.5, 14.5], "texture": "#2"},
				"east": {"uv": [14, 13, 14.5, 13.5], "texture": "#2"},
				"south": {"uv": [13.5, 14, 14, 14.5], "texture": "#2"},
				"west": {"uv": [14, 13.5, 14.5, 14], "texture": "#2"},
				"up": {"uv": [14.5, 14.5, 14, 14], "texture": "#2"},
				"down": {"uv": [0.5, 14.5, 0, 15], "texture": "#2"}
			}
		},
		{
			"from": [4.1754, 14.54323, 6.56327],
			"to": [4.84365, 14.85508, 6.74147],
			"rotation": {"angle": 0, "axis": "y", "origin": [4.7991, 15.25603, 6.65237]},
			"faces": {
				"north": {"uv": [14.5, 0, 15, 0.5], "texture": "#2"},
				"east": {"uv": [0.5, 14.5, 1, 15], "texture": "#2"},
				"south": {"uv": [14.5, 0.5, 15, 1], "texture": "#2"},
				"west": {"uv": [1, 14.5, 1.5, 15], "texture": "#2"},
				"up": {"uv": [15, 1.5, 14.5, 1], "texture": "#2"},
				"down": {"uv": [2, 14.5, 1.5, 15], "texture": "#2"}
			}
		},
		{
			"from": [4.6209, 14.47799, 6.60782],
			"to": [4.93275, 14.74529, 6.74147],
			"rotation": {"angle": 22.5, "axis": "z", "origin": [4.99958, 14.29979, 6.67464]},
			"faces": {
				"north": {"uv": [14.5, 1.5, 15, 2], "texture": "#2"},
				"east": {"uv": [2, 14.5, 2.5, 15], "texture": "#2"},
				"south": {"uv": [14.5, 2, 15, 2.5], "texture": "#2"},
				"west": {"uv": [2.5, 14.5, 3, 15], "texture": "#2"},
				"up": {"uv": [15, 3, 14.5, 2.5], "texture": "#2"},
				"down": {"uv": [3.5, 14.5, 3, 15], "texture": "#2"}
			}
		},
		{
			"from": [4.54956, 13.93481, 6.56327],
			"to": [4.86141, 14.64761, 6.74147],
			"rotation": {"angle": -22.5, "axis": "z", "origin": [4.66093, 14.24666, 6.65237]},
			"faces": {
				"north": {"uv": [14.5, 3, 15, 3.5], "texture": "#2"},
				"east": {"uv": [3.5, 14.5, 4, 15], "texture": "#2"},
				"south": {"uv": [14.5, 3.5, 15, 4], "texture": "#2"},
				"west": {"uv": [4, 14.5, 4.5, 15], "texture": "#2"},
				"up": {"uv": [15, 4.5, 14.5, 4], "texture": "#2"},
				"down": {"uv": [5, 14.5, 4.5, 15], "texture": "#2"}
			}
		},
		{
			"from": [4.90058, 12.49832, 7.01],
			"to": [6.88058, 19.42832, 8.99],
			"rotation": {"angle": 0, "axis": "y", "origin": [-2.02942, 3.58832, 16.91]},
			"faces": {
				"north": {"uv": [0, 4, 1, 7.5], "texture": "#2"},
				"east": {"uv": [4, 0, 5, 3.5], "texture": "#2"},
				"south": {"uv": [1, 4, 2, 7.5], "texture": "#2"},
				"west": {"uv": [2, 4, 3, 7.5], "texture": "#2"},
				"up": {"uv": [11.5, 1, 10.5, 0], "texture": "#2"},
				"down": {"uv": [2, 10.5, 1, 11.5], "texture": "#2"}
			}
		},
		{
			"from": [5.64308, 19.42832, 7.7525],
			"to": [6.13808, 23.38832, 8.2475],
			"rotation": {"angle": 0, "axis": "y", "origin": [-2.02942, 3.58832, 16.91]},
			"faces": {
				"north": {"uv": [10.5, 1, 11, 3], "texture": "#2"},
				"east": {"uv": [2, 10.5, 2.5, 12.5], "texture": "#2"},
				"south": {"uv": [2.5, 10.5, 3, 12.5], "texture": "#2"},
				"west": {"uv": [3, 10.5, 3.5, 12.5], "texture": "#2"},
				"up": {"uv": [15, 5, 14.5, 4.5], "texture": "#2"},
				"down": {"uv": [5.5, 14.5, 5, 15], "texture": "#2"}
			}
		},
		{
			"from": [6.13808, 20.41832, 8],
			"to": [9.10808, 23.38832, 8],
			"rotation": {"angle": 0, "axis": "y", "origin": [13.81058, 3.58832, 16.91]},
			"faces": {
				"north": {"uv": [8.5, 7, 10, 8.5], "texture": "#2"},
				"east": {"uv": [0, 0, 0, 1.5], "texture": "#2"},
				"south": {"uv": [8.5, 8.5, 10, 10], "texture": "#2"},
				"west": {"uv": [0, 0, 0, 1.5], "texture": "#2"},
				"up": {"uv": [1.5, 0, 0, 0], "texture": "#2"},
				"down": {"uv": [1.5, 0, 0, 0], "texture": "#2"}
			}
		},
		{
			"from": [10.36618, 12.02067, 7.48206],
			"to": [16.66618, 13.82067, 8.38206],
			"rotation": {"angle": 22.5, "axis": "z", "origin": [-1.33382, 4.82067, -0.16794]},
			"faces": {
				"north": {"uv": [6, 0, 9, 1], "texture": "#2"},
				"east": {"uv": [0.5, 12, 1, 13], "texture": "#2"},
				"south": {"uv": [6, 1, 9, 2], "texture": "#2"},
				"west": {"uv": [1, 12, 1.5, 13], "texture": "#2"},
				"up": {"uv": [12, 3.5, 9, 3], "texture": "#2"},
				"down": {"uv": [12, 3.5, 9, 4], "texture": "#2"}
			}
		},
		{
			"from": [10.74069, 13.5391, 7.48206],
			"to": [12.54069, 18.3541, 8.38206],
			"rotation": {"angle": 0, "axis": "y", "origin": [-0.95931, 5.4391, -0.16794]},
			"faces": {
				"north": {"uv": [3, 7, 4, 9.5], "texture": "#2"},
				"east": {"uv": [6, 9, 6.5, 11.5], "texture": "#2"},
				"south": {"uv": [7, 4, 8, 6.5], "texture": "#2"},
				"west": {"uv": [6.5, 9, 7, 11.5], "texture": "#2"},
				"up": {"uv": [13, 3.5, 12, 3], "texture": "#2"},
				"down": {"uv": [4.5, 12, 3.5, 12.5], "texture": "#2"}
			}
		},
		{
			"from": [8.94069, 14.22567, 7.48206],
			"to": [10.74069, 17.64567, 8.38206],
			"rotation": {"angle": 0, "axis": "y", "origin": [-0.95931, 5.4391, -0.16794]},
			"faces": {
				"north": {"uv": [5, 8.5, 6, 10], "texture": "#2"},
				"east": {"uv": [11, 6.5, 11.5, 8], "texture": "#2"},
				"south": {"uv": [4, 9, 5, 10.5], "texture": "#2"},
				"west": {"uv": [8, 11, 8.5, 12.5], "texture": "#2"},
				"up": {"uv": [13, 4, 12, 3.5], "texture": "#2"},
				"down": {"uv": [5.5, 12, 4.5, 12.5], "texture": "#2"}
			}
		},
		{
			"from": [2.10396, 16.14236, 7.48206],
			"to": [8.40396, 17.94236, 8.38206],
			"rotation": {"angle": -22.5, "axis": "z", "origin": [-0.59604, 5.34236, -0.16794]},
			"faces": {
				"north": {"uv": [6, 2, 9, 3], "texture": "#2"},
				"east": {"uv": [5.5, 12, 6, 13], "texture": "#2"},
				"south": {"uv": [6, 3, 9, 4], "texture": "#2"},
				"west": {"uv": [6, 12, 6.5, 13], "texture": "#2"},
				"up": {"uv": [12.5, 4.5, 9.5, 4], "texture": "#2"},
				"down": {"uv": [12.5, 4.5, 9.5, 5], "texture": "#2"}
			}
		},
		{
			"from": [6.94618, 14.90067, 7.48206],
			"to": [9.01618, 17.01567, 8.38206],
			"rotation": {"angle": 0, "axis": "y", "origin": [-0.95931, 5.4391, -0.16794]},
			"faces": {
				"north": {"uv": [3.5, 10.5, 4.5, 11.5], "texture": "#2"},
				"east": {"uv": [6.5, 12, 7, 13], "texture": "#2"},
				"south": {"uv": [7, 10.5, 8, 11.5], "texture": "#2"},
				"west": {"uv": [7, 12, 7.5, 13], "texture": "#2"},
				"up": {"uv": [10, 12.5, 9, 12], "texture": "#2"},
				"down": {"uv": [13, 10, 12, 10.5], "texture": "#2"}
			}
		},
		{
			"from": [6.96119, 10.89294, 7.5],
			"to": [9.96119, 13.39294, 8.5],
			"rotation": {"angle": 22.5, "axis": "z", "origin": [-2.03881, 3.89294, -1]},
			"faces": {
				"north": {"uv": [0, 9, 1.5, 10.5], "texture": "#2"},
				"east": {"uv": [11, 8, 11.5, 9.5], "texture": "#2"},
				"south": {"uv": [9, 0, 10.5, 1.5], "texture": "#2"},
				"west": {"uv": [8.5, 11, 9, 12.5], "texture": "#2"},
				"up": {"uv": [10.5, 11.5, 9, 11], "texture": "#2"},
				"down": {"uv": [12.5, 9.5, 11, 10], "texture": "#2"}
			}
		},
		{
			"from": [-3.03881, 16.89294, 7.5],
			"to": [-0.03881, 19.39294, 8.5],
			"rotation": {"angle": -22.5, "axis": "z", "origin": [-2.03881, 3.89294, -1]},
			"faces": {
				"north": {"uv": [1.5, 9, 3, 10.5], "texture": "#2"},
				"east": {"uv": [11, 10, 11.5, 11.5], "texture": "#2"},
				"south": {"uv": [9, 1.5, 10.5, 3], "texture": "#2"},
				"west": {"uv": [10.5, 11, 11, 12.5], "texture": "#2"},
				"up": {"uv": [1.5, 12, 0, 11.5], "texture": "#2"},
				"down": {"uv": [13, 0, 11.5, 0.5], "texture": "#2"}
			}
		}
	],
	"gui_light": "front",
	"display": {
		"thirdperson_righthand": {
			"rotation": [-60, 90, 60],
			"translation": [0, 2, -0.25],
			"scale": [0.85, 0.85, 0.85]
		},
		"thirdperson_lefthand": {
			"rotation": [-160, -90, -160],
			"translation": [0, 2.5, -0.25],
			"scale": [0.85, 0.85, 0.85]
		},
		"firstperson_righthand": {
			"rotation": [-40, 90, 25],
			"translation": [1.13, 3.2, 1.13],
			"scale": [0.68, 0.68, 0.68]
		},
		"firstperson_lefthand": {
			"rotation": [10, -90, 25],
			"translation": [1.13, 3.2, 1.13],
			"scale": [0.68, 0.68, 0.68]
		},
		"ground": {
			"rotation": [90, 0, 40],
			"translation": [-3, 0, 1.75],
			"scale": [0.85, 0.85, 0.85]
		},
		"gui": {
			"rotation": [0, 0, -42],
			"translation": [0.5, -1, 0],
			"scale": [0.64, 0.64, 0.64]
		},
		"head": {
			"rotation": [0, 0, -45],
			"translation": [3, -14.5, 3.5]
		},
		"fixed": {
			"rotation": [0, 0, 45],
			"translation": [0.75, 0.5, 0],
			"scale": [0.78, 0.78, 0.78]
		}
	},
	"groups": [
		{
			"name": "beach_axe",
			"origin": [8, 8, 8],
			"color": 0,
			"children": [
				{
					"name": "beach_pickaxe",
					"origin": [8, 8, 8],
					"color": 0,
					"children": [
						{
							"name": "cherrypickaxe",
							"origin": [8, 8, 8],
							"color": 0,
							"children": [
								{
									"name": "group",
									"origin": [0, 0, 0],
									"color": 0,
									"children": [
										0,
										1,
										2,
										3,
										4,
										5,
										6,
										7,
										8,
										9,
										10,
										11,
										12,
										13,
										14,
										15,
										16,
										17,
										18,
										19,
										20,
										21,
										22,
										23,
										24,
										25,
										26,
										27,
										28,
										29,
										30,
										31,
										32,
										33,
										34,
										35,
										36,
										37,
										38,
										39,
										40,
										41,
										42,
										43,
										44,
										45,
										46,
										47,
										48,
										49,
										50,
										51,
										52,
										53,
										{
											"name": "group",
											"origin": [8, 8, 8],
											"color": 0,
											"children": [
												{
													"name": "group",
													"origin": [8, 8, 8],
													"color": 0,
													"children": [
														{
															"name": "group",
															"origin": [8, 8, 8],
															"color": 0,
															"children": [
																{
																	"name": "group",
																	"origin": [8, 8, 8],
																	"color": 0,
																	"children": []
																}
															]
														}
													]
												}
											]
										}
									]
								}
							]
						}
					]
				},
				{
					"name": "cherryaxe",
					"origin": [8, 8, 8],
					"color": 0,
					"children": [
						{
							"name": "group",
							"origin": [0, 0, 0],
							"color": 0,
							"children": [
								{
									"name": "group",
									"origin": [8, 8, 8],
									"color": 0,
									"children": [54, 55, 56, 57, 58]
								},
								{
									"name": "group",
									"origin": [8, 8, 8],
									"color": 0,
									"children": [
										{
											"name": "group",
											"origin": [8, 8, 8],
											"color": 0,
											"children": [
												{
													"name": "group",
													"origin": [8, 8, 8],
													"color": 0,
													"children": [
														{
															"name": "group",
															"origin": [8, 8, 8],
															"color": 0,
															"children": []
														}
													]
												}
											]
										}
									]
								}
							]
						}
					]
				},
				{
					"name": "cherryaxe",
					"origin": [8, 8, 8],
					"color": 0,
					"children": [
						{
							"name": "group",
							"origin": [0, 0, 0],
							"color": 0,
							"children": [
								{
									"name": "group",
									"origin": [8, 8, 8],
									"color": 0,
									"children": [59, 60]
								},
								{
									"name": "group",
									"origin": [8, 8, 8],
									"color": 0,
									"children": [
										{
											"name": "group",
											"origin": [8, 8, 8],
											"color": 0,
											"children": [
												{
													"name": "group",
													"origin": [8, 8, 8],
													"color": 0,
													"children": [
														{
															"name": "group",
															"origin": [8, 8, 8],
															"color": 0,
															"children": []
														}
													]
												}
											]
										}
									]
								}
							]
						}
					]
				}
			]
		}
	]
}