{
	"credit": "Made with Blockbench",
	"texture_size": [32, 32],
	"textures": {
		"2": "items/tool/beach_hoe"
	},
	"elements": [
		{
			"from": [3.40798, -1.36169, 7.01],
			"to": [5.38798, 6.55831, 8.99],
			"rotation": {"angle": 0, "axis": "y", "origin": [-3.52202, 3.58831, 16.91]},
			"faces": {
				"north": {"uv": [0, 0, 1, 4], "texture": "#2"},
				"east": {"uv": [1, 0, 2, 4], "texture": "#2"},
				"south": {"uv": [2, 0, 3, 4], "texture": "#2"},
				"west": {"uv": [3, 0, 4, 4], "texture": "#2"},
				"up": {"uv": [5.5, 9.5, 4.5, 8.5], "texture": "#2"},
				"down": {"uv": [9.5, 5, 8.5, 6], "texture": "#2"}
			}
		},
		{
			"from": [3.40798, 9.52831, 7.01],
			"to": [5.38798, 10.51831, 8.99],
			"rotation": {"angle": 0, "axis": "y", "origin": [-3.52202, 3.58831, 16.91]},
			"faces": {
				"north": {"uv": [10, 8, 11, 8.5], "texture": "#2"},
				"east": {"uv": [9.5, 10, 10.5, 10.5], "texture": "#2"},
				"south": {"uv": [0, 10.5, 1, 11], "texture": "#2"},
				"west": {"uv": [10.5, 0, 11.5, 0.5], "texture": "#2"},
				"up": {"uv": [6.5, 9.5, 5.5, 8.5], "texture": "#2"},
				"down": {"uv": [9.5, 6, 8.5, 7], "texture": "#2"}
			}
		},
		{
			"from": [3.40798, 7.54831, 7.01],
			"to": [5.38798, 8.53831, 8.99],
			"rotation": {"angle": 0, "axis": "y", "origin": [-3.52202, 3.58831, 16.91]},
			"faces": {
				"north": {"uv": [10.5, 0.5, 11.5, 1], "texture": "#2"},
				"east": {"uv": [1, 10.5, 2, 11], "texture": "#2"},
				"south": {"uv": [10.5, 1, 11.5, 1.5], "texture": "#2"},
				"west": {"uv": [10.5, 1.5, 11.5, 2], "texture": "#2"},
				"up": {"uv": [7.5, 9.5, 6.5, 8.5], "texture": "#2"},
				"down": {"uv": [8.5, 8.5, 7.5, 9.5], "texture": "#2"}
			}
		},
		{
			"from": [3.60598, -2.59919, 7.208],
			"to": [5.18998, -1.36169, 8.792],
			"rotation": {"angle": 0, "axis": "y", "origin": [-3.52202, 3.58831, 16.91]},
			"faces": {
				"north": {"uv": [2, 10.5, 3, 11], "texture": "#2"},
				"east": {"uv": [3, 10.5, 4, 11], "texture": "#2"},
				"south": {"uv": [4, 10.5, 5, 11], "texture": "#2"},
				"west": {"uv": [5, 10.5, 6, 11], "texture": "#2"},
				"up": {"uv": [9.5, 9.5, 8.5, 8.5], "texture": "#2"},
				"down": {"uv": [1, 9, 0, 10], "texture": "#2"}
			}
		},
		{
			"from": [3.60598, 6.55831, 7.208],
			"to": [5.18998, 12.49831, 8.792],
			"rotation": {"angle": 0, "axis": "y", "origin": [-3.52202, 3.58831, 16.91]},
			"faces": {
				"north": {"uv": [3, 4, 4, 7], "texture": "#2"},
				"east": {"uv": [4, 3.5, 5, 6.5], "texture": "#2"},
				"south": {"uv": [5, 0, 6, 3], "texture": "#2"},
				"west": {"uv": [5, 3, 6, 6], "texture": "#2"},
				"up": {"uv": [2, 10, 1, 9], "texture": "#2"},
				"down": {"uv": [3, 9, 2, 10], "texture": "#2"}
			}
		},
		{
			"from": [3.03673, -5.35881, 6.63875],
			"to": [5.75923, -2.63631, 9.36125],
			"rotation": {"angle": 0, "axis": "y", "origin": [-4.31402, 4.41744, 17.801]},
			"faces": {
				"north": {"uv": [7, 0, 8.5, 1.5], "texture": "#2"},
				"east": {"uv": [7, 1.5, 8.5, 3], "texture": "#2"},
				"south": {"uv": [3, 7, 4.5, 8.5], "texture": "#2"},
				"west": {"uv": [7, 3, 8.5, 4.5], "texture": "#2"},
				"up": {"uv": [8.5, 6, 7, 4.5], "texture": "#2"},
				"down": {"uv": [8.5, 6, 7, 7.5], "texture": "#2"}
			}
		},
		{
			"from": [3.03673, -6.44781, 9.36125],
			"to": [5.75923, -5.35881, 9.36125],
			"rotation": {"angle": 0, "axis": "y", "origin": [-4.31402, 4.41744, 17.801]},
			"faces": {
				"north": {"uv": [8.5, 7, 10, 7.5], "texture": "#2"},
				"east": {"uv": [0, 0, 0, 0.5], "texture": "#2"},
				"south": {"uv": [9.5, 9.5, 11, 10], "texture": "#2"},
				"west": {"uv": [0, 0, 0, 0.5], "texture": "#2"},
				"up": {"uv": [1.5, 0, 0, 0], "texture": "#2"},
				"down": {"uv": [1.5, 0, 0, 0], "texture": "#2"}
			}
		},
		{
			"from": [3.03673, -6.44781, 6.63875],
			"to": [5.75923, -5.35881, 6.63875],
			"rotation": {"angle": 0, "axis": "y", "origin": [-4.31402, 4.41744, 17.801]},
			"faces": {
				"north": {"uv": [0, 10, 1.5, 10.5], "texture": "#2"},
				"east": {"uv": [0, 0, 0, 0.5], "texture": "#2"},
				"south": {"uv": [1.5, 10, 3, 10.5], "texture": "#2"},
				"west": {"uv": [0, 0, 0, 0.5], "texture": "#2"},
				"up": {"uv": [1.5, 0, 0, 0], "texture": "#2"},
				"down": {"uv": [1.5, 0, 0, 0], "texture": "#2"}
			}
		},
		{
			"from": [3.03673, -6.44781, 6.63875],
			"to": [3.03673, -5.35881, 9.36125],
			"rotation": {"angle": 0, "axis": "y", "origin": [-4.31402, 4.41744, 17.85545]},
			"faces": {
				"north": {"uv": [0, 0, 0, 0.5], "texture": "#2"},
				"east": {"uv": [10, 2, 11.5, 2.5], "texture": "#2"},
				"south": {"uv": [0, 0, 0, 0.5], "texture": "#2"},
				"west": {"uv": [10, 2.5, 11.5, 3], "texture": "#2"},
				"up": {"uv": [0, 1.5, 0, 0], "texture": "#2"},
				"down": {"uv": [0, 0, 0, 1.5], "texture": "#2"}
			}
		},
		{
			"from": [5.75923, -6.44781, 6.63875],
			"to": [5.75923, -5.35881, 9.36125],
			"rotation": {"angle": 0, "axis": "y", "origin": [-4.31402, 4.41744, 17.85545]},
			"faces": {
				"north": {"uv": [0, 0, 0, 0.5], "texture": "#2"},
				"east": {"uv": [10, 3, 11.5, 3.5], "texture": "#2"},
				"south": {"uv": [0, 0, 0, 0.5], "texture": "#2"},
				"west": {"uv": [10, 3.5, 11.5, 4], "texture": "#2"},
				"up": {"uv": [0, 1.5, 0, 0], "texture": "#2"},
				"down": {"uv": [0, 0, 0, 1.5], "texture": "#2"}
			}
		},
		{
			"from": [3.20998, 13.48831, 6.812],
			"to": [5.58598, 18.43831, 9.188],
			"rotation": {"angle": 0, "axis": "y", "origin": [-3.52202, 3.58831, 16.91]},
			"faces": {
				"north": {"uv": [6, 0, 7, 2.5], "texture": "#2"},
				"east": {"uv": [6, 2.5, 7, 5], "texture": "#2"},
				"south": {"uv": [5, 6, 6, 8.5], "texture": "#2"},
				"west": {"uv": [6, 5, 7, 7.5], "texture": "#2"},
				"up": {"uv": [4, 10.5, 3, 9.5], "texture": "#2"},
				"down": {"uv": [5, 9.5, 4, 10.5], "texture": "#2"}
			}
		},
		{
			"from": [4.68013, 16.20281, 9.18057],
			"to": [5.30383, 18.25211, 9.53697],
			"rotation": {"angle": 0, "axis": "y", "origin": [-2.13602, 5.15441, 16.04127]},
			"faces": {
				"north": {"uv": [10.5, 5, 11, 6], "texture": "#2"},
				"east": {"uv": [10.5, 6, 11, 7], "texture": "#2"},
				"south": {"uv": [7.5, 10.5, 8, 11.5], "texture": "#2"},
				"west": {"uv": [8, 10.5, 8.5, 11.5], "texture": "#2"},
				"up": {"uv": [4.5, 7, 4, 6.5], "texture": "#2"},
				"down": {"uv": [11.5, 10.5, 11, 11], "texture": "#2"}
			}
		},
		{
			"from": [3.34363, 16.47012, 9.18057],
			"to": [4.68013, 17.09382, 9.53697],
			"rotation": {"angle": 0, "axis": "z", "origin": [4.59103, 17.89572, 9.35877]},
			"faces": {
				"north": {"uv": [11, 11, 11.5, 11.5], "texture": "#2"},
				"east": {"uv": [0, 11.5, 0.5, 12], "texture": "#2"},
				"south": {"uv": [11.5, 0, 12, 0.5], "texture": "#2"},
				"west": {"uv": [0.5, 11.5, 1, 12], "texture": "#2"},
				"up": {"uv": [12, 1, 11.5, 0.5], "texture": "#2"},
				"down": {"uv": [1.5, 11.5, 1, 12], "texture": "#2"}
			}
		},
		{
			"from": [4.23463, 16.24737, 9.18057],
			"to": [5.12563, 16.87107, 9.44787],
			"rotation": {"angle": 45, "axis": "z", "origin": [4.01188, 16.78197, 9.35877]},
			"faces": {
				"north": {"uv": [11.5, 1, 12, 1.5], "texture": "#2"},
				"east": {"uv": [1.5, 11.5, 2, 12], "texture": "#2"},
				"south": {"uv": [11.5, 1.5, 12, 2], "texture": "#2"},
				"west": {"uv": [2, 11.5, 2.5, 12], "texture": "#2"},
				"up": {"uv": [12, 2.5, 11.5, 2], "texture": "#2"},
				"down": {"uv": [3, 11.5, 2.5, 12], "texture": "#2"}
			}
		},
		{
			"from": [4.54648, 15.67138, 9.18057],
			"to": [5.43748, 16.29508, 9.44787],
			"rotation": {"angle": 0, "axis": "z", "origin": [4.99198, 17.09698, 9.31422]},
			"faces": {
				"north": {"uv": [11.5, 2.5, 12, 3], "texture": "#2"},
				"east": {"uv": [3, 11.5, 3.5, 12], "texture": "#2"},
				"south": {"uv": [11.5, 3, 12, 3.5], "texture": "#2"},
				"west": {"uv": [3.5, 11.5, 4, 12], "texture": "#2"},
				"up": {"uv": [12, 4, 11.5, 3.5], "texture": "#2"},
				"down": {"uv": [12, 4, 11.5, 4.5], "texture": "#2"}
			}
		},
		{
			"from": [4.23463, 16.33963, 9.18057],
			"to": [4.85833, 16.87423, 9.44787],
			"rotation": {"angle": 22.5, "axis": "z", "origin": [4.99198, 15.98323, 9.31422]},
			"faces": {
				"north": {"uv": [11.5, 4.5, 12, 5], "texture": "#2"},
				"east": {"uv": [5, 11.5, 5.5, 12], "texture": "#2"},
				"south": {"uv": [5.5, 11.5, 6, 12], "texture": "#2"},
				"west": {"uv": [11.5, 5.5, 12, 6], "texture": "#2"},
				"up": {"uv": [6.5, 12, 6, 11.5], "texture": "#2"},
				"down": {"uv": [12, 6, 11.5, 6.5], "texture": "#2"}
			}
		},
		{
			"from": [5.12563, 16.33963, 9.18057],
			"to": [5.74933, 16.87423, 9.44787],
			"rotation": {"angle": -22.5, "axis": "z", "origin": [4.99198, 15.98323, 9.31422]},
			"faces": {
				"north": {"uv": [6.5, 11.5, 7, 12], "texture": "#2"},
				"east": {"uv": [7, 11.5, 7.5, 12], "texture": "#2"},
				"south": {"uv": [11.5, 7, 12, 7.5], "texture": "#2"},
				"west": {"uv": [7.5, 11.5, 8, 12], "texture": "#2"},
				"up": {"uv": [12, 8, 11.5, 7.5], "texture": "#2"},
				"down": {"uv": [8.5, 11.5, 8, 12], "texture": "#2"}
			}
		},
		{
			"from": [4.85833, 16.24737, 9.18057],
			"to": [5.74933, 16.87107, 9.44787],
			"rotation": {"angle": -45, "axis": "z", "origin": [5.97208, 16.78197, 9.35877]},
			"faces": {
				"north": {"uv": [11.5, 8, 12, 8.5], "texture": "#2"},
				"east": {"uv": [8.5, 11.5, 9, 12], "texture": "#2"},
				"south": {"uv": [11.5, 8.5, 12, 9], "texture": "#2"},
				"west": {"uv": [9, 11.5, 9.5, 12], "texture": "#2"},
				"up": {"uv": [10, 12, 9.5, 11.5], "texture": "#2"},
				"down": {"uv": [10.5, 11.5, 10, 12], "texture": "#2"}
			}
		},
		{
			"from": [5.30383, 16.47012, 9.18057],
			"to": [6.64033, 17.09382, 9.53697],
			"rotation": {"angle": 0, "axis": "z", "origin": [4.72468, 17.89572, 9.35877]},
			"faces": {
				"north": {"uv": [11.5, 10, 12, 10.5], "texture": "#2"},
				"east": {"uv": [10.5, 11.5, 11, 12], "texture": "#2"},
				"south": {"uv": [11.5, 10.5, 12, 11], "texture": "#2"},
				"west": {"uv": [11, 11.5, 11.5, 12], "texture": "#2"},
				"up": {"uv": [12, 11.5, 11.5, 11], "texture": "#2"},
				"down": {"uv": [12, 11.5, 11.5, 12], "texture": "#2"}
			}
		},
		{
			"from": [5.33643, 15.17822, 9.18057],
			"to": [5.96013, 16.60382, 9.53697],
			"rotation": {"angle": 22.5, "axis": "z", "origin": [5.51463, 15.66827, 9.35877]},
			"faces": {
				"north": {"uv": [0, 12, 0.5, 12.5], "texture": "#2"},
				"east": {"uv": [12, 0, 12.5, 0.5], "texture": "#2"},
				"south": {"uv": [0.5, 12, 1, 12.5], "texture": "#2"},
				"west": {"uv": [12, 0.5, 12.5, 1], "texture": "#2"},
				"up": {"uv": [1.5, 12.5, 1, 12], "texture": "#2"},
				"down": {"uv": [12.5, 1, 12, 1.5], "texture": "#2"}
			}
		},
		{
			"from": [4.09192, 15.25329, 9.18057],
			"to": [4.71562, 16.67889, 9.53697],
			"rotation": {"angle": -22.5, "axis": "z", "origin": [4.31467, 15.87699, 9.35877]},
			"faces": {
				"north": {"uv": [1.5, 12, 2, 12.5], "texture": "#2"},
				"east": {"uv": [12, 1.5, 12.5, 2], "texture": "#2"},
				"south": {"uv": [2, 12, 2.5, 12.5], "texture": "#2"},
				"west": {"uv": [12, 2, 12.5, 2.5], "texture": "#2"},
				"up": {"uv": [3, 12.5, 2.5, 12], "texture": "#2"},
				"down": {"uv": [12.5, 2.5, 12, 3], "texture": "#2"}
			}
		},
		{
			"from": [3.1283, 14.43185, 9.25854],
			"to": [3.5738, 14.7437, 9.39219],
			"rotation": {"angle": 45, "axis": "z", "origin": [3.01693, 14.69915, 9.34764]},
			"faces": {
				"north": {"uv": [3, 12, 3.5, 12.5], "texture": "#2"},
				"east": {"uv": [12, 3, 12.5, 3.5], "texture": "#2"},
				"south": {"uv": [3.5, 12, 4, 12.5], "texture": "#2"},
				"west": {"uv": [12, 3.5, 12.5, 4], "texture": "#2"},
				"up": {"uv": [4.5, 12.5, 4, 12], "texture": "#2"},
				"down": {"uv": [12.5, 4, 12, 4.5], "texture": "#2"}
			}
		},
		{
			"from": [3.44015, 14.43185, 9.25854],
			"to": [3.88565, 14.7437, 9.39219],
			"rotation": {"angle": -45, "axis": "z", "origin": [3.99703, 14.69915, 9.34764]},
			"faces": {
				"north": {"uv": [4.5, 12, 5, 12.5], "texture": "#2"},
				"east": {"uv": [12, 4.5, 12.5, 5], "texture": "#2"},
				"south": {"uv": [5, 12, 5.5, 12.5], "texture": "#2"},
				"west": {"uv": [12, 5, 12.5, 5.5], "texture": "#2"},
				"up": {"uv": [6, 12.5, 5.5, 12], "texture": "#2"},
				"down": {"uv": [12.5, 5.5, 12, 6], "texture": "#2"}
			}
		},
		{
			"from": [3.6629, 14.54323, 9.25854],
			"to": [4.33115, 14.85508, 9.43674],
			"rotation": {"angle": 0, "axis": "z", "origin": [3.37333, 15.25603, 9.34764]},
			"faces": {
				"north": {"uv": [6, 12, 6.5, 12.5], "texture": "#2"},
				"east": {"uv": [12, 6, 12.5, 6.5], "texture": "#2"},
				"south": {"uv": [6.5, 12, 7, 12.5], "texture": "#2"},
				"west": {"uv": [12, 6.5, 12.5, 7], "texture": "#2"},
				"up": {"uv": [7.5, 12.5, 7, 12], "texture": "#2"},
				"down": {"uv": [12.5, 7, 12, 7.5], "texture": "#2"}
			}
		},
		{
			"from": [3.67921, 13.89728, 9.25854],
			"to": [3.99106, 14.61008, 9.43674],
			"rotation": {"angle": 22.5, "axis": "z", "origin": [3.76831, 14.1423, 9.34764]},
			"faces": {
				"north": {"uv": [7.5, 12, 8, 12.5], "texture": "#2"},
				"east": {"uv": [12, 7.5, 12.5, 8], "texture": "#2"},
				"south": {"uv": [8, 12, 8.5, 12.5], "texture": "#2"},
				"west": {"uv": [12, 8, 12.5, 8.5], "texture": "#2"},
				"up": {"uv": [9, 12.5, 8.5, 12], "texture": "#2"},
				"down": {"uv": [12.5, 8.5, 12, 9], "texture": "#2"}
			}
		},
		{
			"from": [3.5738, 14.47798, 9.25854],
			"to": [3.88565, 14.74528, 9.39219],
			"rotation": {"angle": -22.5, "axis": "z", "origin": [3.50698, 14.29978, 9.32536]},
			"faces": {
				"north": {"uv": [9, 12, 9.5, 12.5], "texture": "#2"},
				"east": {"uv": [12, 9, 12.5, 9.5], "texture": "#2"},
				"south": {"uv": [9.5, 12, 10, 12.5], "texture": "#2"},
				"west": {"uv": [12, 9.5, 12.5, 10], "texture": "#2"},
				"up": {"uv": [10.5, 12.5, 10, 12], "texture": "#2"},
				"down": {"uv": [12.5, 10, 12, 10.5], "texture": "#2"}
			}
		},
		{
			"from": [3.28423, 14.14386, 9.25854],
			"to": [3.72973, 14.45571, 9.39219],
			"rotation": {"angle": 0, "axis": "z", "origin": [3.50698, 14.85666, 9.32536]},
			"faces": {
				"north": {"uv": [10.5, 12, 11, 12.5], "texture": "#2"},
				"east": {"uv": [12, 10.5, 12.5, 11], "texture": "#2"},
				"south": {"uv": [11, 12, 11.5, 12.5], "texture": "#2"},
				"west": {"uv": [12, 11, 12.5, 11.5], "texture": "#2"},
				"up": {"uv": [12, 12.5, 11.5, 12], "texture": "#2"},
				"down": {"uv": [12.5, 11.5, 12, 12], "texture": "#2"}
			}
		},
		{
			"from": [3.35105, 14.40958, 9.25854],
			"to": [3.6629, 15.43423, 9.43674],
			"rotation": {"angle": 0, "axis": "y", "origin": [-0.05702, 8.88538, 12.68889]},
			"faces": {
				"north": {"uv": [12, 12, 12.5, 12.5], "texture": "#2"},
				"east": {"uv": [0, 12.5, 0.5, 13], "texture": "#2"},
				"south": {"uv": [12.5, 0, 13, 0.5], "texture": "#2"},
				"west": {"uv": [0.5, 12.5, 1, 13], "texture": "#2"},
				"up": {"uv": [13, 1, 12.5, 0.5], "texture": "#2"},
				"down": {"uv": [1.5, 12.5, 1, 13], "texture": "#2"}
			}
		},
		{
			"from": [2.6828, 14.54323, 9.25854],
			"to": [3.35105, 14.85508, 9.43674],
			"rotation": {"angle": 0, "axis": "z", "origin": [3.3065, 15.25603, 9.34764]},
			"faces": {
				"north": {"uv": [12.5, 1, 13, 1.5], "texture": "#2"},
				"east": {"uv": [1.5, 12.5, 2, 13], "texture": "#2"},
				"south": {"uv": [12.5, 1.5, 13, 2], "texture": "#2"},
				"west": {"uv": [2, 12.5, 2.5, 13], "texture": "#2"},
				"up": {"uv": [13, 2.5, 12.5, 2], "texture": "#2"},
				"down": {"uv": [3, 12.5, 2.5, 13], "texture": "#2"}
			}
		},
		{
			"from": [3.1283, 14.47798, 9.25854],
			"to": [3.44015, 14.74528, 9.39219],
			"rotation": {"angle": 22.5, "axis": "z", "origin": [3.50698, 14.29978, 9.32536]},
			"faces": {
				"north": {"uv": [12.5, 2.5, 13, 3], "texture": "#2"},
				"east": {"uv": [3, 12.5, 3.5, 13], "texture": "#2"},
				"south": {"uv": [12.5, 3, 13, 3.5], "texture": "#2"},
				"west": {"uv": [3.5, 12.5, 4, 13], "texture": "#2"},
				"up": {"uv": [13, 4, 12.5, 3.5], "texture": "#2"},
				"down": {"uv": [4.5, 12.5, 4, 13], "texture": "#2"}
			}
		},
		{
			"from": [3.05695, 13.93481, 9.25854],
			"to": [3.3688, 14.64761, 9.43674],
			"rotation": {"angle": -22.5, "axis": "z", "origin": [3.16833, 14.24666, 9.34764]},
			"faces": {
				"north": {"uv": [12.5, 4, 13, 4.5], "texture": "#2"},
				"east": {"uv": [4.5, 12.5, 5, 13], "texture": "#2"},
				"south": {"uv": [12.5, 4.5, 13, 5], "texture": "#2"},
				"west": {"uv": [5, 12.5, 5.5, 13], "texture": "#2"},
				"up": {"uv": [13, 5.5, 12.5, 5], "texture": "#2"},
				"down": {"uv": [6, 12.5, 5.5, 13], "texture": "#2"}
			}
		},
		{
			"from": [4.68013, 16.20281, 6.46303],
			"to": [5.30383, 18.25211, 6.81943],
			"rotation": {"angle": 0, "axis": "y", "origin": [-2.13602, 5.15441, -0.04127]},
			"faces": {
				"north": {"uv": [8.5, 10.5, 9, 11.5], "texture": "#2"},
				"east": {"uv": [10.5, 8.5, 11, 9.5], "texture": "#2"},
				"south": {"uv": [9, 10.5, 9.5, 11.5], "texture": "#2"},
				"west": {"uv": [9.5, 10.5, 10, 11.5], "texture": "#2"},
				"up": {"uv": [13, 6, 12.5, 5.5], "texture": "#2"},
				"down": {"uv": [6.5, 12.5, 6, 13], "texture": "#2"}
			}
		},
		{
			"from": [3.34363, 16.47012, 6.46303],
			"to": [4.68013, 17.09382, 6.81943],
			"rotation": {"angle": 0, "axis": "z", "origin": [4.59103, 17.89572, 6.64123]},
			"faces": {
				"north": {"uv": [12.5, 6, 13, 6.5], "texture": "#2"},
				"east": {"uv": [6.5, 12.5, 7, 13], "texture": "#2"},
				"south": {"uv": [12.5, 6.5, 13, 7], "texture": "#2"},
				"west": {"uv": [7, 12.5, 7.5, 13], "texture": "#2"},
				"up": {"uv": [13, 7.5, 12.5, 7], "texture": "#2"},
				"down": {"uv": [8, 12.5, 7.5, 13], "texture": "#2"}
			}
		},
		{
			"from": [5.30383, 16.47012, 6.46303],
			"to": [6.64033, 17.09382, 6.81943],
			"rotation": {"angle": 0, "axis": "z", "origin": [4.72468, 17.89572, 6.64123]},
			"faces": {
				"north": {"uv": [12.5, 7.5, 13, 8], "texture": "#2"},
				"east": {"uv": [8, 12.5, 8.5, 13], "texture": "#2"},
				"south": {"uv": [12.5, 8, 13, 8.5], "texture": "#2"},
				"west": {"uv": [8.5, 12.5, 9, 13], "texture": "#2"},
				"up": {"uv": [13, 9, 12.5, 8.5], "texture": "#2"},
				"down": {"uv": [9.5, 12.5, 9, 13], "texture": "#2"}
			}
		},
		{
			"from": [5.33643, 15.17822, 6.46303],
			"to": [5.96013, 16.60382, 6.81943],
			"rotation": {"angle": 22.5, "axis": "z", "origin": [5.51463, 15.66827, 6.64123]},
			"faces": {
				"north": {"uv": [12.5, 9, 13, 9.5], "texture": "#2"},
				"east": {"uv": [9.5, 12.5, 10, 13], "texture": "#2"},
				"south": {"uv": [12.5, 9.5, 13, 10], "texture": "#2"},
				"west": {"uv": [10, 12.5, 10.5, 13], "texture": "#2"},
				"up": {"uv": [13, 10.5, 12.5, 10], "texture": "#2"},
				"down": {"uv": [11, 12.5, 10.5, 13], "texture": "#2"}
			}
		},
		{
			"from": [4.09192, 15.25329, 6.46303],
			"to": [4.71562, 16.67889, 6.81943],
			"rotation": {"angle": -22.5, "axis": "z", "origin": [4.31467, 15.87699, 6.64123]},
			"faces": {
				"north": {"uv": [12.5, 10.5, 13, 11], "texture": "#2"},
				"east": {"uv": [11, 12.5, 11.5, 13], "texture": "#2"},
				"south": {"uv": [12.5, 11, 13, 11.5], "texture": "#2"},
				"west": {"uv": [11.5, 12.5, 12, 13], "texture": "#2"},
				"up": {"uv": [13, 12, 12.5, 11.5], "texture": "#2"},
				"down": {"uv": [12.5, 12.5, 12, 13], "texture": "#2"}
			}
		},
		{
			"from": [4.23463, 16.24737, 6.55213],
			"to": [5.12563, 16.87107, 6.81943],
			"rotation": {"angle": 45, "axis": "z", "origin": [4.01188, 16.78197, 6.64123]},
			"faces": {
				"north": {"uv": [12.5, 12, 13, 12.5], "texture": "#2"},
				"east": {"uv": [12.5, 12.5, 13, 13], "texture": "#2"},
				"south": {"uv": [0, 13, 0.5, 13.5], "texture": "#2"},
				"west": {"uv": [13, 0, 13.5, 0.5], "texture": "#2"},
				"up": {"uv": [1, 13.5, 0.5, 13], "texture": "#2"},
				"down": {"uv": [13.5, 0.5, 13, 1], "texture": "#2"}
			}
		},
		{
			"from": [4.85833, 16.24737, 6.55213],
			"to": [5.74933, 16.87107, 6.81943],
			"rotation": {"angle": -45, "axis": "z", "origin": [5.97208, 16.78197, 6.64123]},
			"faces": {
				"north": {"uv": [1, 13, 1.5, 13.5], "texture": "#2"},
				"east": {"uv": [13, 1, 13.5, 1.5], "texture": "#2"},
				"south": {"uv": [1.5, 13, 2, 13.5], "texture": "#2"},
				"west": {"uv": [13, 1.5, 13.5, 2], "texture": "#2"},
				"up": {"uv": [2.5, 13.5, 2, 13], "texture": "#2"},
				"down": {"uv": [13.5, 2, 13, 2.5], "texture": "#2"}
			}
		},
		{
			"from": [4.54648, 15.67138, 6.55213],
			"to": [5.43748, 16.29508, 6.81943],
			"rotation": {"angle": 0, "axis": "z", "origin": [4.99198, 17.09698, 6.68578]},
			"faces": {
				"north": {"uv": [2.5, 13, 3, 13.5], "texture": "#2"},
				"east": {"uv": [13, 2.5, 13.5, 3], "texture": "#2"},
				"south": {"uv": [3, 13, 3.5, 13.5], "texture": "#2"},
				"west": {"uv": [13, 3, 13.5, 3.5], "texture": "#2"},
				"up": {"uv": [4, 13.5, 3.5, 13], "texture": "#2"},
				"down": {"uv": [13.5, 3.5, 13, 4], "texture": "#2"}
			}
		},
		{
			"from": [4.23463, 16.33963, 6.55213],
			"to": [4.85833, 16.87423, 6.81943],
			"rotation": {"angle": 22.5, "axis": "z", "origin": [4.99198, 15.98323, 6.68578]},
			"faces": {
				"north": {"uv": [4, 13, 4.5, 13.5], "texture": "#2"},
				"east": {"uv": [13, 4, 13.5, 4.5], "texture": "#2"},
				"south": {"uv": [4.5, 13, 5, 13.5], "texture": "#2"},
				"west": {"uv": [13, 4.5, 13.5, 5], "texture": "#2"},
				"up": {"uv": [5.5, 13.5, 5, 13], "texture": "#2"},
				"down": {"uv": [13.5, 5, 13, 5.5], "texture": "#2"}
			}
		},
		{
			"from": [5.12563, 16.33963, 6.55213],
			"to": [5.74933, 16.87423, 6.81943],
			"rotation": {"angle": -22.5, "axis": "z", "origin": [4.99198, 15.98323, 6.68578]},
			"faces": {
				"north": {"uv": [5.5, 13, 6, 13.5], "texture": "#2"},
				"east": {"uv": [13, 5.5, 13.5, 6], "texture": "#2"},
				"south": {"uv": [6, 13, 6.5, 13.5], "texture": "#2"},
				"west": {"uv": [13, 6, 13.5, 6.5], "texture": "#2"},
				"up": {"uv": [7, 13.5, 6.5, 13], "texture": "#2"},
				"down": {"uv": [13.5, 6.5, 13, 7], "texture": "#2"}
			}
		},
		{
			"from": [3.05695, 13.93481, 6.56326],
			"to": [3.3688, 14.64761, 6.74146],
			"rotation": {"angle": -22.5, "axis": "z", "origin": [3.16833, 14.24666, 6.65236]},
			"faces": {
				"north": {"uv": [7, 13, 7.5, 13.5], "texture": "#2"},
				"east": {"uv": [13, 7, 13.5, 7.5], "texture": "#2"},
				"south": {"uv": [7.5, 13, 8, 13.5], "texture": "#2"},
				"west": {"uv": [13, 7.5, 13.5, 8], "texture": "#2"},
				"up": {"uv": [8.5, 13.5, 8, 13], "texture": "#2"},
				"down": {"uv": [13.5, 8, 13, 8.5], "texture": "#2"}
			}
		},
		{
			"from": [3.1283, 14.47798, 6.60781],
			"to": [3.44015, 14.74528, 6.74146],
			"rotation": {"angle": 22.5, "axis": "z", "origin": [3.50698, 14.29978, 6.67464]},
			"faces": {
				"north": {"uv": [8.5, 13, 9, 13.5], "texture": "#2"},
				"east": {"uv": [13, 8.5, 13.5, 9], "texture": "#2"},
				"south": {"uv": [9, 13, 9.5, 13.5], "texture": "#2"},
				"west": {"uv": [13, 9, 13.5, 9.5], "texture": "#2"},
				"up": {"uv": [10, 13.5, 9.5, 13], "texture": "#2"},
				"down": {"uv": [13.5, 9.5, 13, 10], "texture": "#2"}
			}
		},
		{
			"from": [2.6828, 14.54323, 6.56326],
			"to": [3.35105, 14.85508, 6.74146],
			"rotation": {"angle": 0, "axis": "z", "origin": [3.3065, 15.25603, 6.65236]},
			"faces": {
				"north": {"uv": [10, 13, 10.5, 13.5], "texture": "#2"},
				"east": {"uv": [13, 10, 13.5, 10.5], "texture": "#2"},
				"south": {"uv": [10.5, 13, 11, 13.5], "texture": "#2"},
				"west": {"uv": [13, 10.5, 13.5, 11], "texture": "#2"},
				"up": {"uv": [11.5, 13.5, 11, 13], "texture": "#2"},
				"down": {"uv": [13.5, 11, 13, 11.5], "texture": "#2"}
			}
		},
		{
			"from": [3.35105, 14.40958, 6.56326],
			"to": [3.6629, 15.43423, 6.74146],
			"rotation": {"angle": 0, "axis": "y", "origin": [-0.05702, 8.88538, 3.31111]},
			"faces": {
				"north": {"uv": [11.5, 13, 12, 13.5], "texture": "#2"},
				"east": {"uv": [13, 11.5, 13.5, 12], "texture": "#2"},
				"south": {"uv": [12, 13, 12.5, 13.5], "texture": "#2"},
				"west": {"uv": [13, 12, 13.5, 12.5], "texture": "#2"},
				"up": {"uv": [13, 13.5, 12.5, 13], "texture": "#2"},
				"down": {"uv": [13.5, 12.5, 13, 13], "texture": "#2"}
			}
		},
		{
			"from": [3.28423, 14.14386, 6.60781],
			"to": [3.72973, 14.45571, 6.74146],
			"rotation": {"angle": 0, "axis": "z", "origin": [3.50698, 14.85666, 6.67464]},
			"faces": {
				"north": {"uv": [13, 13, 13.5, 13.5], "texture": "#2"},
				"east": {"uv": [0, 13.5, 0.5, 14], "texture": "#2"},
				"south": {"uv": [13.5, 0, 14, 0.5], "texture": "#2"},
				"west": {"uv": [0.5, 13.5, 1, 14], "texture": "#2"},
				"up": {"uv": [14, 1, 13.5, 0.5], "texture": "#2"},
				"down": {"uv": [1.5, 13.5, 1, 14], "texture": "#2"}
			}
		},
		{
			"from": [3.5738, 14.47798, 6.60781],
			"to": [3.88565, 14.74528, 6.74146],
			"rotation": {"angle": -22.5, "axis": "z", "origin": [3.50698, 14.29978, 6.67464]},
			"faces": {
				"north": {"uv": [13.5, 1, 14, 1.5], "texture": "#2"},
				"east": {"uv": [1.5, 13.5, 2, 14], "texture": "#2"},
				"south": {"uv": [13.5, 1.5, 14, 2], "texture": "#2"},
				"west": {"uv": [2, 13.5, 2.5, 14], "texture": "#2"},
				"up": {"uv": [14, 2.5, 13.5, 2], "texture": "#2"},
				"down": {"uv": [3, 13.5, 2.5, 14], "texture": "#2"}
			}
		},
		{
			"from": [3.67921, 13.89728, 6.56326],
			"to": [3.99106, 14.61008, 6.74146],
			"rotation": {"angle": 22.5, "axis": "z", "origin": [3.76831, 14.1423, 6.65236]},
			"faces": {
				"north": {"uv": [13.5, 2.5, 14, 3], "texture": "#2"},
				"east": {"uv": [3, 13.5, 3.5, 14], "texture": "#2"},
				"south": {"uv": [13.5, 3, 14, 3.5], "texture": "#2"},
				"west": {"uv": [3.5, 13.5, 4, 14], "texture": "#2"},
				"up": {"uv": [14, 4, 13.5, 3.5], "texture": "#2"},
				"down": {"uv": [4.5, 13.5, 4, 14], "texture": "#2"}
			}
		},
		{
			"from": [3.6629, 14.54323, 6.56326],
			"to": [4.33115, 14.85508, 6.74146],
			"rotation": {"angle": 0, "axis": "z", "origin": [3.37333, 15.25603, 6.65236]},
			"faces": {
				"north": {"uv": [13.5, 4, 14, 4.5], "texture": "#2"},
				"east": {"uv": [4.5, 13.5, 5, 14], "texture": "#2"},
				"south": {"uv": [13.5, 4.5, 14, 5], "texture": "#2"},
				"west": {"uv": [5, 13.5, 5.5, 14], "texture": "#2"},
				"up": {"uv": [14, 5.5, 13.5, 5], "texture": "#2"},
				"down": {"uv": [6, 13.5, 5.5, 14], "texture": "#2"}
			}
		},
		{
			"from": [3.44015, 14.43185, 6.60781],
			"to": [3.88565, 14.7437, 6.74146],
			"rotation": {"angle": -45, "axis": "z", "origin": [3.99703, 14.69915, 6.65236]},
			"faces": {
				"north": {"uv": [13.5, 5.5, 14, 6], "texture": "#2"},
				"east": {"uv": [6, 13.5, 6.5, 14], "texture": "#2"},
				"south": {"uv": [13.5, 6, 14, 6.5], "texture": "#2"},
				"west": {"uv": [6.5, 13.5, 7, 14], "texture": "#2"},
				"up": {"uv": [14, 7, 13.5, 6.5], "texture": "#2"},
				"down": {"uv": [7.5, 13.5, 7, 14], "texture": "#2"}
			}
		},
		{
			"from": [3.1283, 14.43185, 6.60781],
			"to": [3.5738, 14.7437, 6.74146],
			"rotation": {"angle": 45, "axis": "z", "origin": [3.01693, 14.69915, 6.65236]},
			"faces": {
				"north": {"uv": [13.5, 7, 14, 7.5], "texture": "#2"},
				"east": {"uv": [7.5, 13.5, 8, 14], "texture": "#2"},
				"south": {"uv": [13.5, 7.5, 14, 8], "texture": "#2"},
				"west": {"uv": [8, 13.5, 8.5, 14], "texture": "#2"},
				"up": {"uv": [14, 8.5, 13.5, 8], "texture": "#2"},
				"down": {"uv": [9, 13.5, 8.5, 14], "texture": "#2"}
			}
		},
		{
			"from": [3.40798, 12.49831, 7.01],
			"to": [5.38798, 19.42831, 8.99],
			"rotation": {"angle": 0, "axis": "y", "origin": [-3.52202, 3.58831, 16.91]},
			"faces": {
				"north": {"uv": [0, 4, 1, 7.5], "texture": "#2"},
				"east": {"uv": [4, 0, 5, 3.5], "texture": "#2"},
				"south": {"uv": [1, 4, 2, 7.5], "texture": "#2"},
				"west": {"uv": [2, 4, 3, 7.5], "texture": "#2"},
				"up": {"uv": [6, 10.5, 5, 9.5], "texture": "#2"},
				"down": {"uv": [10.5, 5, 9.5, 6], "texture": "#2"}
			}
		},
		{
			"from": [4.15048, 19.42831, 7.7525],
			"to": [4.64548, 23.38831, 8.2475],
			"rotation": {"angle": 0, "axis": "y", "origin": [-3.52202, 3.58831, 16.91]},
			"faces": {
				"north": {"uv": [4.5, 6.5, 5, 8.5], "texture": "#2"},
				"east": {"uv": [6, 9.5, 6.5, 11.5], "texture": "#2"},
				"south": {"uv": [6.5, 9.5, 7, 11.5], "texture": "#2"},
				"west": {"uv": [7, 9.5, 7.5, 11.5], "texture": "#2"},
				"up": {"uv": [14, 9, 13.5, 8.5], "texture": "#2"},
				"down": {"uv": [9.5, 13.5, 9, 14], "texture": "#2"}
			}
		},
		{
			"from": [4.64548, 20.41831, 8],
			"to": [7.61548, 23.38831, 8],
			"rotation": {"angle": 0, "axis": "y", "origin": [12.31798, 3.58831, 16.91]},
			"faces": {
				"north": {"uv": [0, 7.5, 1.5, 9], "texture": "#2"},
				"east": {"uv": [0, 0, 0, 1.5], "texture": "#2"},
				"south": {"uv": [1.5, 7.5, 3, 9], "texture": "#2"},
				"west": {"uv": [0, 0, 0, 1.5], "texture": "#2"},
				"up": {"uv": [1.5, 0, 0, 0], "texture": "#2"},
				"down": {"uv": [1.5, 0, 0, 0], "texture": "#2"}
			}
		},
		{
			"from": [4.91371, 18.42073, 7.2575],
			"to": [7.88371, 19.90573, 8.7425],
			"rotation": {"angle": -22.5, "axis": "z", "origin": [0.95371, 7.53073, 16.6625]},
			"faces": {
				"north": {"uv": [10, 4, 11.5, 4.5], "texture": "#2"},
				"east": {"uv": [13.5, 9, 14, 9.5], "texture": "#2"},
				"south": {"uv": [10, 4.5, 11.5, 5], "texture": "#2"},
				"west": {"uv": [9.5, 13.5, 10, 14], "texture": "#2"},
				"up": {"uv": [11.5, 7.5, 10, 7], "texture": "#2"},
				"down": {"uv": [11.5, 7.5, 10, 8], "texture": "#2"}
			}
		},
		{
			"from": [10.36669, 10.37174, 7.7525],
			"to": [10.86169, 11.36174, 8.2475],
			"rotation": {"angle": 45, "axis": "z", "origin": [7.89169, 16.31174, 16.415]},
			"faces": {
				"north": {"uv": [13.5, 9.5, 14, 10], "texture": "#2"},
				"east": {"uv": [10, 13.5, 10.5, 14], "texture": "#2"},
				"south": {"uv": [13.5, 10, 14, 10.5], "texture": "#2"},
				"west": {"uv": [10.5, 13.5, 11, 14], "texture": "#2"},
				"up": {"uv": [14, 11, 13.5, 10.5], "texture": "#2"},
				"down": {"uv": [11.5, 13.5, 11, 14], "texture": "#2"}
			}
		},
		{
			"from": [9.3415, 20.5617, 7.505],
			"to": [11.3215, 21.5517, 8.495],
			"rotation": {"angle": -45, "axis": "z", "origin": [4.3915, 15.6117, 16.6625]},
			"faces": {
				"north": {"uv": [10, 10.5, 11, 11], "texture": "#2"},
				"east": {"uv": [13.5, 11, 14, 11.5], "texture": "#2"},
				"south": {"uv": [10.5, 10, 11.5, 10.5], "texture": "#2"},
				"west": {"uv": [11.5, 13.5, 12, 14], "texture": "#2"},
				"up": {"uv": [1, 11.5, 0, 11], "texture": "#2"},
				"down": {"uv": [2, 11, 1, 11.5], "texture": "#2"}
			}
		},
		{
			"from": [5.38798, 15.46831, 7.01],
			"to": [9.34798, 17.44831, 8.99],
			"rotation": {"angle": 0, "axis": "y", "origin": [2.41798, 6.55831, 16.91]},
			"faces": {
				"north": {"uv": [6, 7.5, 8, 8.5], "texture": "#2"},
				"east": {"uv": [9.5, 6, 10.5, 7], "texture": "#2"},
				"south": {"uv": [8, 7.5, 10, 8.5], "texture": "#2"},
				"west": {"uv": [7.5, 9.5, 8.5, 10.5], "texture": "#2"},
				"up": {"uv": [10.5, 1, 8.5, 0], "texture": "#2"},
				"down": {"uv": [10.5, 1, 8.5, 2], "texture": "#2"}
			}
		},
		{
			"from": [-5.40302, 19.92331, 6.812],
			"to": [-4.90802, 20.41831, 9.188],
			"rotation": {"angle": -45, "axis": "z", "origin": [-3.52202, 3.58831, 16.91]},
			"faces": {
				"north": {"uv": [13.5, 11.5, 14, 12], "texture": "#2"},
				"east": {"uv": [2, 11, 3, 11.5], "texture": "#2"},
				"south": {"uv": [12, 13.5, 12.5, 14], "texture": "#2"},
				"west": {"uv": [3, 11, 4, 11.5], "texture": "#2"},
				"up": {"uv": [4.5, 12, 4, 11], "texture": "#2"},
				"down": {"uv": [5, 11, 4.5, 12], "texture": "#2"}
			}
		},
		{
			"from": [-3.42302, 21.32338, 6.812],
			"to": [-2.92802, 21.81838, 9.188],
			"rotation": {"angle": -45, "axis": "z", "origin": [-3.52202, 4.98838, 16.91]},
			"faces": {
				"north": {"uv": [13.5, 12, 14, 12.5], "texture": "#2"},
				"east": {"uv": [5, 11, 6, 11.5], "texture": "#2"},
				"south": {"uv": [12.5, 13.5, 13, 14], "texture": "#2"},
				"west": {"uv": [11, 5, 12, 5.5], "texture": "#2"},
				"up": {"uv": [11.5, 6.5, 11, 5.5], "texture": "#2"},
				"down": {"uv": [11.5, 8, 11, 9], "texture": "#2"}
			}
		},
		{
			"from": [-2.27164, 16.76192, 7.2575],
			"to": [-0.29164, 18.24692, 8.7425],
			"rotation": {"angle": -22.5, "axis": "z", "origin": [0.69836, 7.85192, -0.6625]},
			"faces": {
				"north": {"uv": [11, 6.5, 12, 7], "texture": "#2"},
				"east": {"uv": [13.5, 12.5, 14, 13], "texture": "#2"},
				"south": {"uv": [11, 9, 12, 9.5], "texture": "#2"},
				"west": {"uv": [13, 13.5, 13.5, 14], "texture": "#2"},
				"up": {"uv": [12, 10, 11, 9.5], "texture": "#2"},
				"down": {"uv": [11, 11, 10, 11.5], "texture": "#2"}
			}
		},
		{
			"from": [4.14263, 13.8095, 7.01],
			"to": [7.11263, 15.7895, 8.99],
			"rotation": {"angle": 22.5, "axis": "z", "origin": [2.16263, 6.8795, -0.91]},
			"faces": {
				"north": {"uv": [8.5, 2, 10, 3], "texture": "#2"},
				"east": {"uv": [8.5, 9.5, 9.5, 10.5], "texture": "#2"},
				"south": {"uv": [3, 8.5, 4.5, 9.5], "texture": "#2"},
				"west": {"uv": [9.5, 8.5, 10.5, 9.5], "texture": "#2"},
				"up": {"uv": [10, 4, 8.5, 3], "texture": "#2"},
				"down": {"uv": [10, 4, 8.5, 5], "texture": "#2"}
			}
		}
	],
	"gui_light": "front",
	"display": {
		"thirdperson_righthand": {
			"rotation": [-60, 90, 60],
			"translation": [0, 2.5, -1.5],
			"scale": [0.85, 0.85, 0.85]
		},
		"thirdperson_lefthand": {
			"rotation": [-160, -90, -160],
			"translation": [0, 2.5, -1.5],
			"scale": [0.85, 0.85, 0.85]
		},
		"firstperson_righthand": {
			"rotation": [-40, 90, 25],
			"translation": [1.13, 3.2, 1.13],
			"scale": [0.68, 0.68, 0.68]
		},
		"firstperson_lefthand": {
			"rotation": [10, -90, 25],
			"translation": [1.13, 3.2, 1.13],
			"scale": [0.68, 0.68, 0.68]
		},
		"ground": {
			"rotation": [90, 0, 40],
			"translation": [-3, 0, 1.75],
			"scale": [0.85, 0.85, 0.85]
		},
		"gui": {
			"rotation": [0, 0, -42],
			"translation": [1.25, -1.5, 0],
			"scale": [0.64, 0.64, 0.64]
		},
		"head": {
			"rotation": [0, 0, -45],
			"translation": [3, -14.5, 3.5]
		},
		"fixed": {
			"rotation": [0, 0, 45],
			"translation": [1.75, 1.5, 0],
			"scale": [0.78, 0.78, 0.78]
		}
	},
	"groups": [
		{
			"name": "beach_hoe",
			"origin": [8, 8, 8],
			"color": 0,
			"children": [
				{
					"name": "cherryhoe",
					"origin": [8, 8, 8],
					"color": 0,
					"children": [
						{
							"name": "group",
							"origin": [0, 0, 0],
							"color": 0,
							"children": [
								{
									"name": "group",
									"origin": [8, 8, 8],
									"color": 0,
									"children": [
										{
											"name": "group",
											"origin": [8, 8, 8],
											"color": 0,
											"children": [
												{
													"name": "group",
													"origin": [5.44856, 6.8795, -0.91],
													"color": 0,
													"children": [
														0,
														1,
														2,
														3,
														4,
														5,
														6,
														7,
														8,
														9,
														10,
														11,
														12,
														13,
														14,
														15,
														16,
														17,
														18,
														19,
														20,
														21,
														22,
														23,
														24,
														25,
														26,
														27,
														28,
														29,
														30,
														31,
														32,
														33,
														34,
														35,
														36,
														37,
														38,
														39,
														40,
														41,
														42,
														43,
														44,
														45,
														46,
														47,
														48,
														49,
														50,
														51,
														52,
														53,
														54,
														55,
														56,
														57,
														58,
														59,
														60,
														61
													]
												},
												{
													"name": "group",
													"origin": [8, 8, 8],
													"color": 0,
													"children": [
														{
															"name": "group",
															"origin": [8, 8, 8],
															"color": 0,
															"children": []
														}
													]
												}
											]
										}
									]
								}
							]
						}
					]
				}
			]
		}
	]
}