{
	"credit": "Made with Blockbench",
	"texture_size": [32, 32],
	"textures": {
		"2": "items/tool/beach_pickax"
	},
	"elements": [
		{
			"from": [7.01, -1.3617, 7.01],
			"to": [8.99, 6.55832, 8.99],
			"rotation": {"angle": 0, "axis": "y", "origin": [0.08, 3.58832, 16.91]},
			"faces": {
				"north": {"uv": [0, 0, 1, 4], "texture": "#2"},
				"east": {"uv": [1, 0, 2, 4], "texture": "#2"},
				"south": {"uv": [2, 0, 3, 4], "texture": "#2"},
				"west": {"uv": [3, 0, 4, 4], "texture": "#2"},
				"up": {"uv": [6, 9.5, 5, 8.5], "texture": "#2"},
				"down": {"uv": [9.5, 5, 8.5, 6], "texture": "#2"}
			}
		},
		{
			"from": [7.01, 9.5283, 7.01],
			"to": [8.99, 10.51832, 8.99],
			"rotation": {"angle": 0, "axis": "y", "origin": [0.08, 3.58832, 16.91]},
			"faces": {
				"north": {"uv": [3, 10.5, 4, 11], "texture": "#2"},
				"east": {"uv": [10.5, 3, 11.5, 3.5], "texture": "#2"},
				"south": {"uv": [10.5, 3.5, 11.5, 4], "texture": "#2"},
				"west": {"uv": [4, 10.5, 5, 11], "texture": "#2"},
				"up": {"uv": [7, 9.5, 6, 8.5], "texture": "#2"},
				"down": {"uv": [9.5, 6, 8.5, 7], "texture": "#2"}
			}
		},
		{
			"from": [7.01, 7.54832, 7.01],
			"to": [8.99, 8.5383, 8.99],
			"rotation": {"angle": 0, "axis": "y", "origin": [0.08, 3.58832, 16.91]},
			"faces": {
				"north": {"uv": [10.5, 4, 11.5, 4.5], "texture": "#2"},
				"east": {"uv": [10.5, 4.5, 11.5, 5], "texture": "#2"},
				"south": {"uv": [5, 10.5, 6, 11], "texture": "#2"},
				"west": {"uv": [10.5, 5, 11.5, 5.5], "texture": "#2"},
				"up": {"uv": [8, 9.5, 7, 8.5], "texture": "#2"},
				"down": {"uv": [9, 8.5, 8, 9.5], "texture": "#2"}
			}
		},
		{
			"from": [7.208, -2.5992, 7.208],
			"to": [8.792, -1.3617, 8.792],
			"rotation": {"angle": 0, "axis": "y", "origin": [0.08, 3.58832, 16.91]},
			"faces": {
				"north": {"uv": [10.5, 5.5, 11.5, 6], "texture": "#2"},
				"east": {"uv": [10.5, 6, 11.5, 6.5], "texture": "#2"},
				"south": {"uv": [10.5, 6.5, 11.5, 7], "texture": "#2"},
				"west": {"uv": [7.5, 10.5, 8.5, 11], "texture": "#2"},
				"up": {"uv": [1, 10, 0, 9], "texture": "#2"},
				"down": {"uv": [2, 9, 1, 10], "texture": "#2"}
			}
		},
		{
			"from": [7.208, 6.55832, 7.208],
			"to": [8.792, 12.49832, 8.792],
			"rotation": {"angle": 0, "axis": "y", "origin": [0.08, 3.58832, 16.91]},
			"faces": {
				"north": {"uv": [3, 4, 4, 7], "texture": "#2"},
				"east": {"uv": [4, 3.5, 5, 6.5], "texture": "#2"},
				"south": {"uv": [5, 0, 6, 3], "texture": "#2"},
				"west": {"uv": [5, 3, 6, 6], "texture": "#2"},
				"up": {"uv": [3, 10, 2, 9], "texture": "#2"},
				"down": {"uv": [10, 8.5, 9, 9.5], "texture": "#2"}
			}
		},
		{
			"from": [6.63875, -5.35881, 6.63875],
			"to": [9.36125, -2.63631, 9.36125],
			"rotation": {"angle": 0, "axis": "y", "origin": [-0.712, 4.41744, 17.801]},
			"faces": {
				"north": {"uv": [7, 0, 8.5, 1.5], "texture": "#2"},
				"east": {"uv": [7, 1.5, 8.5, 3], "texture": "#2"},
				"south": {"uv": [3, 7, 4.5, 8.5], "texture": "#2"},
				"west": {"uv": [7, 3, 8.5, 4.5], "texture": "#2"},
				"up": {"uv": [8.5, 6, 7, 4.5], "texture": "#2"},
				"down": {"uv": [8.5, 6, 7, 7.5], "texture": "#2"}
			}
		},
		{
			"from": [6.63875, -6.44782, 9.36125],
			"to": [9.36125, -5.35881, 9.36125],
			"rotation": {"angle": 0, "axis": "y", "origin": [-0.712, 4.41744, 17.801]},
			"faces": {
				"north": {"uv": [8.5, 7, 10, 7.5], "texture": "#2"},
				"east": {"uv": [0, 0, 0, 0.5], "texture": "#2"},
				"south": {"uv": [0, 10, 1.5, 10.5], "texture": "#2"},
				"west": {"uv": [0, 0, 0, 0.5], "texture": "#2"},
				"up": {"uv": [1.5, 0, 0, 0], "texture": "#2"},
				"down": {"uv": [1.5, 0, 0, 0], "texture": "#2"}
			}
		},
		{
			"from": [6.63875, -6.44782, 6.63875],
			"to": [9.36125, -5.35881, 6.63875],
			"rotation": {"angle": 0, "axis": "y", "origin": [-0.712, 4.41744, 17.801]},
			"faces": {
				"north": {"uv": [1.5, 10, 3, 10.5], "texture": "#2"},
				"east": {"uv": [0, 0, 0, 0.5], "texture": "#2"},
				"south": {"uv": [10, 7, 11.5, 7.5], "texture": "#2"},
				"west": {"uv": [0, 0, 0, 0.5], "texture": "#2"},
				"up": {"uv": [1.5, 0, 0, 0], "texture": "#2"},
				"down": {"uv": [1.5, 0, 0, 0], "texture": "#2"}
			}
		},
		{
			"from": [6.63875, -6.44782, 6.63875],
			"to": [6.63875, -5.35881, 9.36125],
			"rotation": {"angle": 0, "axis": "y", "origin": [-0.712, 4.41744, 17.85545]},
			"faces": {
				"north": {"uv": [0, 0, 0, 0.5], "texture": "#2"},
				"east": {"uv": [10, 7.5, 11.5, 8], "texture": "#2"},
				"south": {"uv": [0, 0, 0, 0.5], "texture": "#2"},
				"west": {"uv": [10, 8, 11.5, 8.5], "texture": "#2"},
				"up": {"uv": [0, 1.5, 0, 0], "texture": "#2"},
				"down": {"uv": [0, 0, 0, 1.5], "texture": "#2"}
			}
		},
		{
			"from": [9.36125, -6.44782, 6.63875],
			"to": [9.36125, -5.35881, 9.36125],
			"rotation": {"angle": 0, "axis": "y", "origin": [-0.712, 4.41744, 17.85545]},
			"faces": {
				"north": {"uv": [0, 0, 0, 0.5], "texture": "#2"},
				"east": {"uv": [10, 8.5, 11.5, 9], "texture": "#2"},
				"south": {"uv": [0, 0, 0, 0.5], "texture": "#2"},
				"west": {"uv": [10, 9, 11.5, 9.5], "texture": "#2"},
				"up": {"uv": [0, 1.5, 0, 0], "texture": "#2"},
				"down": {"uv": [0, 0, 0, 1.5], "texture": "#2"}
			}
		},
		{
			"from": [6.812, 13.48832, 6.812],
			"to": [9.188, 18.43832, 9.188],
			"rotation": {"angle": 0, "axis": "y", "origin": [0.08, 3.58832, 16.91]},
			"faces": {
				"north": {"uv": [6, 0, 7, 2.5], "texture": "#2"},
				"east": {"uv": [6, 2.5, 7, 5], "texture": "#2"},
				"south": {"uv": [5, 6, 6, 8.5], "texture": "#2"},
				"west": {"uv": [6, 5, 7, 7.5], "texture": "#2"},
				"up": {"uv": [4, 10.5, 3, 9.5], "texture": "#2"},
				"down": {"uv": [5, 9.5, 4, 10.5], "texture": "#2"}
			}
		},
		{
			"from": [8.28215, 16.20281, 9.18057],
			"to": [8.90585, 18.25211, 9.53698],
			"rotation": {"angle": 0, "axis": "y", "origin": [1.466, 5.15441, 16.04128]},
			"faces": {
				"north": {"uv": [8.5, 10.5, 9, 11.5], "texture": "#2"},
				"east": {"uv": [9, 10.5, 9.5, 11.5], "texture": "#2"},
				"south": {"uv": [9.5, 10.5, 10, 11.5], "texture": "#2"},
				"west": {"uv": [10.5, 9.5, 11, 10.5], "texture": "#2"},
				"up": {"uv": [4.5, 7, 4, 6.5], "texture": "#2"},
				"down": {"uv": [12, 7, 11.5, 7.5], "texture": "#2"}
			}
		},
		{
			"from": [6.94565, 16.47011, 9.18057],
			"to": [8.28215, 17.09381, 9.53698],
			"rotation": {"angle": 0, "axis": "z", "origin": [8.19305, 17.89571, 9.35878]},
			"faces": {
				"north": {"uv": [7.5, 11.5, 8, 12], "texture": "#2"},
				"east": {"uv": [11.5, 7.5, 12, 8], "texture": "#2"},
				"south": {"uv": [8, 11.5, 8.5, 12], "texture": "#2"},
				"west": {"uv": [11.5, 8, 12, 8.5], "texture": "#2"},
				"up": {"uv": [9, 12, 8.5, 11.5], "texture": "#2"},
				"down": {"uv": [12, 8.5, 11.5, 9], "texture": "#2"}
			}
		},
		{
			"from": [7.83665, 16.24736, 9.18057],
			"to": [8.72765, 16.87106, 9.44788],
			"rotation": {"angle": 45, "axis": "z", "origin": [7.6139, 16.78196, 9.35878]},
			"faces": {
				"north": {"uv": [9, 11.5, 9.5, 12], "texture": "#2"},
				"east": {"uv": [11.5, 9, 12, 9.5], "texture": "#2"},
				"south": {"uv": [9.5, 11.5, 10, 12], "texture": "#2"},
				"west": {"uv": [10, 11.5, 10.5, 12], "texture": "#2"},
				"up": {"uv": [11, 12, 10.5, 11.5], "texture": "#2"},
				"down": {"uv": [11.5, 11.5, 11, 12], "texture": "#2"}
			}
		},
		{
			"from": [8.1485, 15.67138, 9.18057],
			"to": [9.0395, 16.29508, 9.44788],
			"rotation": {"angle": 0, "axis": "z", "origin": [8.594, 17.09698, 9.31423]},
			"faces": {
				"north": {"uv": [11.5, 11.5, 12, 12], "texture": "#2"},
				"east": {"uv": [0, 12, 0.5, 12.5], "texture": "#2"},
				"south": {"uv": [12, 0, 12.5, 0.5], "texture": "#2"},
				"west": {"uv": [0.5, 12, 1, 12.5], "texture": "#2"},
				"up": {"uv": [12.5, 1, 12, 0.5], "texture": "#2"},
				"down": {"uv": [12.5, 1, 12, 1.5], "texture": "#2"}
			}
		},
		{
			"from": [7.83665, 16.33963, 9.18057],
			"to": [8.46035, 16.87423, 9.44788],
			"rotation": {"angle": 22.5, "axis": "z", "origin": [8.594, 15.98323, 9.31423]},
			"faces": {
				"north": {"uv": [12, 1.5, 12.5, 2], "texture": "#2"},
				"east": {"uv": [2, 12, 2.5, 12.5], "texture": "#2"},
				"south": {"uv": [12, 2, 12.5, 2.5], "texture": "#2"},
				"west": {"uv": [2.5, 12, 3, 12.5], "texture": "#2"},
				"up": {"uv": [12.5, 3, 12, 2.5], "texture": "#2"},
				"down": {"uv": [3.5, 12, 3, 12.5], "texture": "#2"}
			}
		},
		{
			"from": [8.72765, 16.33963, 9.18057],
			"to": [9.35135, 16.87423, 9.44788],
			"rotation": {"angle": -22.5, "axis": "z", "origin": [8.594, 15.98323, 9.31423]},
			"faces": {
				"north": {"uv": [12, 3, 12.5, 3.5], "texture": "#2"},
				"east": {"uv": [3.5, 12, 4, 12.5], "texture": "#2"},
				"south": {"uv": [12, 3.5, 12.5, 4], "texture": "#2"},
				"west": {"uv": [4.5, 12, 5, 12.5], "texture": "#2"},
				"up": {"uv": [12.5, 5, 12, 4.5], "texture": "#2"},
				"down": {"uv": [5.5, 12, 5, 12.5], "texture": "#2"}
			}
		},
		{
			"from": [8.46035, 16.24736, 9.18057],
			"to": [9.35135, 16.87106, 9.44788],
			"rotation": {"angle": -45, "axis": "z", "origin": [9.5741, 16.78196, 9.35878]},
			"faces": {
				"north": {"uv": [12, 5, 12.5, 5.5], "texture": "#2"},
				"east": {"uv": [6, 12, 6.5, 12.5], "texture": "#2"},
				"south": {"uv": [12, 6, 12.5, 6.5], "texture": "#2"},
				"west": {"uv": [6.5, 12, 7, 12.5], "texture": "#2"},
				"up": {"uv": [12.5, 7, 12, 6.5], "texture": "#2"},
				"down": {"uv": [12.5, 7, 12, 7.5], "texture": "#2"}
			}
		},
		{
			"from": [8.90585, 16.47011, 9.18057],
			"to": [10.24235, 17.09381, 9.53698],
			"rotation": {"angle": 0, "axis": "z", "origin": [8.3267, 17.89571, 9.35878]},
			"faces": {
				"north": {"uv": [7.5, 12, 8, 12.5], "texture": "#2"},
				"east": {"uv": [12, 7.5, 12.5, 8], "texture": "#2"},
				"south": {"uv": [8, 12, 8.5, 12.5], "texture": "#2"},
				"west": {"uv": [12, 8, 12.5, 8.5], "texture": "#2"},
				"up": {"uv": [9, 12.5, 8.5, 12], "texture": "#2"},
				"down": {"uv": [12.5, 8.5, 12, 9], "texture": "#2"}
			}
		},
		{
			"from": [8.93845, 15.17821, 9.18057],
			"to": [9.56215, 16.60381, 9.53698],
			"rotation": {"angle": 22.5, "axis": "z", "origin": [9.11665, 15.66826, 9.35878]},
			"faces": {
				"north": {"uv": [9, 12, 9.5, 12.5], "texture": "#2"},
				"east": {"uv": [12, 9, 12.5, 9.5], "texture": "#2"},
				"south": {"uv": [9.5, 12, 10, 12.5], "texture": "#2"},
				"west": {"uv": [12, 9.5, 12.5, 10], "texture": "#2"},
				"up": {"uv": [10.5, 12.5, 10, 12], "texture": "#2"},
				"down": {"uv": [12.5, 10, 12, 10.5], "texture": "#2"}
			}
		},
		{
			"from": [7.69395, 15.25329, 9.18057],
			"to": [8.31765, 16.67889, 9.53698],
			"rotation": {"angle": -22.5, "axis": "z", "origin": [7.9167, 15.87699, 9.35878]},
			"faces": {
				"north": {"uv": [10.5, 12, 11, 12.5], "texture": "#2"},
				"east": {"uv": [12, 10.5, 12.5, 11], "texture": "#2"},
				"south": {"uv": [11, 12, 11.5, 12.5], "texture": "#2"},
				"west": {"uv": [12, 11, 12.5, 11.5], "texture": "#2"},
				"up": {"uv": [12, 12.5, 11.5, 12], "texture": "#2"},
				"down": {"uv": [12.5, 11.5, 12, 12], "texture": "#2"}
			}
		},
		{
			"from": [6.73032, 14.43185, 9.25853],
			"to": [7.17582, 14.7437, 9.39218],
			"rotation": {"angle": 45, "axis": "z", "origin": [6.61895, 14.69915, 9.34763]},
			"faces": {
				"north": {"uv": [12, 12, 12.5, 12.5], "texture": "#2"},
				"east": {"uv": [0, 12.5, 0.5, 13], "texture": "#2"},
				"south": {"uv": [12.5, 0, 13, 0.5], "texture": "#2"},
				"west": {"uv": [0.5, 12.5, 1, 13], "texture": "#2"},
				"up": {"uv": [13, 1, 12.5, 0.5], "texture": "#2"},
				"down": {"uv": [1.5, 12.5, 1, 13], "texture": "#2"}
			}
		},
		{
			"from": [7.04217, 14.43185, 9.25853],
			"to": [7.48767, 14.7437, 9.39218],
			"rotation": {"angle": -45, "axis": "z", "origin": [7.59905, 14.69915, 9.34763]},
			"faces": {
				"north": {"uv": [12.5, 1, 13, 1.5], "texture": "#2"},
				"east": {"uv": [1.5, 12.5, 2, 13], "texture": "#2"},
				"south": {"uv": [12.5, 1.5, 13, 2], "texture": "#2"},
				"west": {"uv": [2, 12.5, 2.5, 13], "texture": "#2"},
				"up": {"uv": [13, 2.5, 12.5, 2], "texture": "#2"},
				"down": {"uv": [3, 12.5, 2.5, 13], "texture": "#2"}
			}
		},
		{
			"from": [7.26492, 14.54323, 9.25853],
			"to": [7.93317, 14.85508, 9.43673],
			"rotation": {"angle": 0, "axis": "z", "origin": [6.97535, 15.25603, 9.34763]},
			"faces": {
				"north": {"uv": [12.5, 2.5, 13, 3], "texture": "#2"},
				"east": {"uv": [3, 12.5, 3.5, 13], "texture": "#2"},
				"south": {"uv": [12.5, 3, 13, 3.5], "texture": "#2"},
				"west": {"uv": [3.5, 12.5, 4, 13], "texture": "#2"},
				"up": {"uv": [13, 4, 12.5, 3.5], "texture": "#2"},
				"down": {"uv": [4.5, 12.5, 4, 13], "texture": "#2"}
			}
		},
		{
			"from": [7.28123, 13.89727, 9.25853],
			"to": [7.59308, 14.61007, 9.43673],
			"rotation": {"angle": 22.5, "axis": "z", "origin": [7.37033, 14.1423, 9.34763]},
			"faces": {
				"north": {"uv": [12.5, 4, 13, 4.5], "texture": "#2"},
				"east": {"uv": [4.5, 12.5, 5, 13], "texture": "#2"},
				"south": {"uv": [12.5, 4.5, 13, 5], "texture": "#2"},
				"west": {"uv": [5, 12.5, 5.5, 13], "texture": "#2"},
				"up": {"uv": [13, 5.5, 12.5, 5], "texture": "#2"},
				"down": {"uv": [6, 12.5, 5.5, 13], "texture": "#2"}
			}
		},
		{
			"from": [7.17582, 14.47799, 9.25853],
			"to": [7.48767, 14.74529, 9.39218],
			"rotation": {"angle": -22.5, "axis": "z", "origin": [7.109, 14.29979, 9.32536]},
			"faces": {
				"north": {"uv": [12.5, 5.5, 13, 6], "texture": "#2"},
				"east": {"uv": [6, 12.5, 6.5, 13], "texture": "#2"},
				"south": {"uv": [12.5, 6, 13, 6.5], "texture": "#2"},
				"west": {"uv": [6.5, 12.5, 7, 13], "texture": "#2"},
				"up": {"uv": [13, 7, 12.5, 6.5], "texture": "#2"},
				"down": {"uv": [7.5, 12.5, 7, 13], "texture": "#2"}
			}
		},
		{
			"from": [6.88625, 14.14386, 9.25853],
			"to": [7.33175, 14.45571, 9.39218],
			"rotation": {"angle": 0, "axis": "z", "origin": [7.109, 14.85666, 9.32536]},
			"faces": {
				"north": {"uv": [12.5, 7, 13, 7.5], "texture": "#2"},
				"east": {"uv": [7.5, 12.5, 8, 13], "texture": "#2"},
				"south": {"uv": [12.5, 7.5, 13, 8], "texture": "#2"},
				"west": {"uv": [8, 12.5, 8.5, 13], "texture": "#2"},
				"up": {"uv": [13, 8.5, 12.5, 8], "texture": "#2"},
				"down": {"uv": [9, 12.5, 8.5, 13], "texture": "#2"}
			}
		},
		{
			"from": [6.95307, 14.40958, 9.25853],
			"to": [7.26492, 15.43423, 9.43673],
			"rotation": {"angle": 0, "axis": "y", "origin": [3.545, 8.88538, 12.68888]},
			"faces": {
				"north": {"uv": [12.5, 8.5, 13, 9], "texture": "#2"},
				"east": {"uv": [9, 12.5, 9.5, 13], "texture": "#2"},
				"south": {"uv": [12.5, 9, 13, 9.5], "texture": "#2"},
				"west": {"uv": [9.5, 12.5, 10, 13], "texture": "#2"},
				"up": {"uv": [13, 10, 12.5, 9.5], "texture": "#2"},
				"down": {"uv": [10.5, 12.5, 10, 13], "texture": "#2"}
			}
		},
		{
			"from": [6.28482, 14.54323, 9.25853],
			"to": [6.95307, 14.85508, 9.43673],
			"rotation": {"angle": 0, "axis": "z", "origin": [6.90852, 15.25603, 9.34763]},
			"faces": {
				"north": {"uv": [12.5, 10, 13, 10.5], "texture": "#2"},
				"east": {"uv": [10.5, 12.5, 11, 13], "texture": "#2"},
				"south": {"uv": [12.5, 10.5, 13, 11], "texture": "#2"},
				"west": {"uv": [11, 12.5, 11.5, 13], "texture": "#2"},
				"up": {"uv": [13, 11.5, 12.5, 11], "texture": "#2"},
				"down": {"uv": [12, 12.5, 11.5, 13], "texture": "#2"}
			}
		},
		{
			"from": [6.73032, 14.47799, 9.25853],
			"to": [7.04217, 14.74529, 9.39218],
			"rotation": {"angle": 22.5, "axis": "z", "origin": [7.109, 14.29979, 9.32536]},
			"faces": {
				"north": {"uv": [12.5, 11.5, 13, 12], "texture": "#2"},
				"east": {"uv": [12, 12.5, 12.5, 13], "texture": "#2"},
				"south": {"uv": [12.5, 12, 13, 12.5], "texture": "#2"},
				"west": {"uv": [12.5, 12.5, 13, 13], "texture": "#2"},
				"up": {"uv": [0.5, 13.5, 0, 13], "texture": "#2"},
				"down": {"uv": [13.5, 0, 13, 0.5], "texture": "#2"}
			}
		},
		{
			"from": [6.65898, 13.93481, 9.25853],
			"to": [6.97083, 14.64761, 9.43673],
			"rotation": {"angle": -22.5, "axis": "z", "origin": [6.77035, 14.24666, 9.34763]},
			"faces": {
				"north": {"uv": [0.5, 13, 1, 13.5], "texture": "#2"},
				"east": {"uv": [13, 0.5, 13.5, 1], "texture": "#2"},
				"south": {"uv": [1, 13, 1.5, 13.5], "texture": "#2"},
				"west": {"uv": [13, 1, 13.5, 1.5], "texture": "#2"},
				"up": {"uv": [2, 13.5, 1.5, 13], "texture": "#2"},
				"down": {"uv": [13.5, 1.5, 13, 2], "texture": "#2"}
			}
		},
		{
			"from": [8.28215, 16.20281, 6.46303],
			"to": [8.90585, 18.25211, 6.81943],
			"rotation": {"angle": 0, "axis": "y", "origin": [1.466, 5.15441, -0.04127]},
			"faces": {
				"north": {"uv": [10, 10.5, 10.5, 11.5], "texture": "#2"},
				"east": {"uv": [10.5, 10.5, 11, 11.5], "texture": "#2"},
				"south": {"uv": [0, 11, 0.5, 12], "texture": "#2"},
				"west": {"uv": [0.5, 11, 1, 12], "texture": "#2"},
				"up": {"uv": [2.5, 13.5, 2, 13], "texture": "#2"},
				"down": {"uv": [13.5, 2, 13, 2.5], "texture": "#2"}
			}
		},
		{
			"from": [6.94565, 16.47011, 6.46303],
			"to": [8.28215, 17.09381, 6.81943],
			"rotation": {"angle": 0, "axis": "z", "origin": [8.19305, 17.89571, 6.64122]},
			"faces": {
				"north": {"uv": [2.5, 13, 3, 13.5], "texture": "#2"},
				"east": {"uv": [13, 2.5, 13.5, 3], "texture": "#2"},
				"south": {"uv": [3, 13, 3.5, 13.5], "texture": "#2"},
				"west": {"uv": [13, 3, 13.5, 3.5], "texture": "#2"},
				"up": {"uv": [4, 13.5, 3.5, 13], "texture": "#2"},
				"down": {"uv": [13.5, 3.5, 13, 4], "texture": "#2"}
			}
		},
		{
			"from": [7.83665, 16.24736, 6.55213],
			"to": [8.72765, 16.87106, 6.81943],
			"rotation": {"angle": 45, "axis": "z", "origin": [7.6139, 16.78196, 6.64122]},
			"faces": {
				"north": {"uv": [4, 13, 4.5, 13.5], "texture": "#2"},
				"east": {"uv": [13, 4, 13.5, 4.5], "texture": "#2"},
				"south": {"uv": [4.5, 13, 5, 13.5], "texture": "#2"},
				"west": {"uv": [13, 4.5, 13.5, 5], "texture": "#2"},
				"up": {"uv": [5.5, 13.5, 5, 13], "texture": "#2"},
				"down": {"uv": [13.5, 5, 13, 5.5], "texture": "#2"}
			}
		},
		{
			"from": [8.1485, 15.67138, 6.55213],
			"to": [9.0395, 16.29508, 6.81943],
			"rotation": {"angle": 0, "axis": "z", "origin": [8.594, 17.09698, 6.68578]},
			"faces": {
				"north": {"uv": [5.5, 13, 6, 13.5], "texture": "#2"},
				"east": {"uv": [13, 5.5, 13.5, 6], "texture": "#2"},
				"south": {"uv": [6, 13, 6.5, 13.5], "texture": "#2"},
				"west": {"uv": [13, 6, 13.5, 6.5], "texture": "#2"},
				"up": {"uv": [7, 13.5, 6.5, 13], "texture": "#2"},
				"down": {"uv": [13.5, 6.5, 13, 7], "texture": "#2"}
			}
		},
		{
			"from": [7.83665, 16.33963, 6.55213],
			"to": [8.46035, 16.87423, 6.81943],
			"rotation": {"angle": 22.5, "axis": "z", "origin": [8.594, 15.98323, 6.68578]},
			"faces": {
				"north": {"uv": [7, 13, 7.5, 13.5], "texture": "#2"},
				"east": {"uv": [13, 7, 13.5, 7.5], "texture": "#2"},
				"south": {"uv": [7.5, 13, 8, 13.5], "texture": "#2"},
				"west": {"uv": [13, 7.5, 13.5, 8], "texture": "#2"},
				"up": {"uv": [8.5, 13.5, 8, 13], "texture": "#2"},
				"down": {"uv": [13.5, 8, 13, 8.5], "texture": "#2"}
			}
		},
		{
			"from": [8.72765, 16.33963, 6.55213],
			"to": [9.35135, 16.87423, 6.81943],
			"rotation": {"angle": -22.5, "axis": "z", "origin": [8.594, 15.98323, 6.68578]},
			"faces": {
				"north": {"uv": [8.5, 13, 9, 13.5], "texture": "#2"},
				"east": {"uv": [13, 8.5, 13.5, 9], "texture": "#2"},
				"south": {"uv": [9, 13, 9.5, 13.5], "texture": "#2"},
				"west": {"uv": [13, 9, 13.5, 9.5], "texture": "#2"},
				"up": {"uv": [10, 13.5, 9.5, 13], "texture": "#2"},
				"down": {"uv": [13.5, 9.5, 13, 10], "texture": "#2"}
			}
		},
		{
			"from": [8.46035, 16.24736, 6.55213],
			"to": [9.35135, 16.87106, 6.81943],
			"rotation": {"angle": -45, "axis": "z", "origin": [9.5741, 16.78196, 6.64122]},
			"faces": {
				"north": {"uv": [10, 13, 10.5, 13.5], "texture": "#2"},
				"east": {"uv": [13, 10, 13.5, 10.5], "texture": "#2"},
				"south": {"uv": [10.5, 13, 11, 13.5], "texture": "#2"},
				"west": {"uv": [13, 10.5, 13.5, 11], "texture": "#2"},
				"up": {"uv": [11.5, 13.5, 11, 13], "texture": "#2"},
				"down": {"uv": [13.5, 11, 13, 11.5], "texture": "#2"}
			}
		},
		{
			"from": [8.90585, 16.47011, 6.46303],
			"to": [10.24235, 17.09381, 6.81943],
			"rotation": {"angle": 0, "axis": "z", "origin": [8.3267, 17.89571, 6.64122]},
			"faces": {
				"north": {"uv": [11.5, 13, 12, 13.5], "texture": "#2"},
				"east": {"uv": [13, 11.5, 13.5, 12], "texture": "#2"},
				"south": {"uv": [12, 13, 12.5, 13.5], "texture": "#2"},
				"west": {"uv": [13, 12, 13.5, 12.5], "texture": "#2"},
				"up": {"uv": [13, 13.5, 12.5, 13], "texture": "#2"},
				"down": {"uv": [13.5, 12.5, 13, 13], "texture": "#2"}
			}
		},
		{
			"from": [8.93845, 15.17821, 6.46303],
			"to": [9.56215, 16.60381, 6.81943],
			"rotation": {"angle": 22.5, "axis": "z", "origin": [9.11665, 15.66826, 6.64122]},
			"faces": {
				"north": {"uv": [13, 13, 13.5, 13.5], "texture": "#2"},
				"east": {"uv": [0, 13.5, 0.5, 14], "texture": "#2"},
				"south": {"uv": [13.5, 0, 14, 0.5], "texture": "#2"},
				"west": {"uv": [0.5, 13.5, 1, 14], "texture": "#2"},
				"up": {"uv": [14, 1, 13.5, 0.5], "texture": "#2"},
				"down": {"uv": [1.5, 13.5, 1, 14], "texture": "#2"}
			}
		},
		{
			"from": [7.69395, 15.25329, 6.46303],
			"to": [8.31765, 16.67889, 6.81943],
			"rotation": {"angle": -22.5, "axis": "z", "origin": [7.9167, 15.87699, 6.64122]},
			"faces": {
				"north": {"uv": [13.5, 1, 14, 1.5], "texture": "#2"},
				"east": {"uv": [1.5, 13.5, 2, 14], "texture": "#2"},
				"south": {"uv": [13.5, 1.5, 14, 2], "texture": "#2"},
				"west": {"uv": [2, 13.5, 2.5, 14], "texture": "#2"},
				"up": {"uv": [14, 2.5, 13.5, 2], "texture": "#2"},
				"down": {"uv": [3, 13.5, 2.5, 14], "texture": "#2"}
			}
		},
		{
			"from": [6.73032, 14.43185, 6.60782],
			"to": [7.17582, 14.7437, 6.74147],
			"rotation": {"angle": 45, "axis": "z", "origin": [6.61895, 14.69915, 6.65237]},
			"faces": {
				"north": {"uv": [13.5, 2.5, 14, 3], "texture": "#2"},
				"east": {"uv": [3, 13.5, 3.5, 14], "texture": "#2"},
				"south": {"uv": [13.5, 3, 14, 3.5], "texture": "#2"},
				"west": {"uv": [3.5, 13.5, 4, 14], "texture": "#2"},
				"up": {"uv": [14, 4, 13.5, 3.5], "texture": "#2"},
				"down": {"uv": [4.5, 13.5, 4, 14], "texture": "#2"}
			}
		},
		{
			"from": [7.04217, 14.43185, 6.60782],
			"to": [7.48767, 14.7437, 6.74147],
			"rotation": {"angle": -45, "axis": "z", "origin": [7.59905, 14.69915, 6.65237]},
			"faces": {
				"north": {"uv": [13.5, 4, 14, 4.5], "texture": "#2"},
				"east": {"uv": [4.5, 13.5, 5, 14], "texture": "#2"},
				"south": {"uv": [13.5, 4.5, 14, 5], "texture": "#2"},
				"west": {"uv": [5, 13.5, 5.5, 14], "texture": "#2"},
				"up": {"uv": [14, 5.5, 13.5, 5], "texture": "#2"},
				"down": {"uv": [6, 13.5, 5.5, 14], "texture": "#2"}
			}
		},
		{
			"from": [7.26492, 14.54323, 6.56327],
			"to": [7.93317, 14.85508, 6.74147],
			"rotation": {"angle": 0, "axis": "z", "origin": [6.97535, 15.25603, 6.65237]},
			"faces": {
				"north": {"uv": [13.5, 5.5, 14, 6], "texture": "#2"},
				"east": {"uv": [6, 13.5, 6.5, 14], "texture": "#2"},
				"south": {"uv": [13.5, 6, 14, 6.5], "texture": "#2"},
				"west": {"uv": [6.5, 13.5, 7, 14], "texture": "#2"},
				"up": {"uv": [14, 7, 13.5, 6.5], "texture": "#2"},
				"down": {"uv": [7.5, 13.5, 7, 14], "texture": "#2"}
			}
		},
		{
			"from": [7.28123, 13.89727, 6.56327],
			"to": [7.59308, 14.61007, 6.74147],
			"rotation": {"angle": 22.5, "axis": "z", "origin": [7.37033, 14.1423, 6.65237]},
			"faces": {
				"north": {"uv": [13.5, 7, 14, 7.5], "texture": "#2"},
				"east": {"uv": [7.5, 13.5, 8, 14], "texture": "#2"},
				"south": {"uv": [13.5, 7.5, 14, 8], "texture": "#2"},
				"west": {"uv": [8, 13.5, 8.5, 14], "texture": "#2"},
				"up": {"uv": [14, 8.5, 13.5, 8], "texture": "#2"},
				"down": {"uv": [9, 13.5, 8.5, 14], "texture": "#2"}
			}
		},
		{
			"from": [7.17582, 14.47799, 6.60782],
			"to": [7.48767, 14.74529, 6.74147],
			"rotation": {"angle": -22.5, "axis": "z", "origin": [7.109, 14.29979, 6.67464]},
			"faces": {
				"north": {"uv": [13.5, 8.5, 14, 9], "texture": "#2"},
				"east": {"uv": [9, 13.5, 9.5, 14], "texture": "#2"},
				"south": {"uv": [13.5, 9, 14, 9.5], "texture": "#2"},
				"west": {"uv": [9.5, 13.5, 10, 14], "texture": "#2"},
				"up": {"uv": [14, 10, 13.5, 9.5], "texture": "#2"},
				"down": {"uv": [10.5, 13.5, 10, 14], "texture": "#2"}
			}
		},
		{
			"from": [6.88625, 14.14386, 6.60782],
			"to": [7.33175, 14.45571, 6.74147],
			"rotation": {"angle": 0, "axis": "z", "origin": [7.109, 14.85666, 6.67464]},
			"faces": {
				"north": {"uv": [13.5, 10, 14, 10.5], "texture": "#2"},
				"east": {"uv": [10.5, 13.5, 11, 14], "texture": "#2"},
				"south": {"uv": [13.5, 10.5, 14, 11], "texture": "#2"},
				"west": {"uv": [11, 13.5, 11.5, 14], "texture": "#2"},
				"up": {"uv": [14, 11.5, 13.5, 11], "texture": "#2"},
				"down": {"uv": [12, 13.5, 11.5, 14], "texture": "#2"}
			}
		},
		{
			"from": [6.95307, 14.40958, 6.56327],
			"to": [7.26492, 15.43423, 6.74147],
			"rotation": {"angle": 0, "axis": "y", "origin": [3.545, 8.88538, 3.31112]},
			"faces": {
				"north": {"uv": [13.5, 11.5, 14, 12], "texture": "#2"},
				"east": {"uv": [12, 13.5, 12.5, 14], "texture": "#2"},
				"south": {"uv": [13.5, 12, 14, 12.5], "texture": "#2"},
				"west": {"uv": [12.5, 13.5, 13, 14], "texture": "#2"},
				"up": {"uv": [14, 13, 13.5, 12.5], "texture": "#2"},
				"down": {"uv": [13.5, 13.5, 13, 14], "texture": "#2"}
			}
		},
		{
			"from": [6.28482, 14.54323, 6.56327],
			"to": [6.95307, 14.85508, 6.74147],
			"rotation": {"angle": 0, "axis": "z", "origin": [6.90852, 15.25603, 6.65237]},
			"faces": {
				"north": {"uv": [13.5, 13, 14, 13.5], "texture": "#2"},
				"east": {"uv": [13.5, 13.5, 14, 14], "texture": "#2"},
				"south": {"uv": [0, 14, 0.5, 14.5], "texture": "#2"},
				"west": {"uv": [14, 0, 14.5, 0.5], "texture": "#2"},
				"up": {"uv": [1, 14.5, 0.5, 14], "texture": "#2"},
				"down": {"uv": [14.5, 0.5, 14, 1], "texture": "#2"}
			}
		},
		{
			"from": [6.73032, 14.47799, 6.60782],
			"to": [7.04217, 14.74529, 6.74147],
			"rotation": {"angle": 22.5, "axis": "z", "origin": [7.109, 14.29979, 6.67464]},
			"faces": {
				"north": {"uv": [1, 14, 1.5, 14.5], "texture": "#2"},
				"east": {"uv": [14, 1, 14.5, 1.5], "texture": "#2"},
				"south": {"uv": [1.5, 14, 2, 14.5], "texture": "#2"},
				"west": {"uv": [14, 1.5, 14.5, 2], "texture": "#2"},
				"up": {"uv": [2.5, 14.5, 2, 14], "texture": "#2"},
				"down": {"uv": [14.5, 2, 14, 2.5], "texture": "#2"}
			}
		},
		{
			"from": [6.65898, 13.93481, 6.56327],
			"to": [6.97083, 14.64761, 6.74147],
			"rotation": {"angle": -22.5, "axis": "z", "origin": [6.77035, 14.24666, 6.65237]},
			"faces": {
				"north": {"uv": [2.5, 14, 3, 14.5], "texture": "#2"},
				"east": {"uv": [14, 2.5, 14.5, 3], "texture": "#2"},
				"south": {"uv": [3, 14, 3.5, 14.5], "texture": "#2"},
				"west": {"uv": [14, 3, 14.5, 3.5], "texture": "#2"},
				"up": {"uv": [4, 14.5, 3.5, 14], "texture": "#2"},
				"down": {"uv": [14.5, 3.5, 14, 4], "texture": "#2"}
			}
		},
		{
			"from": [7.01, 12.49832, 7.01],
			"to": [8.99, 19.42832, 8.99],
			"rotation": {"angle": 0, "axis": "y", "origin": [0.08, 3.58832, 16.91]},
			"faces": {
				"north": {"uv": [0, 4, 1, 7.5], "texture": "#2"},
				"east": {"uv": [4, 0, 5, 3.5], "texture": "#2"},
				"south": {"uv": [1, 4, 2, 7.5], "texture": "#2"},
				"west": {"uv": [2, 4, 3, 7.5], "texture": "#2"},
				"up": {"uv": [6, 10.5, 5, 9.5], "texture": "#2"},
				"down": {"uv": [10.5, 5, 9.5, 6], "texture": "#2"}
			}
		},
		{
			"from": [7.7525, 19.42832, 7.7525],
			"to": [8.2475, 23.38832, 8.2475],
			"rotation": {"angle": 0, "axis": "y", "origin": [0.08, 3.58832, 16.91]},
			"faces": {
				"north": {"uv": [4.5, 6.5, 5, 8.5], "texture": "#2"},
				"east": {"uv": [6, 9.5, 6.5, 11.5], "texture": "#2"},
				"south": {"uv": [6.5, 9.5, 7, 11.5], "texture": "#2"},
				"west": {"uv": [7, 9.5, 7.5, 11.5], "texture": "#2"},
				"up": {"uv": [4.5, 14.5, 4, 14], "texture": "#2"},
				"down": {"uv": [14.5, 4, 14, 4.5], "texture": "#2"}
			}
		},
		{
			"from": [8.2475, 20.41832, 8],
			"to": [11.2175, 23.38832, 8],
			"rotation": {"angle": 0, "axis": "y", "origin": [15.92, 3.58832, 16.91]},
			"faces": {
				"north": {"uv": [0, 7.5, 1.5, 9], "texture": "#2"},
				"east": {"uv": [0, 0, 0, 1.5], "texture": "#2"},
				"south": {"uv": [1.5, 7.5, 3, 9], "texture": "#2"},
				"west": {"uv": [0, 0, 0, 1.5], "texture": "#2"},
				"up": {"uv": [1.5, 0, 0, 0], "texture": "#2"},
				"down": {"uv": [1.5, 0, 0, 0], "texture": "#2"}
			}
		},
		{
			"from": [3.8278, 13.95187, 7.2575],
			"to": [6.7978, 15.43687, 8.7425],
			"rotation": {"angle": 22.5, "axis": "z", "origin": [-0.1322, 7.02187, 16.91]},
			"faces": {
				"north": {"uv": [0, 10.5, 1.5, 11], "texture": "#2"},
				"east": {"uv": [4.5, 14, 5, 14.5], "texture": "#2"},
				"south": {"uv": [10.5, 0, 12, 0.5], "texture": "#2"},
				"west": {"uv": [14, 4.5, 14.5, 5], "texture": "#2"},
				"up": {"uv": [12, 1, 10.5, 0.5], "texture": "#2"},
				"down": {"uv": [12, 1, 10.5, 1.5], "texture": "#2"}
			}
		},
		{
			"from": [-5.34396, 11.58136, 7.7525],
			"to": [-4.84896, 12.57136, 8.2475],
			"rotation": {"angle": -45, "axis": "z", "origin": [-0.39396, 8.61136, 17.1575]},
			"faces": {
				"north": {"uv": [5, 14, 5.5, 14.5], "texture": "#2"},
				"east": {"uv": [14, 5, 14.5, 5.5], "texture": "#2"},
				"south": {"uv": [5.5, 14, 6, 14.5], "texture": "#2"},
				"west": {"uv": [14, 5.5, 14.5, 6], "texture": "#2"},
				"up": {"uv": [6.5, 14.5, 6, 14], "texture": "#2"},
				"down": {"uv": [14.5, 6, 14, 6.5], "texture": "#2"}
			}
		},
		{
			"from": [4.55604, 12.16128, 7.505],
			"to": [6.53604, 13.15128, 8.495],
			"rotation": {"angle": 45, "axis": "z", "origin": [-0.39396, 7.21128, 16.91]},
			"faces": {
				"north": {"uv": [1, 11, 2, 11.5], "texture": "#2"},
				"east": {"uv": [6.5, 14, 7, 14.5], "texture": "#2"},
				"south": {"uv": [2, 11, 3, 11.5], "texture": "#2"},
				"west": {"uv": [14, 6.5, 14.5, 7], "texture": "#2"},
				"up": {"uv": [4, 11.5, 3, 11], "texture": "#2"},
				"down": {"uv": [5, 11, 4, 11.5], "texture": "#2"}
			}
		},
		{
			"from": [3.05, 15.46832, 7.01],
			"to": [7.01, 17.44832, 8.99],
			"rotation": {"angle": 0, "axis": "y", "origin": [0.08, 6.55832, 16.91]},
			"faces": {
				"north": {"uv": [6, 7.5, 8, 8.5], "texture": "#2"},
				"east": {"uv": [9.5, 6, 10.5, 7], "texture": "#2"},
				"south": {"uv": [8, 7.5, 10, 8.5], "texture": "#2"},
				"west": {"uv": [7.5, 9.5, 8.5, 10.5], "texture": "#2"},
				"up": {"uv": [10.5, 1, 8.5, 0], "texture": "#2"},
				"down": {"uv": [10.5, 1, 8.5, 2], "texture": "#2"}
			}
		},
		{
			"from": [8.51573, 18.42073, 7.2575],
			"to": [11.48573, 19.90573, 8.7425],
			"rotation": {"angle": -22.5, "axis": "z", "origin": [4.55573, 7.53073, 16.6625]},
			"faces": {
				"north": {"uv": [1.5, 10.5, 3, 11], "texture": "#2"},
				"east": {"uv": [7, 14, 7.5, 14.5], "texture": "#2"},
				"south": {"uv": [10.5, 1.5, 12, 2], "texture": "#2"},
				"west": {"uv": [14, 7, 14.5, 7.5], "texture": "#2"},
				"up": {"uv": [12, 2.5, 10.5, 2], "texture": "#2"},
				"down": {"uv": [12, 2.5, 10.5, 3], "texture": "#2"}
			}
		},
		{
			"from": [13.96871, 10.37174, 7.7525],
			"to": [14.46371, 11.36174, 8.2475],
			"rotation": {"angle": 45, "axis": "z", "origin": [11.49371, 16.31174, 16.415]},
			"faces": {
				"north": {"uv": [7.5, 14, 8, 14.5], "texture": "#2"},
				"east": {"uv": [14, 7.5, 14.5, 8], "texture": "#2"},
				"south": {"uv": [8, 14, 8.5, 14.5], "texture": "#2"},
				"west": {"uv": [14, 8, 14.5, 8.5], "texture": "#2"},
				"up": {"uv": [9, 14.5, 8.5, 14], "texture": "#2"},
				"down": {"uv": [14.5, 8.5, 14, 9], "texture": "#2"}
			}
		},
		{
			"from": [12.94353, 20.5617, 7.505],
			"to": [14.92353, 21.5517, 8.495],
			"rotation": {"angle": -45, "axis": "z", "origin": [7.99353, 15.6117, 16.6625]},
			"faces": {
				"north": {"uv": [5, 11, 6, 11.5], "texture": "#2"},
				"east": {"uv": [9, 14, 9.5, 14.5], "texture": "#2"},
				"south": {"uv": [7.5, 11, 8.5, 11.5], "texture": "#2"},
				"west": {"uv": [14, 9, 14.5, 9.5], "texture": "#2"},
				"up": {"uv": [12, 10, 11, 9.5], "texture": "#2"},
				"down": {"uv": [12, 10, 11, 10.5], "texture": "#2"}
			}
		},
		{
			"from": [8.99, 15.46832, 7.01],
			"to": [12.95, 17.44832, 8.99],
			"rotation": {"angle": 0, "axis": "y", "origin": [6.02, 6.55832, 16.91]},
			"faces": {
				"north": {"uv": [8.5, 2, 10.5, 3], "texture": "#2"},
				"east": {"uv": [8.5, 9.5, 9.5, 10.5], "texture": "#2"},
				"south": {"uv": [3, 8.5, 5, 9.5], "texture": "#2"},
				"west": {"uv": [9.5, 9.5, 10.5, 10.5], "texture": "#2"},
				"up": {"uv": [10.5, 4, 8.5, 3], "texture": "#2"},
				"down": {"uv": [10.5, 4, 8.5, 5], "texture": "#2"}
			}
		},
		{
			"from": [-5.563, 16.1613, 6.812],
			"to": [-5.068, 16.6563, 9.188],
			"rotation": {"angle": -45, "axis": "z", "origin": [0.08, 3.58832, 16.91]},
			"faces": {
				"north": {"uv": [9.5, 14, 10, 14.5], "texture": "#2"},
				"east": {"uv": [11, 10.5, 12, 11], "texture": "#2"},
				"south": {"uv": [14, 9.5, 14.5, 10], "texture": "#2"},
				"west": {"uv": [11, 11, 12, 11.5], "texture": "#2"},
				"up": {"uv": [1.5, 12.5, 1, 11.5], "texture": "#2"},
				"down": {"uv": [2, 11.5, 1.5, 12.5], "texture": "#2"}
			}
		},
		{
			"from": [-1.801, 19.92332, 6.812],
			"to": [-1.306, 20.41832, 9.188],
			"rotation": {"angle": -45, "axis": "z", "origin": [0.08, 3.58832, 16.91]},
			"faces": {
				"north": {"uv": [10, 14, 10.5, 14.5], "texture": "#2"},
				"east": {"uv": [2, 11.5, 3, 12], "texture": "#2"},
				"south": {"uv": [14, 10, 14.5, 10.5], "texture": "#2"},
				"west": {"uv": [3, 11.5, 4, 12], "texture": "#2"},
				"up": {"uv": [12, 4, 11.5, 3], "texture": "#2"},
				"down": {"uv": [4.5, 11.5, 4, 12.5], "texture": "#2"}
			}
		},
		{
			"from": [0.179, 21.32337, 6.812],
			"to": [0.674, 21.81837, 9.188],
			"rotation": {"angle": -45, "axis": "z", "origin": [0.08, 4.98837, 16.91]},
			"faces": {
				"north": {"uv": [10.5, 14, 11, 14.5], "texture": "#2"},
				"east": {"uv": [11.5, 4, 12.5, 4.5], "texture": "#2"},
				"south": {"uv": [14, 10.5, 14.5, 11], "texture": "#2"},
				"west": {"uv": [4.5, 11.5, 5.5, 12], "texture": "#2"},
				"up": {"uv": [12, 5.5, 11.5, 4.5], "texture": "#2"},
				"down": {"uv": [6, 11.5, 5.5, 12.5], "texture": "#2"}
			}
		},
		{
			"from": [-5.563, 15.58137, 6.812],
			"to": [-5.068, 16.07637, 9.188],
			"rotation": {"angle": -45, "axis": "z", "origin": [0.08, 4.98837, 16.91]},
			"faces": {
				"north": {"uv": [11, 14, 11.5, 14.5], "texture": "#2"},
				"east": {"uv": [11.5, 5.5, 12.5, 6], "texture": "#2"},
				"south": {"uv": [14, 11, 14.5, 11.5], "texture": "#2"},
				"west": {"uv": [6, 11.5, 7, 12], "texture": "#2"},
				"up": {"uv": [12, 7, 11.5, 6], "texture": "#2"},
				"down": {"uv": [7.5, 11.5, 7, 12.5], "texture": "#2"}
			}
		}
	],
	"gui_light": "front",
	"display": {
		"thirdperson_righthand": {
			"rotation": [-60, 90, 60],
			"translation": [0, 2, 1.5],
			"scale": [0.85, 0.85, 0.85]
		},
		"thirdperson_lefthand": {
			"rotation": [-60, 90, 60],
			"translation": [0, 2, 1.5],
			"scale": [0.85, 0.85, 0.85]
		},
		"firstperson_righthand": {
			"rotation": [10, -90, 25],
			"translation": [1.13, 3.2, 1.13],
			"scale": [0.68, 0.68, 0.68]
		},
		"firstperson_lefthand": {
			"rotation": [10, -90, 25],
			"translation": [1.13, 3.2, 1.13],
			"scale": [0.68, 0.68, 0.68]
		},
		"ground": {
			"rotation": [-90, 0, 40],
			"translation": [-3, 0, 1.75],
			"scale": [0.85, 0.85, 0.85]
		},
		"gui": {
			"rotation": [0, 0, -45],
			"translation": [-0.25, 0, 0],
			"scale": [0.64, 0.64, 0.64]
		},
		"head": {
			"rotation": [0, 0, -45],
			"translation": [2.75, -16, 3.5]
		},
		"fixed": {
			"rotation": [0, 180, -45],
			"translation": [0.25, 0, 0],
			"scale": [0.78, 0.78, 0.78]
		}
	},
	"groups": [
		{
			"name": "beach_pickaxe",
			"origin": [8, 8, 8],
			"color": 0,
			"children": [
				{
					"name": "beach_pickaxe",
					"origin": [8, 8, 8],
					"color": 0,
					"children": [
						{
							"name": "cherrypickaxe",
							"origin": [8, 8, 8],
							"color": 0,
							"children": [
								{
									"name": "group",
									"origin": [0, 0, 0],
									"color": 0,
									"children": [
										0,
										1,
										2,
										3,
										4,
										5,
										6,
										7,
										8,
										9,
										10,
										11,
										12,
										13,
										14,
										15,
										16,
										17,
										18,
										19,
										20,
										21,
										22,
										23,
										24,
										25,
										26,
										27,
										28,
										29,
										30,
										31,
										32,
										33,
										34,
										35,
										36,
										37,
										38,
										39,
										40,
										41,
										42,
										43,
										44,
										45,
										46,
										47,
										48,
										49,
										50,
										51,
										52,
										53,
										{
											"name": "group",
											"origin": [8, 8, 8],
											"color": 0,
											"children": [
												54,
												55,
												56,
												57,
												{
													"name": "group",
													"origin": [8, 8, 8],
													"color": 0,
													"children": [
														58,
														59,
														60,
														61,
														{
															"name": "group",
															"origin": [8, 8, 8],
															"color": 0,
															"children": [
																{
																	"name": "group",
																	"origin": [8, 8, 8],
																	"color": 0,
																	"children": [62, 63, 64, 65]
																}
															]
														}
													]
												}
											]
										}
									]
								}
							]
						}
					]
				}
			]
		}
	]
}