{
	"credit": "Made with Blockbench",
	"texture_size": [32, 32],
	"textures": {
		"2": "items/tool/beach_shovels"
	},
	"elements": [
		{
			"from": [6.91348, -2.89926, 7.01],
			"to": [8.89348, 5.02076, 8.99],
			"rotation": {"angle": 0, "axis": "y", "origin": [-0.01652, 2.05076, 16.91]},
			"faces": {
				"north": {"uv": [3, 0, 4, 4], "texture": "#2"},
				"east": {"uv": [4, 0, 5, 4], "texture": "#2"},
				"south": {"uv": [3, 4, 4, 8], "texture": "#2"},
				"west": {"uv": [4, 4, 5, 8], "texture": "#2"},
				"up": {"uv": [9.5, 1.5, 8.5, 0.5], "texture": "#2"},
				"down": {"uv": [9.5, 1.5, 8.5, 2.5], "texture": "#2"}
			}
		},
		{
			"from": [6.91348, 6.01076, 7.01],
			"to": [8.89348, 7.00074, 8.99],
			"rotation": {"angle": 0, "axis": "y", "origin": [-0.01652, 2.05076, 16.91]},
			"faces": {
				"north": {"uv": [10, 10, 11, 10.5], "texture": "#2"},
				"east": {"uv": [0.5, 10.5, 1.5, 11], "texture": "#2"},
				"south": {"uv": [10.5, 0.5, 11.5, 1], "texture": "#2"},
				"west": {"uv": [10.5, 1, 11.5, 1.5], "texture": "#2"},
				"up": {"uv": [9.5, 3.5, 8.5, 2.5], "texture": "#2"},
				"down": {"uv": [9.5, 3.5, 8.5, 4.5], "texture": "#2"}
			}
		},
		{
			"from": [7.11148, -4.13676, 7.208],
			"to": [8.69548, -2.89926, 8.792],
			"rotation": {"angle": 0, "axis": "y", "origin": [-0.01652, 2.05076, 16.91]},
			"faces": {
				"north": {"uv": [1.5, 10.5, 2.5, 11], "texture": "#2"},
				"east": {"uv": [10.5, 1.5, 11.5, 2], "texture": "#2"},
				"south": {"uv": [10.5, 2, 11.5, 2.5], "texture": "#2"},
				"west": {"uv": [10.5, 2.5, 11.5, 3], "texture": "#2"},
				"up": {"uv": [6, 9.5, 5, 8.5], "texture": "#2"},
				"down": {"uv": [9.5, 6, 8.5, 7], "texture": "#2"}
			}
		},
		{
			"from": [7.11148, 5.02076, 7.208],
			"to": [8.69548, 7.96076, 8.792],
			"rotation": {"angle": 0, "axis": "y", "origin": [-0.01652, 2.05076, 16.91]},
			"faces": {
				"north": {"uv": [7.5, 6, 8.5, 7.5], "texture": "#2"},
				"east": {"uv": [7.5, 7.5, 8.5, 9], "texture": "#2"},
				"south": {"uv": [3, 8, 4, 9.5], "texture": "#2"},
				"west": {"uv": [4, 8, 5, 9.5], "texture": "#2"},
				"up": {"uv": [9.5, 8, 8.5, 7], "texture": "#2"},
				"down": {"uv": [9.5, 8, 8.5, 9], "texture": "#2"}
			}
		},
		{
			"from": [6.54223, -6.89637, 6.63875],
			"to": [9.26473, -4.17387, 9.36125],
			"rotation": {"angle": 0, "axis": "y", "origin": [-0.80852, 2.87988, 17.801]},
			"faces": {
				"north": {"uv": [6, 5, 7.5, 6.5], "texture": "#2"},
				"east": {"uv": [6, 6.5, 7.5, 8], "texture": "#2"},
				"south": {"uv": [7, 0, 8.5, 1.5], "texture": "#2"},
				"west": {"uv": [7, 1.5, 8.5, 3], "texture": "#2"},
				"up": {"uv": [8.5, 4.5, 7, 3], "texture": "#2"},
				"down": {"uv": [9, 4.5, 7.5, 6], "texture": "#2"}
			}
		},
		{
			"from": [6.54223, -7.98538, 9.36125],
			"to": [9.26473, -6.89637, 9.36125],
			"rotation": {"angle": 0, "axis": "y", "origin": [-0.80852, 2.87988, 17.801]},
			"faces": {
				"north": {"uv": [10, 5.5, 11.5, 6], "texture": "#2"},
				"east": {"uv": [0, 0, 0, 0.5], "texture": "#2"},
				"south": {"uv": [10, 6, 11.5, 6.5], "texture": "#2"},
				"west": {"uv": [0, 0, 0, 0.5], "texture": "#2"},
				"up": {"uv": [1.5, 0, 0, 0], "texture": "#2"},
				"down": {"uv": [1.5, 0, 0, 0], "texture": "#2"}
			}
		},
		{
			"from": [6.54223, -7.98538, 6.63875],
			"to": [9.26473, -6.89637, 6.63875],
			"rotation": {"angle": 0, "axis": "y", "origin": [-0.80852, 2.87988, 17.801]},
			"faces": {
				"north": {"uv": [10, 6.5, 11.5, 7], "texture": "#2"},
				"east": {"uv": [0, 0, 0, 0.5], "texture": "#2"},
				"south": {"uv": [7, 10, 8.5, 10.5], "texture": "#2"},
				"west": {"uv": [0, 0, 0, 0.5], "texture": "#2"},
				"up": {"uv": [1.5, 0, 0, 0], "texture": "#2"},
				"down": {"uv": [1.5, 0, 0, 0], "texture": "#2"}
			}
		},
		{
			"from": [6.54223, -7.98538, 6.63875],
			"to": [6.54223, -6.89637, 9.36125],
			"rotation": {"angle": 0, "axis": "y", "origin": [-0.80852, 2.87988, 17.85545]},
			"faces": {
				"north": {"uv": [0, 0, 0, 0.5], "texture": "#2"},
				"east": {"uv": [10, 7, 11.5, 7.5], "texture": "#2"},
				"south": {"uv": [0, 0, 0, 0.5], "texture": "#2"},
				"west": {"uv": [8.5, 10, 10, 10.5], "texture": "#2"},
				"up": {"uv": [0, 1.5, 0, 0], "texture": "#2"},
				"down": {"uv": [0, 0, 0, 1.5], "texture": "#2"}
			}
		},
		{
			"from": [9.26473, -7.98538, 6.63875],
			"to": [9.26473, -6.89637, 9.36125],
			"rotation": {"angle": 0, "axis": "y", "origin": [-0.80852, 2.87988, 17.85545]},
			"faces": {
				"north": {"uv": [0, 0, 0, 0.5], "texture": "#2"},
				"east": {"uv": [10, 9, 11.5, 9.5], "texture": "#2"},
				"south": {"uv": [0, 0, 0, 0.5], "texture": "#2"},
				"west": {"uv": [10, 9.5, 11.5, 10], "texture": "#2"},
				"up": {"uv": [0, 1.5, 0, 0], "texture": "#2"},
				"down": {"uv": [0, 0, 0, 1.5], "texture": "#2"}
			}
		},
		{
			"from": [6.71548, 8.95076, 6.812],
			"to": [9.09148, 13.90076, 9.188],
			"rotation": {"angle": 0, "axis": "y", "origin": [-0.01652, -0.94924, 16.91]},
			"faces": {
				"north": {"uv": [5, 3.5, 6, 6], "texture": "#2"},
				"east": {"uv": [6, 0, 7, 2.5], "texture": "#2"},
				"south": {"uv": [6, 2.5, 7, 5], "texture": "#2"},
				"west": {"uv": [5, 6, 6, 8.5], "texture": "#2"},
				"up": {"uv": [1, 10, 0, 9], "texture": "#2"},
				"down": {"uv": [2, 9, 1, 10], "texture": "#2"}
			}
		},
		{
			"from": [8.18563, 11.66525, 9.18057],
			"to": [8.80933, 13.71455, 9.53698],
			"rotation": {"angle": 0, "axis": "y", "origin": [1.36948, 0.61685, 16.04128]},
			"faces": {
				"north": {"uv": [7, 8, 7.5, 9], "texture": "#2"},
				"east": {"uv": [2.5, 10, 3, 11], "texture": "#2"},
				"south": {"uv": [6, 10.5, 6.5, 11.5], "texture": "#2"},
				"west": {"uv": [6.5, 10.5, 7, 11.5], "texture": "#2"},
				"up": {"uv": [7.5, 5, 7, 4.5], "texture": "#2"},
				"down": {"uv": [9.5, 5.5, 9, 6], "texture": "#2"}
			}
		},
		{
			"from": [6.84913, 11.93255, 9.18057],
			"to": [8.18563, 12.55625, 9.53698],
			"rotation": {"angle": 0, "axis": "y", "origin": [8.09653, 13.35815, 9.35878]},
			"faces": {
				"north": {"uv": [2.5, 11, 3, 11.5], "texture": "#2"},
				"east": {"uv": [11, 10.5, 11.5, 11], "texture": "#2"},
				"south": {"uv": [11, 11, 11.5, 11.5], "texture": "#2"},
				"west": {"uv": [11.5, 0, 12, 0.5], "texture": "#2"},
				"up": {"uv": [1, 12, 0.5, 11.5], "texture": "#2"},
				"down": {"uv": [12, 0.5, 11.5, 1], "texture": "#2"}
			}
		},
		{
			"from": [7.74013, 11.7098, 9.18057],
			"to": [8.63113, 12.3335, 9.44788],
			"rotation": {"angle": 45, "axis": "z", "origin": [7.51738, 12.2444, 9.35878]},
			"faces": {
				"north": {"uv": [1, 11.5, 1.5, 12], "texture": "#2"},
				"east": {"uv": [11.5, 1, 12, 1.5], "texture": "#2"},
				"south": {"uv": [1.5, 11.5, 2, 12], "texture": "#2"},
				"west": {"uv": [11.5, 1.5, 12, 2], "texture": "#2"},
				"up": {"uv": [2.5, 12, 2, 11.5], "texture": "#2"},
				"down": {"uv": [12, 2, 11.5, 2.5], "texture": "#2"}
			}
		},
		{
			"from": [8.05198, 11.13382, 9.18057],
			"to": [8.94298, 11.75752, 9.44788],
			"rotation": {"angle": 0, "axis": "y", "origin": [8.49748, 12.55942, 9.31423]},
			"faces": {
				"north": {"uv": [2.5, 11.5, 3, 12], "texture": "#2"},
				"east": {"uv": [11.5, 2.5, 12, 3], "texture": "#2"},
				"south": {"uv": [3, 11.5, 3.5, 12], "texture": "#2"},
				"west": {"uv": [11.5, 3, 12, 3.5], "texture": "#2"},
				"up": {"uv": [4, 12, 3.5, 11.5], "texture": "#2"},
				"down": {"uv": [12, 3.5, 11.5, 4], "texture": "#2"}
			}
		},
		{
			"from": [7.74013, 11.80207, 9.18057],
			"to": [8.36383, 12.33667, 9.44788],
			"rotation": {"angle": 22.5, "axis": "z", "origin": [8.49748, 11.44567, 9.31423]},
			"faces": {
				"north": {"uv": [4, 11.5, 4.5, 12], "texture": "#2"},
				"east": {"uv": [11.5, 4, 12, 4.5], "texture": "#2"},
				"south": {"uv": [4.5, 11.5, 5, 12], "texture": "#2"},
				"west": {"uv": [5, 11.5, 5.5, 12], "texture": "#2"},
				"up": {"uv": [6, 12, 5.5, 11.5], "texture": "#2"},
				"down": {"uv": [12, 5.5, 11.5, 6], "texture": "#2"}
			}
		},
		{
			"from": [8.63113, 11.80207, 9.18057],
			"to": [9.25483, 12.33667, 9.44788],
			"rotation": {"angle": -22.5, "axis": "z", "origin": [8.49748, 11.44567, 9.31423]},
			"faces": {
				"north": {"uv": [6, 11.5, 6.5, 12], "texture": "#2"},
				"east": {"uv": [11.5, 6, 12, 6.5], "texture": "#2"},
				"south": {"uv": [6.5, 11.5, 7, 12], "texture": "#2"},
				"west": {"uv": [11.5, 6.5, 12, 7], "texture": "#2"},
				"up": {"uv": [7.5, 12, 7, 11.5], "texture": "#2"},
				"down": {"uv": [12, 7, 11.5, 7.5], "texture": "#2"}
			}
		},
		{
			"from": [8.36383, 11.7098, 9.18057],
			"to": [9.25483, 12.3335, 9.44788],
			"rotation": {"angle": -45, "axis": "z", "origin": [9.47758, 12.2444, 9.35878]},
			"faces": {
				"north": {"uv": [7.5, 11.5, 8, 12], "texture": "#2"},
				"east": {"uv": [11.5, 7.5, 12, 8], "texture": "#2"},
				"south": {"uv": [8, 11.5, 8.5, 12], "texture": "#2"},
				"west": {"uv": [11.5, 8, 12, 8.5], "texture": "#2"},
				"up": {"uv": [9, 12, 8.5, 11.5], "texture": "#2"},
				"down": {"uv": [12, 8.5, 11.5, 9], "texture": "#2"}
			}
		},
		{
			"from": [8.80933, 11.93255, 9.18057],
			"to": [10.14583, 12.55625, 9.53698],
			"rotation": {"angle": 0, "axis": "y", "origin": [8.23018, 13.35815, 9.35878]},
			"faces": {
				"north": {"uv": [9, 11.5, 9.5, 12], "texture": "#2"},
				"east": {"uv": [11.5, 9, 12, 9.5], "texture": "#2"},
				"south": {"uv": [9.5, 11.5, 10, 12], "texture": "#2"},
				"west": {"uv": [11.5, 9.5, 12, 10], "texture": "#2"},
				"up": {"uv": [10.5, 12, 10, 11.5], "texture": "#2"},
				"down": {"uv": [11, 11.5, 10.5, 12], "texture": "#2"}
			}
		},
		{
			"from": [8.84193, 10.64065, 9.18057],
			"to": [9.46563, 12.06625, 9.53698],
			"rotation": {"angle": 22.5, "axis": "z", "origin": [9.02013, 11.1307, 9.35878]},
			"faces": {
				"north": {"uv": [11.5, 10.5, 12, 11], "texture": "#2"},
				"east": {"uv": [11, 11.5, 11.5, 12], "texture": "#2"},
				"south": {"uv": [11.5, 11, 12, 11.5], "texture": "#2"},
				"west": {"uv": [11.5, 11.5, 12, 12], "texture": "#2"},
				"up": {"uv": [0.5, 12.5, 0, 12], "texture": "#2"},
				"down": {"uv": [12.5, 0, 12, 0.5], "texture": "#2"}
			}
		},
		{
			"from": [7.59743, 10.71573, 9.18057],
			"to": [8.22113, 12.14133, 9.53698],
			"rotation": {"angle": -22.5, "axis": "z", "origin": [7.82018, 11.33943, 9.35878]},
			"faces": {
				"north": {"uv": [0.5, 12, 1, 12.5], "texture": "#2"},
				"east": {"uv": [12, 0.5, 12.5, 1], "texture": "#2"},
				"south": {"uv": [1, 12, 1.5, 12.5], "texture": "#2"},
				"west": {"uv": [12, 1, 12.5, 1.5], "texture": "#2"},
				"up": {"uv": [2, 12.5, 1.5, 12], "texture": "#2"},
				"down": {"uv": [12.5, 1.5, 12, 2], "texture": "#2"}
			}
		},
		{
			"from": [8.18563, 11.91525, 6.46303],
			"to": [8.80933, 13.96455, 6.81943],
			"rotation": {"angle": 0, "axis": "y", "origin": [1.36948, 0.86685, -0.04127]},
			"faces": {
				"north": {"uv": [7, 10.5, 7.5, 11.5], "texture": "#2"},
				"east": {"uv": [7.5, 10.5, 8, 11.5], "texture": "#2"},
				"south": {"uv": [8, 10.5, 8.5, 11.5], "texture": "#2"},
				"west": {"uv": [8.5, 10.5, 9, 11.5], "texture": "#2"},
				"up": {"uv": [2.5, 12.5, 2, 12], "texture": "#2"},
				"down": {"uv": [12.5, 2, 12, 2.5], "texture": "#2"}
			}
		},
		{
			"from": [6.84913, 11.93255, 6.46303],
			"to": [8.18563, 12.55625, 6.81943],
			"rotation": {"angle": 0, "axis": "y", "origin": [8.09653, 13.35815, 6.64122]},
			"faces": {
				"north": {"uv": [2.5, 12, 3, 12.5], "texture": "#2"},
				"east": {"uv": [12, 2.5, 12.5, 3], "texture": "#2"},
				"south": {"uv": [3, 12, 3.5, 12.5], "texture": "#2"},
				"west": {"uv": [12, 3, 12.5, 3.5], "texture": "#2"},
				"up": {"uv": [4, 12.5, 3.5, 12], "texture": "#2"},
				"down": {"uv": [12.5, 3.5, 12, 4], "texture": "#2"}
			}
		},
		{
			"from": [7.74013, 11.7098, 6.55213],
			"to": [8.63113, 12.3335, 6.81943],
			"rotation": {"angle": 45, "axis": "z", "origin": [7.51738, 12.2444, 6.64122]},
			"faces": {
				"north": {"uv": [4, 12, 4.5, 12.5], "texture": "#2"},
				"east": {"uv": [12, 4, 12.5, 4.5], "texture": "#2"},
				"south": {"uv": [4.5, 12, 5, 12.5], "texture": "#2"},
				"west": {"uv": [12, 4.5, 12.5, 5], "texture": "#2"},
				"up": {"uv": [5.5, 12.5, 5, 12], "texture": "#2"},
				"down": {"uv": [12.5, 5, 12, 5.5], "texture": "#2"}
			}
		},
		{
			"from": [8.05198, 11.13382, 6.55213],
			"to": [8.94298, 11.75752, 6.81943],
			"rotation": {"angle": 0, "axis": "y", "origin": [8.49748, 12.55942, 6.68578]},
			"faces": {
				"north": {"uv": [5.5, 12, 6, 12.5], "texture": "#2"},
				"east": {"uv": [12, 5.5, 12.5, 6], "texture": "#2"},
				"south": {"uv": [6, 12, 6.5, 12.5], "texture": "#2"},
				"west": {"uv": [12, 6, 12.5, 6.5], "texture": "#2"},
				"up": {"uv": [7, 12.5, 6.5, 12], "texture": "#2"},
				"down": {"uv": [12.5, 6.5, 12, 7], "texture": "#2"}
			}
		},
		{
			"from": [7.74013, 11.80207, 6.55213],
			"to": [8.36383, 12.33667, 6.81943],
			"rotation": {"angle": 22.5, "axis": "z", "origin": [8.49748, 11.44567, 6.68578]},
			"faces": {
				"north": {"uv": [7, 12, 7.5, 12.5], "texture": "#2"},
				"east": {"uv": [12, 7, 12.5, 7.5], "texture": "#2"},
				"south": {"uv": [7.5, 12, 8, 12.5], "texture": "#2"},
				"west": {"uv": [12, 7.5, 12.5, 8], "texture": "#2"},
				"up": {"uv": [8.5, 12.5, 8, 12], "texture": "#2"},
				"down": {"uv": [12.5, 8, 12, 8.5], "texture": "#2"}
			}
		},
		{
			"from": [8.63113, 11.80207, 6.55213],
			"to": [9.25483, 12.33667, 6.81943],
			"rotation": {"angle": -22.5, "axis": "z", "origin": [8.49748, 11.44567, 6.68578]},
			"faces": {
				"north": {"uv": [8.5, 12, 9, 12.5], "texture": "#2"},
				"east": {"uv": [12, 8.5, 12.5, 9], "texture": "#2"},
				"south": {"uv": [9, 12, 9.5, 12.5], "texture": "#2"},
				"west": {"uv": [12, 9, 12.5, 9.5], "texture": "#2"},
				"up": {"uv": [10, 12.5, 9.5, 12], "texture": "#2"},
				"down": {"uv": [12.5, 9.5, 12, 10], "texture": "#2"}
			}
		},
		{
			"from": [8.36383, 11.7098, 6.55213],
			"to": [9.25483, 12.3335, 6.81943],
			"rotation": {"angle": -45, "axis": "z", "origin": [9.47758, 12.2444, 6.64122]},
			"faces": {
				"north": {"uv": [10, 12, 10.5, 12.5], "texture": "#2"},
				"east": {"uv": [12, 10, 12.5, 10.5], "texture": "#2"},
				"south": {"uv": [10.5, 12, 11, 12.5], "texture": "#2"},
				"west": {"uv": [12, 10.5, 12.5, 11], "texture": "#2"},
				"up": {"uv": [11.5, 12.5, 11, 12], "texture": "#2"},
				"down": {"uv": [12.5, 11, 12, 11.5], "texture": "#2"}
			}
		},
		{
			"from": [8.80933, 11.93255, 6.46303],
			"to": [10.14583, 12.55625, 6.81943],
			"rotation": {"angle": 0, "axis": "y", "origin": [8.23018, 13.35815, 6.64122]},
			"faces": {
				"north": {"uv": [11.5, 12, 12, 12.5], "texture": "#2"},
				"east": {"uv": [12, 11.5, 12.5, 12], "texture": "#2"},
				"south": {"uv": [12, 12, 12.5, 12.5], "texture": "#2"},
				"west": {"uv": [0, 12.5, 0.5, 13], "texture": "#2"},
				"up": {"uv": [13, 0.5, 12.5, 0], "texture": "#2"},
				"down": {"uv": [1, 12.5, 0.5, 13], "texture": "#2"}
			}
		},
		{
			"from": [8.84193, 10.64065, 6.46303],
			"to": [9.46563, 12.06625, 6.81943],
			"rotation": {"angle": 22.5, "axis": "z", "origin": [9.02013, 11.1307, 6.64122]},
			"faces": {
				"north": {"uv": [12.5, 0.5, 13, 1], "texture": "#2"},
				"east": {"uv": [1, 12.5, 1.5, 13], "texture": "#2"},
				"south": {"uv": [12.5, 1, 13, 1.5], "texture": "#2"},
				"west": {"uv": [1.5, 12.5, 2, 13], "texture": "#2"},
				"up": {"uv": [13, 2, 12.5, 1.5], "texture": "#2"},
				"down": {"uv": [2.5, 12.5, 2, 13], "texture": "#2"}
			}
		},
		{
			"from": [7.59743, 10.71573, 6.46303],
			"to": [8.22113, 12.14133, 6.81943],
			"rotation": {"angle": -22.5, "axis": "z", "origin": [7.82018, 11.33943, 6.64122]},
			"faces": {
				"north": {"uv": [12.5, 2, 13, 2.5], "texture": "#2"},
				"east": {"uv": [2.5, 12.5, 3, 13], "texture": "#2"},
				"south": {"uv": [12.5, 2.5, 13, 3], "texture": "#2"},
				"west": {"uv": [3, 12.5, 3.5, 13], "texture": "#2"},
				"up": {"uv": [13, 3.5, 12.5, 3], "texture": "#2"},
				"down": {"uv": [4, 12.5, 3.5, 13], "texture": "#2"}
			}
		},
		{
			"from": [6.6338, 9.89429, 9.25853],
			"to": [7.0793, 10.20614, 9.39218],
			"rotation": {"angle": 45, "axis": "z", "origin": [6.52243, 10.16159, 9.34763]},
			"faces": {
				"north": {"uv": [12.5, 3.5, 13, 4], "texture": "#2"},
				"east": {"uv": [4, 12.5, 4.5, 13], "texture": "#2"},
				"south": {"uv": [12.5, 4, 13, 4.5], "texture": "#2"},
				"west": {"uv": [4.5, 12.5, 5, 13], "texture": "#2"},
				"up": {"uv": [13, 5, 12.5, 4.5], "texture": "#2"},
				"down": {"uv": [5.5, 12.5, 5, 13], "texture": "#2"}
			}
		},
		{
			"from": [6.94565, 9.89429, 9.25853],
			"to": [7.39115, 10.20614, 9.39218],
			"rotation": {"angle": -45, "axis": "z", "origin": [7.50253, 10.16159, 9.34763]},
			"faces": {
				"north": {"uv": [12.5, 5, 13, 5.5], "texture": "#2"},
				"east": {"uv": [5.5, 12.5, 6, 13], "texture": "#2"},
				"south": {"uv": [12.5, 5.5, 13, 6], "texture": "#2"},
				"west": {"uv": [6, 12.5, 6.5, 13], "texture": "#2"},
				"up": {"uv": [13, 6.5, 12.5, 6], "texture": "#2"},
				"down": {"uv": [7, 12.5, 6.5, 13], "texture": "#2"}
			}
		},
		{
			"from": [7.1684, 10.00567, 9.25853],
			"to": [7.83665, 10.31752, 9.43673],
			"rotation": {"angle": 0, "axis": "y", "origin": [6.87883, 10.71847, 9.34763]},
			"faces": {
				"north": {"uv": [12.5, 6.5, 13, 7], "texture": "#2"},
				"east": {"uv": [7, 12.5, 7.5, 13], "texture": "#2"},
				"south": {"uv": [12.5, 7, 13, 7.5], "texture": "#2"},
				"west": {"uv": [7.5, 12.5, 8, 13], "texture": "#2"},
				"up": {"uv": [13, 8, 12.5, 7.5], "texture": "#2"},
				"down": {"uv": [8.5, 12.5, 8, 13], "texture": "#2"}
			}
		},
		{
			"from": [7.18471, 9.35971, 9.25853],
			"to": [7.49656, 10.07251, 9.43673],
			"rotation": {"angle": 22.5, "axis": "z", "origin": [7.27381, 9.60474, 9.34763]},
			"faces": {
				"north": {"uv": [12.5, 8, 13, 8.5], "texture": "#2"},
				"east": {"uv": [8.5, 12.5, 9, 13], "texture": "#2"},
				"south": {"uv": [12.5, 8.5, 13, 9], "texture": "#2"},
				"west": {"uv": [9, 12.5, 9.5, 13], "texture": "#2"},
				"up": {"uv": [13, 9.5, 12.5, 9], "texture": "#2"},
				"down": {"uv": [10, 12.5, 9.5, 13], "texture": "#2"}
			}
		},
		{
			"from": [7.0793, 9.94043, 9.25853],
			"to": [7.39115, 10.20773, 9.39218],
			"rotation": {"angle": -22.5, "axis": "z", "origin": [7.01248, 9.76223, 9.32536]},
			"faces": {
				"north": {"uv": [12.5, 9.5, 13, 10], "texture": "#2"},
				"east": {"uv": [10, 12.5, 10.5, 13], "texture": "#2"},
				"south": {"uv": [12.5, 10, 13, 10.5], "texture": "#2"},
				"west": {"uv": [10.5, 12.5, 11, 13], "texture": "#2"},
				"up": {"uv": [13, 11, 12.5, 10.5], "texture": "#2"},
				"down": {"uv": [11.5, 12.5, 11, 13], "texture": "#2"}
			}
		},
		{
			"from": [6.78973, 9.6063, 9.25853],
			"to": [7.23523, 9.91815, 9.39218],
			"rotation": {"angle": 0, "axis": "y", "origin": [7.01248, 10.3191, 9.32536]},
			"faces": {
				"north": {"uv": [12.5, 11, 13, 11.5], "texture": "#2"},
				"east": {"uv": [11.5, 12.5, 12, 13], "texture": "#2"},
				"south": {"uv": [12.5, 11.5, 13, 12], "texture": "#2"},
				"west": {"uv": [12, 12.5, 12.5, 13], "texture": "#2"},
				"up": {"uv": [13, 12.5, 12.5, 12], "texture": "#2"},
				"down": {"uv": [13, 12.5, 12.5, 13], "texture": "#2"}
			}
		},
		{
			"from": [6.85655, 9.87202, 9.25853],
			"to": [7.1684, 10.89667, 9.43673],
			"rotation": {"angle": 0, "axis": "y", "origin": [3.44848, 4.34782, 12.68888]},
			"faces": {
				"north": {"uv": [0, 13, 0.5, 13.5], "texture": "#2"},
				"east": {"uv": [13, 0, 13.5, 0.5], "texture": "#2"},
				"south": {"uv": [0.5, 13, 1, 13.5], "texture": "#2"},
				"west": {"uv": [13, 0.5, 13.5, 1], "texture": "#2"},
				"up": {"uv": [1.5, 13.5, 1, 13], "texture": "#2"},
				"down": {"uv": [13.5, 1, 13, 1.5], "texture": "#2"}
			}
		},
		{
			"from": [6.1883, 10.00567, 9.25853],
			"to": [6.85655, 10.31752, 9.43673],
			"rotation": {"angle": 0, "axis": "y", "origin": [6.812, 10.71847, 9.34763]},
			"faces": {
				"north": {"uv": [1.5, 13, 2, 13.5], "texture": "#2"},
				"east": {"uv": [13, 1.5, 13.5, 2], "texture": "#2"},
				"south": {"uv": [2, 13, 2.5, 13.5], "texture": "#2"},
				"west": {"uv": [13, 2, 13.5, 2.5], "texture": "#2"},
				"up": {"uv": [3, 13.5, 2.5, 13], "texture": "#2"},
				"down": {"uv": [13.5, 2.5, 13, 3], "texture": "#2"}
			}
		},
		{
			"from": [6.6338, 9.94043, 9.25853],
			"to": [6.94565, 10.20773, 9.39218],
			"rotation": {"angle": 22.5, "axis": "z", "origin": [7.01248, 9.76223, 9.32536]},
			"faces": {
				"north": {"uv": [3, 13, 3.5, 13.5], "texture": "#2"},
				"east": {"uv": [13, 3, 13.5, 3.5], "texture": "#2"},
				"south": {"uv": [3.5, 13, 4, 13.5], "texture": "#2"},
				"west": {"uv": [13, 3.5, 13.5, 4], "texture": "#2"},
				"up": {"uv": [4.5, 13.5, 4, 13], "texture": "#2"},
				"down": {"uv": [13.5, 4, 13, 4.5], "texture": "#2"}
			}
		},
		{
			"from": [6.56246, 9.39725, 9.25853],
			"to": [6.87431, 10.11005, 9.43673],
			"rotation": {"angle": -22.5, "axis": "z", "origin": [6.67383, 9.7091, 9.34763]},
			"faces": {
				"north": {"uv": [4.5, 13, 5, 13.5], "texture": "#2"},
				"east": {"uv": [13, 4.5, 13.5, 5], "texture": "#2"},
				"south": {"uv": [5, 13, 5.5, 13.5], "texture": "#2"},
				"west": {"uv": [13, 5, 13.5, 5.5], "texture": "#2"},
				"up": {"uv": [6, 13.5, 5.5, 13], "texture": "#2"},
				"down": {"uv": [13.5, 5.5, 13, 6], "texture": "#2"}
			}
		},
		{
			"from": [6.6338, 9.89429, 6.60782],
			"to": [7.0793, 10.20614, 6.74147],
			"rotation": {"angle": 45, "axis": "z", "origin": [6.52243, 10.16159, 6.65237]},
			"faces": {
				"north": {"uv": [6, 13, 6.5, 13.5], "texture": "#2"},
				"east": {"uv": [13, 6, 13.5, 6.5], "texture": "#2"},
				"south": {"uv": [6.5, 13, 7, 13.5], "texture": "#2"},
				"west": {"uv": [13, 6.5, 13.5, 7], "texture": "#2"},
				"up": {"uv": [7.5, 13.5, 7, 13], "texture": "#2"},
				"down": {"uv": [13.5, 7, 13, 7.5], "texture": "#2"}
			}
		},
		{
			"from": [6.94565, 9.89429, 6.60782],
			"to": [7.39115, 10.20614, 6.74147],
			"rotation": {"angle": -45, "axis": "z", "origin": [7.50253, 10.16159, 6.65237]},
			"faces": {
				"north": {"uv": [7.5, 13, 8, 13.5], "texture": "#2"},
				"east": {"uv": [13, 7.5, 13.5, 8], "texture": "#2"},
				"south": {"uv": [8, 13, 8.5, 13.5], "texture": "#2"},
				"west": {"uv": [13, 8, 13.5, 8.5], "texture": "#2"},
				"up": {"uv": [9, 13.5, 8.5, 13], "texture": "#2"},
				"down": {"uv": [13.5, 8.5, 13, 9], "texture": "#2"}
			}
		},
		{
			"from": [7.1684, 10.00567, 6.56327],
			"to": [7.83665, 10.31752, 6.74147],
			"rotation": {"angle": 0, "axis": "y", "origin": [6.87883, 10.71847, 6.65237]},
			"faces": {
				"north": {"uv": [9, 13, 9.5, 13.5], "texture": "#2"},
				"east": {"uv": [13, 9, 13.5, 9.5], "texture": "#2"},
				"south": {"uv": [9.5, 13, 10, 13.5], "texture": "#2"},
				"west": {"uv": [13, 9.5, 13.5, 10], "texture": "#2"},
				"up": {"uv": [10.5, 13.5, 10, 13], "texture": "#2"},
				"down": {"uv": [13.5, 10, 13, 10.5], "texture": "#2"}
			}
		},
		{
			"from": [7.18471, 9.35971, 6.56327],
			"to": [7.49656, 10.07251, 6.74147],
			"rotation": {"angle": 22.5, "axis": "z", "origin": [7.27381, 9.60474, 6.65237]},
			"faces": {
				"north": {"uv": [10.5, 13, 11, 13.5], "texture": "#2"},
				"east": {"uv": [13, 10.5, 13.5, 11], "texture": "#2"},
				"south": {"uv": [11, 13, 11.5, 13.5], "texture": "#2"},
				"west": {"uv": [13, 11, 13.5, 11.5], "texture": "#2"},
				"up": {"uv": [12, 13.5, 11.5, 13], "texture": "#2"},
				"down": {"uv": [13.5, 11.5, 13, 12], "texture": "#2"}
			}
		},
		{
			"from": [7.0793, 9.94043, 6.60782],
			"to": [7.39115, 10.20773, 6.74147],
			"rotation": {"angle": -22.5, "axis": "z", "origin": [7.01248, 9.76223, 6.67464]},
			"faces": {
				"north": {"uv": [12, 13, 12.5, 13.5], "texture": "#2"},
				"east": {"uv": [13, 12, 13.5, 12.5], "texture": "#2"},
				"south": {"uv": [12.5, 13, 13, 13.5], "texture": "#2"},
				"west": {"uv": [13, 12.5, 13.5, 13], "texture": "#2"},
				"up": {"uv": [13.5, 13.5, 13, 13], "texture": "#2"},
				"down": {"uv": [0.5, 13.5, 0, 14], "texture": "#2"}
			}
		},
		{
			"from": [6.78973, 9.6063, 6.60782],
			"to": [7.23523, 9.91815, 6.74147],
			"rotation": {"angle": 0, "axis": "y", "origin": [7.01248, 10.3191, 6.67464]},
			"faces": {
				"north": {"uv": [13.5, 0, 14, 0.5], "texture": "#2"},
				"east": {"uv": [0.5, 13.5, 1, 14], "texture": "#2"},
				"south": {"uv": [13.5, 0.5, 14, 1], "texture": "#2"},
				"west": {"uv": [1, 13.5, 1.5, 14], "texture": "#2"},
				"up": {"uv": [14, 1.5, 13.5, 1], "texture": "#2"},
				"down": {"uv": [2, 13.5, 1.5, 14], "texture": "#2"}
			}
		},
		{
			"from": [6.85655, 9.87202, 6.56327],
			"to": [7.1684, 10.89667, 6.74147],
			"rotation": {"angle": 0, "axis": "y", "origin": [3.44848, 4.34782, 3.31112]},
			"faces": {
				"north": {"uv": [13.5, 1.5, 14, 2], "texture": "#2"},
				"east": {"uv": [2, 13.5, 2.5, 14], "texture": "#2"},
				"south": {"uv": [13.5, 2, 14, 2.5], "texture": "#2"},
				"west": {"uv": [2.5, 13.5, 3, 14], "texture": "#2"},
				"up": {"uv": [14, 3, 13.5, 2.5], "texture": "#2"},
				"down": {"uv": [3.5, 13.5, 3, 14], "texture": "#2"}
			}
		},
		{
			"from": [6.1883, 10.00567, 6.56327],
			"to": [6.85655, 10.31752, 6.74147],
			"rotation": {"angle": 0, "axis": "y", "origin": [6.812, 10.71847, 6.65237]},
			"faces": {
				"north": {"uv": [13.5, 3, 14, 3.5], "texture": "#2"},
				"east": {"uv": [3.5, 13.5, 4, 14], "texture": "#2"},
				"south": {"uv": [13.5, 3.5, 14, 4], "texture": "#2"},
				"west": {"uv": [4, 13.5, 4.5, 14], "texture": "#2"},
				"up": {"uv": [14, 4.5, 13.5, 4], "texture": "#2"},
				"down": {"uv": [5, 13.5, 4.5, 14], "texture": "#2"}
			}
		},
		{
			"from": [6.6338, 9.94043, 6.60782],
			"to": [6.94565, 10.20773, 6.74147],
			"rotation": {"angle": 22.5, "axis": "z", "origin": [7.01248, 9.76223, 6.67464]},
			"faces": {
				"north": {"uv": [13.5, 4.5, 14, 5], "texture": "#2"},
				"east": {"uv": [5, 13.5, 5.5, 14], "texture": "#2"},
				"south": {"uv": [13.5, 5, 14, 5.5], "texture": "#2"},
				"west": {"uv": [5.5, 13.5, 6, 14], "texture": "#2"},
				"up": {"uv": [14, 6, 13.5, 5.5], "texture": "#2"},
				"down": {"uv": [6.5, 13.5, 6, 14], "texture": "#2"}
			}
		},
		{
			"from": [6.56246, 9.39725, 6.56327],
			"to": [6.87431, 10.11005, 6.74147],
			"rotation": {"angle": -22.5, "axis": "z", "origin": [6.67383, 9.7091, 6.65237]},
			"faces": {
				"north": {"uv": [13.5, 6, 14, 6.5], "texture": "#2"},
				"east": {"uv": [6.5, 13.5, 7, 14], "texture": "#2"},
				"south": {"uv": [13.5, 6.5, 14, 7], "texture": "#2"},
				"west": {"uv": [7, 13.5, 7.5, 14], "texture": "#2"},
				"up": {"uv": [14, 7.5, 13.5, 7], "texture": "#2"},
				"down": {"uv": [8, 13.5, 7.5, 14], "texture": "#2"}
			}
		},
		{
			"from": [6.91348, 7.96076, 7.01],
			"to": [8.89348, 14.89076, 8.99],
			"rotation": {"angle": 0, "axis": "y", "origin": [-0.01652, -0.94924, 16.91]},
			"faces": {
				"north": {"uv": [0, 5, 1, 8.5], "texture": "#2"},
				"east": {"uv": [5, 0, 6, 3.5], "texture": "#2"},
				"south": {"uv": [1, 5, 2, 8.5], "texture": "#2"},
				"west": {"uv": [2, 5, 3, 8.5], "texture": "#2"},
				"up": {"uv": [3, 10, 2, 9], "texture": "#2"},
				"down": {"uv": [10, 4.5, 9, 5.5], "texture": "#2"}
			}
		},
		{
			"from": [7.10348, 14.71244, 7.2],
			"to": [8.70348, 16.71244, 8.8],
			"rotation": {"angle": 0, "axis": "y", "origin": [-0.09652, 1.71244, -1]},
			"faces": {
				"north": {"uv": [7, 9, 8, 10], "texture": "#2"},
				"east": {"uv": [8, 9, 9, 10], "texture": "#2"},
				"south": {"uv": [9, 9, 10, 10], "texture": "#2"},
				"west": {"uv": [9.5, 0.5, 10.5, 1.5], "texture": "#2"},
				"up": {"uv": [10.5, 2.5, 9.5, 1.5], "texture": "#2"},
				"down": {"uv": [10.5, 2.5, 9.5, 3.5], "texture": "#2"}
			}
		},
		{
			"from": [7.30348, 16.71244, 7.4],
			"to": [8.50348, 20.71244, 8.6],
			"rotation": {"angle": 0, "axis": "y", "origin": [-0.09652, 1.71244, -1]},
			"faces": {
				"north": {"uv": [3, 9.5, 3.5, 11.5], "texture": "#2"},
				"east": {"uv": [3.5, 9.5, 4, 11.5], "texture": "#2"},
				"south": {"uv": [4, 9.5, 4.5, 11.5], "texture": "#2"},
				"west": {"uv": [4.5, 9.5, 5, 11.5], "texture": "#2"},
				"up": {"uv": [14, 8, 13.5, 7.5], "texture": "#2"},
				"down": {"uv": [8.5, 13.5, 8, 14], "texture": "#2"}
			}
		},
		{
			"from": [7.40348, 21.81244, 7.65],
			"to": [8.40348, 22.31244, 8.25],
			"rotation": {"angle": 0, "axis": "y", "origin": [1.23216, 1.13376, -1]},
			"faces": {
				"north": {"uv": [13.5, 8, 14, 8.5], "texture": "#2"},
				"east": {"uv": [8.5, 13.5, 9, 14], "texture": "#2"},
				"south": {"uv": [13.5, 8.5, 14, 9], "texture": "#2"},
				"west": {"uv": [9, 13.5, 9.5, 14], "texture": "#2"},
				"up": {"uv": [14, 9.5, 13.5, 9], "texture": "#2"},
				"down": {"uv": [10, 13.5, 9.5, 14], "texture": "#2"}
			}
		},
		{
			"from": [13.87764, 5.03269, 7.75],
			"to": [14.87764, 7.03269, 8.15],
			"rotation": {"angle": 45, "axis": "z", "origin": [-0.62236, 1.83269, -1]},
			"faces": {
				"north": {"uv": [9, 10.5, 9.5, 11.5], "texture": "#2"},
				"east": {"uv": [9.5, 10.5, 10, 11.5], "texture": "#2"},
				"south": {"uv": [10, 10.5, 10.5, 11.5], "texture": "#2"},
				"west": {"uv": [10.5, 10.5, 11, 11.5], "texture": "#2"},
				"up": {"uv": [14, 10, 13.5, 9.5], "texture": "#2"},
				"down": {"uv": [10.5, 13.5, 10, 14], "texture": "#2"}
			}
		},
		{
			"from": [19.87764, 7.03269, 7.65],
			"to": [20.87764, 11.03269, 8.25],
			"rotation": {"angle": 45, "axis": "z", "origin": [-0.62236, 1.83269, -1]},
			"faces": {
				"north": {"uv": [5, 9.5, 5.5, 11.5], "texture": "#2"},
				"east": {"uv": [5.5, 9.5, 6, 11.5], "texture": "#2"},
				"south": {"uv": [9.5, 5.5, 10, 7.5], "texture": "#2"},
				"west": {"uv": [0, 10, 0.5, 12], "texture": "#2"},
				"up": {"uv": [14, 10.5, 13.5, 10], "texture": "#2"},
				"down": {"uv": [11, 13.5, 10.5, 14], "texture": "#2"}
			}
		},
		{
			"from": [15.58323, 30.92924, 7.65],
			"to": [19.58323, 31.92924, 8.25],
			"rotation": {"angle": 45, "axis": "z", "origin": [23.78323, 13.42924, -1]},
			"faces": {
				"north": {"uv": [9.5, 3.5, 11.5, 4], "texture": "#2"},
				"east": {"uv": [13.5, 10.5, 14, 11], "texture": "#2"},
				"south": {"uv": [9.5, 4, 11.5, 4.5], "texture": "#2"},
				"west": {"uv": [11, 13.5, 11.5, 14], "texture": "#2"},
				"up": {"uv": [11.5, 8, 9.5, 7.5], "texture": "#2"},
				"down": {"uv": [11.5, 8, 9.5, 8.5], "texture": "#2"}
			}
		},
		{
			"from": [7.72505, 23.34087, 7.65],
			"to": [8.07505, 23.54087, 8.25],
			"rotation": {"angle": 0, "axis": "y", "origin": [0.92505, 3.59087, -1]},
			"faces": {
				"north": {"uv": [13.5, 11, 14, 11.5], "texture": "#2"},
				"east": {"uv": [11.5, 13.5, 12, 14], "texture": "#2"},
				"south": {"uv": [13.5, 11.5, 14, 12], "texture": "#2"},
				"west": {"uv": [12, 13.5, 12.5, 14], "texture": "#2"},
				"up": {"uv": [14, 12.5, 13.5, 12], "texture": "#2"},
				"down": {"uv": [13, 13.5, 12.5, 14], "texture": "#2"}
			}
		},
		{
			"from": [6.03216, 20.63376, 7.65],
			"to": [9.78216, 21.83376, 8.25],
			"rotation": {"angle": 0, "axis": "y", "origin": [1.23216, 1.13376, -1]},
			"faces": {
				"north": {"uv": [9.5, 8.5, 11.5, 9], "texture": "#2"},
				"east": {"uv": [13.5, 12.5, 14, 13], "texture": "#2"},
				"south": {"uv": [0.5, 10, 2.5, 10.5], "texture": "#2"},
				"west": {"uv": [13, 13.5, 13.5, 14], "texture": "#2"},
				"up": {"uv": [12, 5, 10, 4.5], "texture": "#2"},
				"down": {"uv": [12, 5, 10, 5.5], "texture": "#2"}
			}
		},
		{
			"from": [4.90348, 15.71244, 7.65],
			"to": [10.90348, 20.71244, 8.25],
			"rotation": {"angle": 0, "axis": "y", "origin": [-0.09652, 1.71244, -1]},
			"faces": {
				"north": {"uv": [0, 0, 3, 2.5], "texture": "#2"},
				"east": {"uv": [6, 8, 6.5, 10.5], "texture": "#2"},
				"south": {"uv": [0, 2.5, 3, 5], "texture": "#2"},
				"west": {"uv": [6.5, 8, 7, 10.5], "texture": "#2"},
				"up": {"uv": [3, 9, 0, 8.5], "texture": "#2"},
				"down": {"uv": [11.5, 0, 8.5, 0.5], "texture": "#2"}
			}
		},
		{
			"from": [13.58323, 24.92924, 7.75],
			"to": [15.58323, 25.92924, 8.15],
			"rotation": {"angle": 45, "axis": "z", "origin": [23.78323, 13.42924, -1]},
			"faces": {
				"north": {"uv": [10.5, 3, 11.5, 3.5], "texture": "#2"},
				"east": {"uv": [13.5, 13, 14, 13.5], "texture": "#2"},
				"south": {"uv": [0.5, 11, 1.5, 11.5], "texture": "#2"},
				"west": {"uv": [13.5, 13.5, 14, 14], "texture": "#2"},
				"up": {"uv": [2.5, 11.5, 1.5, 11], "texture": "#2"},
				"down": {"uv": [12, 10, 11, 10.5], "texture": "#2"}
			}
		}
	],
	"gui_light": "front",
	"display": {
		"thirdperson_righthand": {
			"rotation": [-60, 90, 60],
			"translation": [0, 3.75, 1.5],
			"scale": [0.85, 0.85, 0.85]
		},
		"thirdperson_lefthand": {
			"rotation": [-60, 90, 60],
			"translation": [0, 3.75, 1.5],
			"scale": [0.85, 0.85, 0.85]
		},
		"firstperson_righthand": {
			"rotation": [-40, 90, 25],
			"translation": [1.13, 3.2, 1.13],
			"scale": [0.68, 0.68, 0.68]
		},
		"firstperson_lefthand": {
			"rotation": [-40, 90, 25],
			"translation": [1.13, 3.2, 1.13],
			"scale": [0.68, 0.68, 0.68]
		},
		"ground": {
			"rotation": [90, 0, 40],
			"translation": [-3, 0, 1.75],
			"scale": [0.85, 0.85, 0.85]
		},
		"gui": {
			"rotation": [0, 0, -45],
			"translation": [0.25, 0.25, 0],
			"scale": [0.65, 0.65, 0.65]
		},
		"head": {
			"rotation": [0, 0, -45],
			"translation": [3, -15, 3.5]
		},
		"fixed": {
			"rotation": [0, 0, 45],
			"translation": [-0.5, 0.5, 0],
			"scale": [0.85, 0.85, 0.85]
		}
	},
	"groups": [
		{
			"name": "beach_axe",
			"origin": [8, 8, 8],
			"color": 0,
			"children": [
				{
					"name": "beach_pickaxe",
					"origin": [8, 8, 8],
					"color": 0,
					"children": [
						{
							"name": "cherrypickaxe",
							"origin": [8, 8, 8],
							"color": 0,
							"children": [
								{
									"name": "group",
									"origin": [0, 0, 0],
									"color": 0,
									"children": [
										{
											"name": "group",
											"origin": [8, 8, 8],
											"color": 0,
											"children": [
												{
													"name": "group",
													"origin": [8, 8, 8],
													"color": 0,
													"children": [
														{
															"name": "group",
															"origin": [8, 8, 8],
															"color": 0,
															"children": [
																{
																	"name": "group",
																	"origin": [8, 8, 8],
																	"color": 0,
																	"children": []
																}
															]
														}
													]
												}
											]
										}
									]
								}
							]
						}
					]
				},
				{
					"name": "cherryaxe",
					"origin": [8, 8, 8],
					"color": 0,
					"children": [
						{
							"name": "group",
							"origin": [0, 0, 0],
							"color": 0,
							"children": [
								{
									"name": "group",
									"origin": [8, 8, 8],
									"color": 0,
									"children": []
								},
								{
									"name": "group",
									"origin": [8, 8, 8],
									"color": 0,
									"children": [
										{
											"name": "group",
											"origin": [8, 8, 8],
											"color": 0,
											"children": [
												{
													"name": "group",
													"origin": [8, 8, 8],
													"color": 0,
													"children": [
														{
															"name": "group",
															"origin": [8, 8, 8],
															"color": 0,
															"children": []
														}
													]
												}
											]
										}
									]
								}
							]
						}
					]
				},
				{
					"name": "cherryaxe",
					"origin": [8, 8, 8],
					"color": 0,
					"children": [
						{
							"name": "group",
							"origin": [0, 0, 0],
							"color": 0,
							"children": [
								{
									"name": "group",
									"origin": [8, 8, 8],
									"color": 0,
									"children": []
								},
								{
									"name": "group",
									"origin": [8, 8, 8],
									"color": 0,
									"children": [
										{
											"name": "group",
											"origin": [8, 8, 8],
											"color": 0,
											"children": [
												{
													"name": "group",
													"origin": [8, 8, 8],
													"color": 0,
													"children": [
														{
															"name": "group",
															"origin": [8, 8, 8],
															"color": 0,
															"children": []
														}
													]
												}
											]
										}
									]
								}
							]
						}
					]
				}
			]
		},
		{
			"name": "cherryshovel",
			"origin": [8, 8, 8],
			"color": 0,
			"children": [
				{
					"name": "group",
					"origin": [0, 0, 0],
					"color": 0,
					"children": [
						{
							"name": "group",
							"origin": [8, 8, 8],
							"color": 0,
							"children": [
								{
									"name": "group",
									"origin": [8, 8, 8],
									"color": 0,
									"children": [
										{
											"name": "group",
											"origin": [8, 8, 8],
											"color": 0,
											"children": [
												{
													"name": "group",
													"origin": [8, 8, 8],
													"color": 0,
													"children": []
												}
											]
										}
									]
								}
							]
						},
						{
							"name": "group",
							"origin": [0, 0, 0],
							"color": 0,
							"children": [
								{
									"name": "group",
									"origin": [23.87975, 9.9668, -1],
									"color": 0,
									"children": [
										0,
										1,
										2,
										3,
										4,
										5,
										6,
										7,
										8,
										9,
										10,
										11,
										12,
										13,
										14,
										15,
										16,
										17,
										18,
										19,
										20,
										21,
										22,
										23,
										24,
										25,
										26,
										27,
										28,
										29,
										30,
										31,
										32,
										33,
										34,
										35,
										36,
										37,
										38,
										39,
										40,
										41,
										42,
										43,
										44,
										45,
										46,
										47,
										48,
										49,
										50,
										51,
										52,
										53,
										54,
										55,
										56,
										57,
										58,
										59,
										60
									]
								}
							]
						}
					]
				}
			]
		}
	]
}