{
	"credit": "Made with Blockbench",
	"texture_size": [32, 32],
	"textures": {
		"2": "items/tool/carrot_b",
		"particle": "items/tool/carrot_b"
	},
	"elements": [
		{
			"from": [4.5, 6.75, 5],
			"to": [11.5, 14.75, 11],
			"rotation": {"angle": 0, "axis": "y", "origin": [6, 26.75, 6]},
			"faces": {
				"north": {"uv": [0, 0, 3.5, 4], "texture": "#2"},
				"east": {"uv": [0, 4, 3, 8], "texture": "#2"},
				"south": {"uv": [3.5, 0, 7, 4], "texture": "#2"},
				"west": {"uv": [3, 4, 6, 8], "texture": "#2"},
				"up": {"uv": [9.5, 7, 6, 4], "texture": "#2"},
				"down": {"uv": [10.5, 0, 7, 3], "texture": "#2"}
			}
		},
		{
			"from": [7, 14.75, 7],
			"to": [9, 16.75, 9],
			"rotation": {"angle": 0, "axis": "y", "origin": [6, 26.75, 6]},
			"faces": {
				"north": {"uv": [7, 3, 8, 4], "texture": "#2"},
				"east": {"uv": [8, 3, 9, 4], "texture": "#2"},
				"south": {"uv": [9.5, 6, 10.5, 7], "texture": "#2"},
				"west": {"uv": [6, 10, 7, 11], "texture": "#2"},
				"up": {"uv": [8, 11, 7, 10], "texture": "#2"},
				"down": {"uv": [9, 10, 8, 11], "texture": "#2"}
			}
		},
		{
			"from": [6.7, 16.42164, 5.75195],
			"to": [9.3, 19.42164, 5.75195],
			"rotation": {"angle": -22.5, "axis": "x", "origin": [8, 19.52164, 5.65195]},
			"faces": {
				"north": {"uv": [3, 8, 4.5, 9.5], "texture": "#2"},
				"east": {"uv": [0, 0, 0, 1.5], "texture": "#2"},
				"south": {"uv": [4.5, 8, 6, 9.5], "texture": "#2"},
				"west": {"uv": [0, 0, 0, 1.5], "texture": "#2"},
				"up": {"uv": [1.5, 0, 0, 0], "texture": "#2"},
				"down": {"uv": [1.5, 0, 0, 0], "texture": "#2"}
			}
		},
		{
			"from": [6.7, 16.42164, 10.24805],
			"to": [9.3, 19.42164, 10.24805],
			"rotation": {"angle": 22.5, "axis": "x", "origin": [8, 19.52164, 10.34805]},
			"faces": {
				"north": {"uv": [9, 7, 10.5, 8.5], "texture": "#2"},
				"east": {"uv": [0, 0, 0, 1.5], "texture": "#2"},
				"south": {"uv": [9, 8.5, 10.5, 10], "texture": "#2"},
				"west": {"uv": [0, 0, 0, 1.5], "texture": "#2"},
				"up": {"uv": [1.5, 0, 0, 0], "texture": "#2"},
				"down": {"uv": [1.5, 0, 0, 0], "texture": "#2"}
			}
		},
		{
			"from": [6.17931, 16.54906, 6.7],
			"to": [6.17931, 19.54906, 9.3],
			"rotation": {"angle": 22.5, "axis": "z", "origin": [6.07931, 18.24906, 8]},
			"faces": {
				"north": {"uv": [0, 0, 0, 1.5], "texture": "#2"},
				"east": {"uv": [3, 9.5, 4.5, 11], "texture": "#2"},
				"south": {"uv": [0, 0, 0, 1.5], "texture": "#2"},
				"west": {"uv": [9.5, 3, 11, 4.5], "texture": "#2"},
				"up": {"uv": [0, 1.5, 0, 0], "texture": "#2"},
				"down": {"uv": [0, 0, 0, 1.5], "texture": "#2"}
			}
		},
		{
			"from": [6.92069, 16.75, 6.7],
			"to": [6.92069, 22.75, 9.3],
			"rotation": {"angle": 0, "axis": "y", "origin": [8.19901, 19.16585, 8]},
			"faces": {
				"north": {"uv": [0, 0, 0, 3], "texture": "#2"},
				"east": {"uv": [6, 7, 7.5, 10], "texture": "#2"},
				"south": {"uv": [0, 0, 0, 3], "texture": "#2"},
				"west": {"uv": [7.5, 7, 9, 10], "texture": "#2"},
				"up": {"uv": [0, 1.5, 0, 0], "texture": "#2"},
				"down": {"uv": [0, 0, 0, 1.5], "texture": "#2"}
			}
		},
		{
			"from": [9.07931, 16.75, 6.7],
			"to": [9.07931, 22.75, 9.3],
			"rotation": {"angle": 0, "axis": "y", "origin": [7.80099, 19.16585, 8]},
			"faces": {
				"north": {"uv": [0, 0, 0, 3], "texture": "#2"},
				"east": {"uv": [0, 8, 1.5, 11], "texture": "#2"},
				"south": {"uv": [0, 0, 0, 3], "texture": "#2"},
				"west": {"uv": [1.5, 8, 3, 11], "texture": "#2"},
				"up": {"uv": [0, 1.5, 0, 0], "texture": "#2"},
				"down": {"uv": [0, 0, 0, 1.5], "texture": "#2"}
			}
		},
		{
			"from": [9.82069, 16.54906, 6.7],
			"to": [9.82069, 19.54906, 9.3],
			"rotation": {"angle": -22.5, "axis": "z", "origin": [9.92069, 18.24906, 8]},
			"faces": {
				"north": {"uv": [0, 0, 0, 1.5], "texture": "#2"},
				"east": {"uv": [4.5, 9.5, 6, 11], "texture": "#2"},
				"south": {"uv": [0, 0, 0, 1.5], "texture": "#2"},
				"west": {"uv": [9.5, 4.5, 11, 6], "texture": "#2"},
				"up": {"uv": [0, 1.5, 0, 0], "texture": "#2"},
				"down": {"uv": [0, 0, 0, 1.5], "texture": "#2"}
			}
		}
	],
	"gui_light": "front",
	"display": {
		"thirdperson_righthand": {
			"rotation": [75, 45, 0],
			"translation": [0, 2.5, 0],
			"scale": [0.7, 0.7, 0.7]
		},
		"thirdperson_lefthand": {
			"rotation": [75, 45, 0],
			"translation": [0, 2.5, 0],
			"scale": [0.7, 0.7, 0.7]
		},
		"firstperson_righthand": {
			"rotation": [0, 45, 0],
			"scale": [0.7, 0.7, 0.7]
		},
		"firstperson_lefthand": {
			"rotation": [0, 225, 0],
			"scale": [0.7, 0.7, 0.7]
		},
		"gui": {
			"rotation": [30, 225, 0],
			"translation": [0, -4.75, 0],
			"scale": [0.95, 0.95, 0.95]
		},
		"head": {
			"translation": [0, -6.5, 1.25],
			"scale": [2.3, 2.3, 2.3]
		}
	},
	"groups": [
		{
			"name": "group",
			"origin": [8, 8, 8],
			"color": 0,
			"children": [0, 1, 2, 3, 4, 5, 6, 7]
		}
	]
}