{
	"credit": "Made with Blockbench",
	"texture_size": [32, 32],
	"textures": {
		"1": "items/tool/cherry_hoe"
	},
	"elements": [
		{
			"from": [3.23263, -0.75, 7],
			"to": [5.23263, 7.25, 9],
			"rotation": {"angle": 0, "axis": "y", "origin": [-3.76737, 4.25, -1]},
			"faces": {
				"north": {"uv": [0, 0, 1, 4], "texture": "#1"},
				"east": {"uv": [1, 0, 2, 4], "texture": "#1"},
				"south": {"uv": [2, 0, 3, 4], "texture": "#1"},
				"west": {"uv": [3, 0, 4, 4], "texture": "#1"},
				"up": {"uv": [5, 9, 4, 8], "texture": "#1"},
				"down": {"uv": [2, 8.5, 1, 9.5], "texture": "#1"}
			}
		},
		{
			"from": [3.23263, 10.25, 7],
			"to": [5.23263, 11.25, 9],
			"rotation": {"angle": 0, "axis": "y", "origin": [-3.76737, 4.25, -1]},
			"faces": {
				"north": {"uv": [4, 6.5, 5, 7], "texture": "#1"},
				"east": {"uv": [8, 7, 9, 7.5], "texture": "#1"},
				"south": {"uv": [2, 10, 3, 10.5], "texture": "#1"},
				"west": {"uv": [10, 2, 11, 2.5], "texture": "#1"},
				"up": {"uv": [6, 9.5, 5, 8.5], "texture": "#1"},
				"down": {"uv": [7, 8.5, 6, 9.5], "texture": "#1"}
			}
		},
		{
			"from": [3.23263, 8.25, 7],
			"to": [5.23263, 9.25, 9],
			"rotation": {"angle": 0, "axis": "y", "origin": [-3.76737, 4.25, -1]},
			"faces": {
				"north": {"uv": [10, 2.5, 11, 3], "texture": "#1"},
				"east": {"uv": [3, 10, 4, 10.5], "texture": "#1"},
				"south": {"uv": [4, 10, 5, 10.5], "texture": "#1"},
				"west": {"uv": [10, 7, 11, 7.5], "texture": "#1"},
				"up": {"uv": [8, 9.5, 7, 8.5], "texture": "#1"},
				"down": {"uv": [9, 8.5, 8, 9.5], "texture": "#1"}
			}
		},
		{
			"from": [3.43263, -3.75, 7.2],
			"to": [5.03263, -0.75, 8.8],
			"rotation": {"angle": 0, "axis": "y", "origin": [-3.76737, 4.25, -1]},
			"faces": {
				"north": {"uv": [7, 3, 8, 4.5], "texture": "#1"},
				"east": {"uv": [7, 4.5, 8, 6], "texture": "#1"},
				"south": {"uv": [7, 6, 8, 7.5], "texture": "#1"},
				"west": {"uv": [0, 7.5, 1, 9], "texture": "#1"},
				"up": {"uv": [1, 10, 0, 9], "texture": "#1"},
				"down": {"uv": [10, 0, 9, 1], "texture": "#1"}
			}
		},
		{
			"from": [3.43263, 7.25, 7.2],
			"to": [5.03263, 13.25, 8.8],
			"rotation": {"angle": 0, "axis": "y", "origin": [-3.76737, 4.25, -1]},
			"faces": {
				"north": {"uv": [3, 4, 4, 7], "texture": "#1"},
				"east": {"uv": [4, 3.5, 5, 6.5], "texture": "#1"},
				"south": {"uv": [5, 0, 6, 3], "texture": "#1"},
				"west": {"uv": [5, 3, 6, 6], "texture": "#1"},
				"up": {"uv": [10, 2, 9, 1], "texture": "#1"},
				"down": {"uv": [3, 9, 2, 10], "texture": "#1"}
			}
		},
		{
			"from": [3.23263, -2.75, 7],
			"to": [5.23263, -1.75, 9],
			"rotation": {"angle": 0, "axis": "y", "origin": [-3.76737, 4.25, -1]},
			"faces": {
				"north": {"uv": [10, 7.5, 11, 8], "texture": "#1"},
				"east": {"uv": [10, 8, 11, 8.5], "texture": "#1"},
				"south": {"uv": [10, 8.5, 11, 9], "texture": "#1"},
				"west": {"uv": [9, 10, 10, 10.5], "texture": "#1"},
				"up": {"uv": [10, 3, 9, 2], "texture": "#1"},
				"down": {"uv": [4, 9, 3, 10], "texture": "#1"}
			}
		},
		{
			"from": [3.03263, 14.25, 6.8],
			"to": [5.43263, 19.25, 9.2],
			"rotation": {"angle": 0, "axis": "y", "origin": [-3.76737, 4.25, -1]},
			"faces": {
				"north": {"uv": [6, 0, 7, 2.5], "texture": "#1"},
				"east": {"uv": [6, 2.5, 7, 5], "texture": "#1"},
				"south": {"uv": [5, 6, 6, 8.5], "texture": "#1"},
				"west": {"uv": [6, 5, 7, 7.5], "texture": "#1"},
				"up": {"uv": [5, 10, 4, 9], "texture": "#1"},
				"down": {"uv": [10, 7, 9, 8], "texture": "#1"}
			}
		},
		{
			"from": [3.23263, 13.25, 7],
			"to": [5.23263, 20.25, 9],
			"rotation": {"angle": 0, "axis": "y", "origin": [-3.76737, 4.25, -1]},
			"faces": {
				"north": {"uv": [0, 4, 1, 7.5], "texture": "#1"},
				"east": {"uv": [4, 0, 5, 3.5], "texture": "#1"},
				"south": {"uv": [1, 4, 2, 7.5], "texture": "#1"},
				"west": {"uv": [2, 4, 3, 7.5], "texture": "#1"},
				"up": {"uv": [10, 9, 9, 8], "texture": "#1"},
				"down": {"uv": [10, 9, 9, 10], "texture": "#1"}
			}
		},
		{
			"from": [4.75357, 19.23224, 7.25],
			"to": [7.75357, 20.73224, 8.75],
			"rotation": {"angle": -22.5, "axis": "z", "origin": [0.75357, 8.23224, -0.75]},
			"faces": {
				"north": {"uv": [1, 7.5, 2.5, 8.5], "texture": "#1"},
				"east": {"uv": [1, 9.5, 2, 10.5], "texture": "#1"},
				"south": {"uv": [6, 7.5, 7.5, 8.5], "texture": "#1"},
				"west": {"uv": [9.5, 3, 10.5, 4], "texture": "#1"},
				"up": {"uv": [9, 8.5, 7.5, 7.5], "texture": "#1"},
				"down": {"uv": [4, 8, 2.5, 9], "texture": "#1"}
			}
		},
		{
			"from": [-2.24643, 17.23224, 7.25],
			"to": [-0.24643, 18.73224, 8.75],
			"rotation": {"angle": -22.5, "axis": "z", "origin": [0.75357, 8.23224, -0.75]},
			"faces": {
				"north": {"uv": [9.5, 4, 10.5, 5], "texture": "#1"},
				"east": {"uv": [5, 9.5, 6, 10.5], "texture": "#1"},
				"south": {"uv": [9.5, 5, 10.5, 6], "texture": "#1"},
				"west": {"uv": [6, 9.5, 7, 10.5], "texture": "#1"},
				"up": {"uv": [10.5, 7, 9.5, 6], "texture": "#1"},
				"down": {"uv": [8, 9.5, 7, 10.5], "texture": "#1"}
			}
		},
		{
			"from": [10.26163, 11.10195, 7.75],
			"to": [10.76163, 12.10195, 8.25],
			"rotation": {"angle": 45, "axis": "z", "origin": [7.76163, 17.10195, -0.5]},
			"faces": {
				"north": {"uv": [2.5, 7.5, 3, 8], "texture": "#1"},
				"east": {"uv": [2, 8.5, 2.5, 9], "texture": "#1"},
				"south": {"uv": [10.5, 5.5, 11, 6], "texture": "#1"},
				"west": {"uv": [6, 10.5, 6.5, 11], "texture": "#1"},
				"up": {"uv": [11, 6.5, 10.5, 6], "texture": "#1"},
				"down": {"uv": [7, 10.5, 6.5, 11], "texture": "#1"}
			}
		},
		{
			"from": [9.22609, 21.39484, 7.5],
			"to": [11.22609, 22.39484, 8.5],
			"rotation": {"angle": -45, "axis": "z", "origin": [4.22609, 16.39484, -0.75]},
			"faces": {
				"north": {"uv": [10, 9, 11, 9.5], "texture": "#1"},
				"east": {"uv": [10.5, 6.5, 11, 7], "texture": "#1"},
				"south": {"uv": [10, 9.5, 11, 10], "texture": "#1"},
				"west": {"uv": [7, 10.5, 7.5, 11], "texture": "#1"},
				"up": {"uv": [11, 10.5, 10, 10], "texture": "#1"},
				"down": {"uv": [2, 10.5, 1, 11], "texture": "#1"}
			}
		},
		{
			"from": [5.23263, 16.25, 7],
			"to": [9.23263, 18.25, 9],
			"rotation": {"angle": 0, "axis": "y", "origin": [2.23263, 7.25, -1]},
			"faces": {
				"north": {"uv": [7, 0, 9, 1], "texture": "#1"},
				"east": {"uv": [8, 9.5, 9, 10.5], "texture": "#1"},
				"south": {"uv": [7, 1, 9, 2], "texture": "#1"},
				"west": {"uv": [0, 10, 1, 11], "texture": "#1"},
				"up": {"uv": [9, 3, 7, 2], "texture": "#1"},
				"down": {"uv": [5, 7, 3, 8], "texture": "#1"}
			}
		},
		{
			"from": [4.23263, 14.25, 7],
			"to": [7.23263, 16.25, 9],
			"rotation": {"angle": 22.5, "axis": "z", "origin": [2.23263, 7.25, -1]},
			"faces": {
				"north": {"uv": [8, 3, 9.5, 4], "texture": "#1"},
				"east": {"uv": [10, 0, 11, 1], "texture": "#1"},
				"south": {"uv": [8, 4, 9.5, 5], "texture": "#1"},
				"west": {"uv": [10, 1, 11, 2], "texture": "#1"},
				"up": {"uv": [9.5, 6, 8, 5], "texture": "#1"},
				"down": {"uv": [9.5, 6, 8, 7], "texture": "#1"}
			}
		},
		{
			"from": [3.88263, 15.25, 9.5],
			"to": [4.58263, 16.25, 9.5],
			"rotation": {"angle": 0, "axis": "y", "origin": [-3.76737, 4.25, -1]},
			"faces": {
				"north": {"uv": [7.5, 10.5, 8, 11], "texture": "#1"},
				"east": {"uv": [0, 0, 0, 0.5], "texture": "#1"},
				"south": {"uv": [8, 10.5, 8.5, 11], "texture": "#1"},
				"west": {"uv": [0, 0, 0, 0.5], "texture": "#1"},
				"up": {"uv": [0.5, 0, 0, 0], "texture": "#1"},
				"down": {"uv": [0.5, 0, 0, 0], "texture": "#1"}
			}
		},
		{
			"from": [3.88263, 17.25, 9.5],
			"to": [4.58263, 18.25, 9.5],
			"rotation": {"angle": 0, "axis": "y", "origin": [-3.76737, 4.25, -1]},
			"faces": {
				"north": {"uv": [8.5, 10.5, 9, 11], "texture": "#1"},
				"east": {"uv": [0, 0, 0, 0.5], "texture": "#1"},
				"south": {"uv": [9, 10.5, 9.5, 11], "texture": "#1"},
				"west": {"uv": [0, 0, 0, 0.5], "texture": "#1"},
				"up": {"uv": [0.5, 0, 0, 0], "texture": "#1"},
				"down": {"uv": [0.5, 0, 0, 0], "texture": "#1"}
			}
		},
		{
			"from": [4.73263, 16.4, 9.5],
			"to": [5.73263, 17.1, 9.5],
			"rotation": {"angle": 0, "axis": "y", "origin": [-3.76737, 4.25, -1]},
			"faces": {
				"north": {"uv": [9.5, 10.5, 10, 11], "texture": "#1"},
				"east": {"uv": [0, 0, 0, 0.5], "texture": "#1"},
				"south": {"uv": [10, 10.5, 10.5, 11], "texture": "#1"},
				"west": {"uv": [0, 0, 0, 0.5], "texture": "#1"},
				"up": {"uv": [0.5, 0, 0, 0], "texture": "#1"},
				"down": {"uv": [0.5, 0, 0, 0], "texture": "#1"}
			}
		},
		{
			"from": [-6.46737, 18.4, 9.5],
			"to": [-5.46737, 19.1, 9.5],
			"rotation": {"angle": -45, "axis": "z", "origin": [-3.76737, 4.25, -1]},
			"faces": {
				"north": {"uv": [10.5, 10.5, 11, 11], "texture": "#1"},
				"east": {"uv": [0, 0, 0, 0.5], "texture": "#1"},
				"south": {"uv": [0, 11, 0.5, 11.5], "texture": "#1"},
				"west": {"uv": [0, 0, 0, 0.5], "texture": "#1"},
				"up": {"uv": [0.5, 0, 0, 0], "texture": "#1"},
				"down": {"uv": [0.5, 0, 0, 0], "texture": "#1"}
			}
		},
		{
			"from": [2.91479, 17.57896, 9.5],
			"to": [3.41479, 18.07896, 9.5],
			"rotation": {"angle": 0, "axis": "y", "origin": [-11.23521, 12.57896, -1]},
			"faces": {
				"north": {"uv": [11, 0, 11.5, 0.5], "texture": "#1"},
				"east": {"uv": [0, 0, 0, 0.5], "texture": "#1"},
				"south": {"uv": [0.5, 11, 1, 11.5], "texture": "#1"},
				"west": {"uv": [0, 0, 0, 0.5], "texture": "#1"},
				"up": {"uv": [0.5, 0, 0, 0], "texture": "#1"},
				"down": {"uv": [0.5, 0, 0, 0], "texture": "#1"}
			}
		},
		{
			"from": [2.91479, 15.45262, 9.5],
			"to": [3.41479, 15.95262, 9.5],
			"rotation": {"angle": 0, "axis": "y", "origin": [-12.23521, 14.45262, -1]},
			"faces": {
				"north": {"uv": [11, 0.5, 11.5, 1], "texture": "#1"},
				"east": {"uv": [0, 0, 0, 0.5], "texture": "#1"},
				"south": {"uv": [1, 11, 1.5, 11.5], "texture": "#1"},
				"west": {"uv": [0, 0, 0, 0.5], "texture": "#1"},
				"up": {"uv": [0.5, 0, 0, 0], "texture": "#1"},
				"down": {"uv": [0.5, 0, 0, 0], "texture": "#1"}
			}
		},
		{
			"from": [7.90575, 29.96267, 9.5],
			"to": [8.40575, 30.46267, 9.5],
			"rotation": {"angle": -45, "axis": "z", "origin": [-8.24425, 28.96267, -1]},
			"faces": {
				"north": {"uv": [11, 1, 11.5, 1.5], "texture": "#1"},
				"east": {"uv": [0, 0, 0, 0.5], "texture": "#1"},
				"south": {"uv": [1.5, 11, 2, 11.5], "texture": "#1"},
				"west": {"uv": [0, 0, 0, 0.5], "texture": "#1"},
				"up": {"uv": [0.5, 0, 0, 0], "texture": "#1"},
				"down": {"uv": [0.5, 0, 0, 0], "texture": "#1"}
			}
		},
		{
			"from": [5.03611, 17.57394, 9.5],
			"to": [5.53611, 18.07394, 9.5],
			"rotation": {"angle": 0, "axis": "y", "origin": [-10.11389, 16.57394, -1]},
			"faces": {
				"north": {"uv": [11, 1.5, 11.5, 2], "texture": "#1"},
				"east": {"uv": [0, 0, 0, 0.5], "texture": "#1"},
				"south": {"uv": [2, 11, 2.5, 11.5], "texture": "#1"},
				"west": {"uv": [0, 0, 0, 0.5], "texture": "#1"},
				"up": {"uv": [0.5, 0, 0, 0], "texture": "#1"},
				"down": {"uv": [0.5, 0, 0, 0], "texture": "#1"}
			}
		},
		{
			"from": [7.90575, 26.96267, 9.5],
			"to": [8.40575, 27.46267, 9.5],
			"rotation": {"angle": -45, "axis": "z", "origin": [-8.24425, 25.96267, -1]},
			"faces": {
				"north": {"uv": [11, 2, 11.5, 2.5], "texture": "#1"},
				"east": {"uv": [0, 0, 0, 0.5], "texture": "#1"},
				"south": {"uv": [2.5, 11, 3, 11.5], "texture": "#1"},
				"west": {"uv": [0, 0, 0, 0.5], "texture": "#1"},
				"up": {"uv": [0.5, 0, 0, 0], "texture": "#1"},
				"down": {"uv": [0.5, 0, 0, 0], "texture": "#1"}
			}
		},
		{
			"from": [6.4022, 28.45911, 9.5],
			"to": [6.9022, 28.95911, 9.5],
			"rotation": {"angle": -45, "axis": "z", "origin": [-9.7478, 27.45911, -1]},
			"faces": {
				"north": {"uv": [11, 2.5, 11.5, 3], "texture": "#1"},
				"east": {"uv": [0, 0, 0, 0.5], "texture": "#1"},
				"south": {"uv": [3, 11, 3.5, 11.5], "texture": "#1"},
				"west": {"uv": [0, 0, 0, 0.5], "texture": "#1"},
				"up": {"uv": [0.5, 0, 0, 0], "texture": "#1"},
				"down": {"uv": [0.5, 0, 0, 0], "texture": "#1"}
			}
		},
		{
			"from": [2.73263, 16.4, 9.5],
			"to": [3.73263, 17.1, 9.5],
			"rotation": {"angle": 0, "axis": "y", "origin": [-3.76737, 4.25, -1]},
			"faces": {
				"north": {"uv": [11, 3, 11.5, 3.5], "texture": "#1"},
				"east": {"uv": [0, 0, 0, 0.5], "texture": "#1"},
				"south": {"uv": [3.5, 11, 4, 11.5], "texture": "#1"},
				"west": {"uv": [0, 0, 0, 0.5], "texture": "#1"},
				"up": {"uv": [0.5, 0, 0, 0], "texture": "#1"},
				"down": {"uv": [0.5, 0, 0, 0], "texture": "#1"}
			}
		},
		{
			"from": [9.4022, 28.45911, 9.5],
			"to": [9.9022, 28.95911, 9.5],
			"rotation": {"angle": -45, "axis": "z", "origin": [-6.7478, 27.45911, -1]},
			"faces": {
				"north": {"uv": [11, 3.5, 11.5, 4], "texture": "#1"},
				"east": {"uv": [0, 0, 0, 0.5], "texture": "#1"},
				"south": {"uv": [4.5, 11, 5, 11.5], "texture": "#1"},
				"west": {"uv": [0, 0, 0, 0.5], "texture": "#1"},
				"up": {"uv": [0.5, 0, 0, 0], "texture": "#1"},
				"down": {"uv": [0.5, 0, 0, 0], "texture": "#1"}
			}
		},
		{
			"from": [5.03108, 15.45262, 9.5],
			"to": [5.53108, 15.95262, 9.5],
			"rotation": {"angle": 0, "axis": "y", "origin": [-9.11892, 14.45262, -1]},
			"faces": {
				"north": {"uv": [11, 4.5, 11.5, 5], "texture": "#1"},
				"east": {"uv": [0, 0, 0, 0.5], "texture": "#1"},
				"south": {"uv": [5, 11, 5.5, 11.5], "texture": "#1"},
				"west": {"uv": [0, 0, 0, 0.5], "texture": "#1"},
				"up": {"uv": [0.5, 0, 0, 0], "texture": "#1"},
				"down": {"uv": [0.5, 0, 0, 0], "texture": "#1"}
			}
		},
		{
			"from": [-7.46737, 18.25, 8.25],
			"to": [-6.46737, 19.25, 9.6],
			"rotation": {"angle": -45, "axis": "z", "origin": [-3.76737, 4.25, -1]},
			"faces": {
				"north": {"uv": [11, 5, 11.5, 5.5], "texture": "#1"},
				"east": {"uv": [11, 5.5, 11.5, 6], "texture": "#1"},
				"south": {"uv": [6, 11, 6.5, 11.5], "texture": "#1"},
				"west": {"uv": [11, 6, 11.5, 6.5], "texture": "#1"},
				"up": {"uv": [7, 11.5, 6.5, 11], "texture": "#1"},
				"down": {"uv": [11.5, 6.5, 11, 7], "texture": "#1"}
			}
		},
		{
			"from": [-8.46737, 18.4, 9.5],
			"to": [-7.46737, 19.1, 9.5],
			"rotation": {"angle": -45, "axis": "z", "origin": [-3.76737, 4.25, -1]},
			"faces": {
				"north": {"uv": [7, 11, 7.5, 11.5], "texture": "#1"},
				"east": {"uv": [0, 0, 0, 0.5], "texture": "#1"},
				"south": {"uv": [11, 7, 11.5, 7.5], "texture": "#1"},
				"west": {"uv": [0, 0, 0, 0.5], "texture": "#1"},
				"up": {"uv": [0.5, 0, 0, 0], "texture": "#1"},
				"down": {"uv": [0.5, 0, 0, 0], "texture": "#1"}
			}
		},
		{
			"from": [9.23263, 7.1, 9.5],
			"to": [10.23263, 7.8, 9.5],
			"rotation": {"angle": 45, "axis": "z", "origin": [-3.76737, 4.25, -1]},
			"faces": {
				"north": {"uv": [7.5, 11, 8, 11.5], "texture": "#1"},
				"east": {"uv": [0, 0, 0, 0.5], "texture": "#1"},
				"south": {"uv": [11, 7.5, 11.5, 8], "texture": "#1"},
				"west": {"uv": [0, 0, 0, 0.5], "texture": "#1"},
				"up": {"uv": [0.5, 0, 0, 0], "texture": "#1"},
				"down": {"uv": [0.5, 0, 0, 0], "texture": "#1"}
			}
		},
		{
			"from": [11.23263, 7.1, 9.5],
			"to": [12.23263, 7.8, 9.5],
			"rotation": {"angle": 45, "axis": "z", "origin": [-3.76737, 4.25, -1]},
			"faces": {
				"north": {"uv": [8, 11, 8.5, 11.5], "texture": "#1"},
				"east": {"uv": [0, 0, 0, 0.5], "texture": "#1"},
				"south": {"uv": [11, 8, 11.5, 8.5], "texture": "#1"},
				"west": {"uv": [0, 0, 0, 0.5], "texture": "#1"},
				"up": {"uv": [0.5, 0, 0, 0], "texture": "#1"},
				"down": {"uv": [0.5, 0, 0, 0], "texture": "#1"}
			}
		},
		{
			"from": [3.88263, 15.25, 6.5],
			"to": [4.58263, 16.25, 6.5],
			"rotation": {"angle": 0, "axis": "y", "origin": [-3.76737, 4.25, -4]},
			"faces": {
				"north": {"uv": [8.5, 11, 9, 11.5], "texture": "#1"},
				"east": {"uv": [0, 0, 0, 0.5], "texture": "#1"},
				"south": {"uv": [11, 8.5, 11.5, 9], "texture": "#1"},
				"west": {"uv": [0, 0, 0, 0.5], "texture": "#1"},
				"up": {"uv": [0.5, 0, 0, 0], "texture": "#1"},
				"down": {"uv": [0.5, 0, 0, 0], "texture": "#1"}
			}
		},
		{
			"from": [3.88263, 17.25, 6.5],
			"to": [4.58263, 18.25, 6.5],
			"rotation": {"angle": 0, "axis": "y", "origin": [-3.76737, 4.25, -4]},
			"faces": {
				"north": {"uv": [9, 11, 9.5, 11.5], "texture": "#1"},
				"east": {"uv": [0, 0, 0, 0.5], "texture": "#1"},
				"south": {"uv": [11, 9, 11.5, 9.5], "texture": "#1"},
				"west": {"uv": [0, 0, 0, 0.5], "texture": "#1"},
				"up": {"uv": [0.5, 0, 0, 0], "texture": "#1"},
				"down": {"uv": [0.5, 0, 0, 0], "texture": "#1"}
			}
		},
		{
			"from": [4.73263, 16.4, 6.5],
			"to": [5.73263, 17.1, 6.5],
			"rotation": {"angle": 0, "axis": "y", "origin": [-3.76737, 4.25, -4]},
			"faces": {
				"north": {"uv": [9.5, 11, 10, 11.5], "texture": "#1"},
				"east": {"uv": [0, 0, 0, 0.5], "texture": "#1"},
				"south": {"uv": [11, 9.5, 11.5, 10], "texture": "#1"},
				"west": {"uv": [0, 0, 0, 0.5], "texture": "#1"},
				"up": {"uv": [0.5, 0, 0, 0], "texture": "#1"},
				"down": {"uv": [0.5, 0, 0, 0], "texture": "#1"}
			}
		},
		{
			"from": [-6.46737, 18.4, 6.5],
			"to": [-5.46737, 19.1, 6.5],
			"rotation": {"angle": -45, "axis": "z", "origin": [-3.76737, 4.25, -4]},
			"faces": {
				"north": {"uv": [10, 11, 10.5, 11.5], "texture": "#1"},
				"east": {"uv": [0, 0, 0, 0.5], "texture": "#1"},
				"south": {"uv": [11, 10, 11.5, 10.5], "texture": "#1"},
				"west": {"uv": [0, 0, 0, 0.5], "texture": "#1"},
				"up": {"uv": [0.5, 0, 0, 0], "texture": "#1"},
				"down": {"uv": [0.5, 0, 0, 0], "texture": "#1"}
			}
		},
		{
			"from": [-7.46737, 18.25, 6.4],
			"to": [-6.46737, 19.25, 7.75],
			"rotation": {"angle": -45, "axis": "z", "origin": [-3.76737, 4.25, -1]},
			"faces": {
				"north": {"uv": [10.5, 11, 11, 11.5], "texture": "#1"},
				"east": {"uv": [11, 10.5, 11.5, 11], "texture": "#1"},
				"south": {"uv": [11, 11, 11.5, 11.5], "texture": "#1"},
				"west": {"uv": [0, 11.5, 0.5, 12], "texture": "#1"},
				"up": {"uv": [12, 0.5, 11.5, 0], "texture": "#1"},
				"down": {"uv": [1, 11.5, 0.5, 12], "texture": "#1"}
			}
		},
		{
			"from": [-7.26737, 18.45, 6.2],
			"to": [-6.66737, 19.05, 6.6],
			"rotation": {"angle": -45, "axis": "z", "origin": [-3.76737, 4.25, -1]},
			"faces": {
				"north": {"uv": [11.5, 0.5, 12, 1], "texture": "#1"},
				"east": {"uv": [1, 11.5, 1.5, 12], "texture": "#1"},
				"south": {"uv": [11.5, 1, 12, 1.5], "texture": "#1"},
				"west": {"uv": [1.5, 11.5, 2, 12], "texture": "#1"},
				"up": {"uv": [12, 2, 11.5, 1.5], "texture": "#1"},
				"down": {"uv": [2.5, 11.5, 2, 12], "texture": "#1"}
			}
		},
		{
			"from": [-7.26737, 18.45, 9.4],
			"to": [-6.66737, 19.05, 9.8],
			"rotation": {"angle": -45, "axis": "z", "origin": [-3.76737, 4.25, -1]},
			"faces": {
				"north": {"uv": [11.5, 2, 12, 2.5], "texture": "#1"},
				"east": {"uv": [2.5, 11.5, 3, 12], "texture": "#1"},
				"south": {"uv": [11.5, 2.5, 12, 3], "texture": "#1"},
				"west": {"uv": [3, 11.5, 3.5, 12], "texture": "#1"},
				"up": {"uv": [12, 3.5, 11.5, 3], "texture": "#1"},
				"down": {"uv": [4, 11.5, 3.5, 12], "texture": "#1"}
			}
		},
		{
			"from": [-5.66737, 20.75, 6.8],
			"to": [-5.16737, 21.25, 9.2],
			"rotation": {"angle": -45, "axis": "z", "origin": [-3.76737, 4.25, -1]},
			"faces": {
				"north": {"uv": [11.5, 3.5, 12, 4], "texture": "#1"},
				"east": {"uv": [2, 10.5, 3, 11], "texture": "#1"},
				"south": {"uv": [4, 11.5, 4.5, 12], "texture": "#1"},
				"west": {"uv": [3, 10.5, 4, 11], "texture": "#1"},
				"up": {"uv": [11, 4, 10.5, 3], "texture": "#1"},
				"down": {"uv": [4.5, 10.5, 4, 11.5], "texture": "#1"}
			}
		},
		{
			"from": [-3.66737, 22.16421, 6.8],
			"to": [-3.16737, 22.66421, 9.2],
			"rotation": {"angle": -45, "axis": "z", "origin": [-3.76737, 5.66421, -1]},
			"faces": {
				"north": {"uv": [11.5, 4, 12, 4.5], "texture": "#1"},
				"east": {"uv": [10.5, 4, 11.5, 4.5], "texture": "#1"},
				"south": {"uv": [4.5, 11.5, 5, 12], "texture": "#1"},
				"west": {"uv": [4.5, 10.5, 5.5, 11], "texture": "#1"},
				"up": {"uv": [11, 5.5, 10.5, 4.5], "texture": "#1"},
				"down": {"uv": [6, 10.5, 5.5, 11.5], "texture": "#1"}
			}
		},
		{
			"from": [2.91479, 17.57896, 6.5],
			"to": [3.41479, 18.07896, 6.5],
			"rotation": {"angle": 0, "axis": "y", "origin": [-11.23521, 12.57896, -4]},
			"faces": {
				"north": {"uv": [11.5, 4.5, 12, 5], "texture": "#1"},
				"east": {"uv": [0, 0, 0, 0.5], "texture": "#1"},
				"south": {"uv": [5, 11.5, 5.5, 12], "texture": "#1"},
				"west": {"uv": [0, 0, 0, 0.5], "texture": "#1"},
				"up": {"uv": [0.5, 0, 0, 0], "texture": "#1"},
				"down": {"uv": [0.5, 0, 0, 0], "texture": "#1"}
			}
		},
		{
			"from": [2.91479, 15.45262, 6.5],
			"to": [3.41479, 15.95262, 6.5],
			"rotation": {"angle": 0, "axis": "y", "origin": [-12.23521, 14.45262, -4]},
			"faces": {
				"north": {"uv": [11.5, 5, 12, 5.5], "texture": "#1"},
				"east": {"uv": [0, 0, 0, 0.5], "texture": "#1"},
				"south": {"uv": [5.5, 11.5, 6, 12], "texture": "#1"},
				"west": {"uv": [0, 0, 0, 0.5], "texture": "#1"},
				"up": {"uv": [0.5, 0, 0, 0], "texture": "#1"},
				"down": {"uv": [0.5, 0, 0, 0], "texture": "#1"}
			}
		},
		{
			"from": [7.90575, 29.96267, 6.5],
			"to": [8.40575, 30.46267, 6.5],
			"rotation": {"angle": -45, "axis": "z", "origin": [-8.24425, 28.96267, -4]},
			"faces": {
				"north": {"uv": [11.5, 5.5, 12, 6], "texture": "#1"},
				"east": {"uv": [0, 0, 0, 0.5], "texture": "#1"},
				"south": {"uv": [6, 11.5, 6.5, 12], "texture": "#1"},
				"west": {"uv": [0, 0, 0, 0.5], "texture": "#1"},
				"up": {"uv": [0.5, 0, 0, 0], "texture": "#1"},
				"down": {"uv": [0.5, 0, 0, 0], "texture": "#1"}
			}
		},
		{
			"from": [5.03611, 17.57394, 6.5],
			"to": [5.53611, 18.07394, 6.5],
			"rotation": {"angle": 0, "axis": "y", "origin": [-10.11389, 16.57394, -4]},
			"faces": {
				"north": {"uv": [11.5, 6, 12, 6.5], "texture": "#1"},
				"east": {"uv": [0, 0, 0, 0.5], "texture": "#1"},
				"south": {"uv": [6.5, 11.5, 7, 12], "texture": "#1"},
				"west": {"uv": [0, 0, 0, 0.5], "texture": "#1"},
				"up": {"uv": [0.5, 0, 0, 0], "texture": "#1"},
				"down": {"uv": [0.5, 0, 0, 0], "texture": "#1"}
			}
		},
		{
			"from": [7.90575, 26.96267, 6.5],
			"to": [8.40575, 27.46267, 6.5],
			"rotation": {"angle": -45, "axis": "z", "origin": [-8.24425, 25.96267, -4]},
			"faces": {
				"north": {"uv": [11.5, 6.5, 12, 7], "texture": "#1"},
				"east": {"uv": [0, 0, 0, 0.5], "texture": "#1"},
				"south": {"uv": [7, 11.5, 7.5, 12], "texture": "#1"},
				"west": {"uv": [0, 0, 0, 0.5], "texture": "#1"},
				"up": {"uv": [0.5, 0, 0, 0], "texture": "#1"},
				"down": {"uv": [0.5, 0, 0, 0], "texture": "#1"}
			}
		},
		{
			"from": [6.4022, 28.45911, 6.5],
			"to": [6.9022, 28.95911, 6.5],
			"rotation": {"angle": -45, "axis": "z", "origin": [-9.7478, 27.45911, -4]},
			"faces": {
				"north": {"uv": [11.5, 7, 12, 7.5], "texture": "#1"},
				"east": {"uv": [0, 0, 0, 0.5], "texture": "#1"},
				"south": {"uv": [7.5, 11.5, 8, 12], "texture": "#1"},
				"west": {"uv": [0, 0, 0, 0.5], "texture": "#1"},
				"up": {"uv": [0.5, 0, 0, 0], "texture": "#1"},
				"down": {"uv": [0.5, 0, 0, 0], "texture": "#1"}
			}
		},
		{
			"from": [2.73263, 16.4, 6.5],
			"to": [3.73263, 17.1, 6.5],
			"rotation": {"angle": 0, "axis": "y", "origin": [-3.76737, 4.25, -4]},
			"faces": {
				"north": {"uv": [11.5, 7.5, 12, 8], "texture": "#1"},
				"east": {"uv": [0, 0, 0, 0.5], "texture": "#1"},
				"south": {"uv": [8, 11.5, 8.5, 12], "texture": "#1"},
				"west": {"uv": [0, 0, 0, 0.5], "texture": "#1"},
				"up": {"uv": [0.5, 0, 0, 0], "texture": "#1"},
				"down": {"uv": [0.5, 0, 0, 0], "texture": "#1"}
			}
		},
		{
			"from": [9.4022, 28.45911, 6.5],
			"to": [9.9022, 28.95911, 6.5],
			"rotation": {"angle": -45, "axis": "z", "origin": [-6.7478, 27.45911, -4]},
			"faces": {
				"north": {"uv": [11.5, 8, 12, 8.5], "texture": "#1"},
				"east": {"uv": [0, 0, 0, 0.5], "texture": "#1"},
				"south": {"uv": [8.5, 11.5, 9, 12], "texture": "#1"},
				"west": {"uv": [0, 0, 0, 0.5], "texture": "#1"},
				"up": {"uv": [0.5, 0, 0, 0], "texture": "#1"},
				"down": {"uv": [0.5, 0, 0, 0], "texture": "#1"}
			}
		},
		{
			"from": [5.03108, 15.45262, 6.5],
			"to": [5.53108, 15.95262, 6.5],
			"rotation": {"angle": 0, "axis": "y", "origin": [-9.11892, 14.45262, -4]},
			"faces": {
				"north": {"uv": [11.5, 8.5, 12, 9], "texture": "#1"},
				"east": {"uv": [0, 0, 0, 0.5], "texture": "#1"},
				"south": {"uv": [9, 11.5, 9.5, 12], "texture": "#1"},
				"west": {"uv": [0, 0, 0, 0.5], "texture": "#1"},
				"up": {"uv": [0.5, 0, 0, 0], "texture": "#1"},
				"down": {"uv": [0.5, 0, 0, 0], "texture": "#1"}
			}
		},
		{
			"from": [-8.46737, 18.4, 6.5],
			"to": [-7.46737, 19.1, 6.5],
			"rotation": {"angle": -45, "axis": "z", "origin": [-3.76737, 4.25, -4]},
			"faces": {
				"north": {"uv": [11.5, 9, 12, 9.5], "texture": "#1"},
				"east": {"uv": [0, 0, 0, 0.5], "texture": "#1"},
				"south": {"uv": [9.5, 11.5, 10, 12], "texture": "#1"},
				"west": {"uv": [0, 0, 0, 0.5], "texture": "#1"},
				"up": {"uv": [0.5, 0, 0, 0], "texture": "#1"},
				"down": {"uv": [0.5, 0, 0, 0], "texture": "#1"}
			}
		},
		{
			"from": [9.23263, 7.1, 6.5],
			"to": [10.23263, 7.8, 6.5],
			"rotation": {"angle": 45, "axis": "z", "origin": [-3.76737, 4.25, -4]},
			"faces": {
				"north": {"uv": [11.5, 9.5, 12, 10], "texture": "#1"},
				"east": {"uv": [0, 0, 0, 0.5], "texture": "#1"},
				"south": {"uv": [10, 11.5, 10.5, 12], "texture": "#1"},
				"west": {"uv": [0, 0, 0, 0.5], "texture": "#1"},
				"up": {"uv": [0.5, 0, 0, 0], "texture": "#1"},
				"down": {"uv": [0.5, 0, 0, 0], "texture": "#1"}
			}
		},
		{
			"from": [11.23263, 7.1, 6.5],
			"to": [12.23263, 7.8, 6.5],
			"rotation": {"angle": 45, "axis": "z", "origin": [-3.76737, 4.25, -4]},
			"faces": {
				"north": {"uv": [11.5, 10, 12, 10.5], "texture": "#1"},
				"east": {"uv": [0, 0, 0, 0.5], "texture": "#1"},
				"south": {"uv": [10.5, 11.5, 11, 12], "texture": "#1"},
				"west": {"uv": [0, 0, 0, 0.5], "texture": "#1"},
				"up": {"uv": [0.5, 0, 0, 0], "texture": "#1"},
				"down": {"uv": [0.5, 0, 0, 0], "texture": "#1"}
			}
		}
	],
	"gui_light": "front",
	"display": {
		"thirdperson_righthand": {
			"rotation": [-60, 90, 60],
			"translation": [0, 2.25, -1.5],
			"scale": [0.85, 0.85, 0.85]
		},
		"thirdperson_lefthand": {
			"rotation": [-160, -90, -160],
			"translation": [0, 2, -1.5],
			"scale": [0.85, 0.85, 0.85]
		},
		"firstperson_righthand": {
			"rotation": [-40, 90, 25],
			"translation": [1.13, 3.2, 1.13],
			"scale": [0.68, 0.68, 0.68]
		},
		"firstperson_lefthand": {
			"rotation": [10, -90, 25],
			"translation": [1.13, 3.2, 1.13],
			"scale": [0.68, 0.68, 0.68]
		},
		"ground": {
			"rotation": [90, 0, 40],
			"translation": [-3, 0, 1.75],
			"scale": [0.85, 0.85, 0.85]
		},
		"gui": {
			"rotation": [0, 0, -42],
			"translation": [0.75, -1.75, 0],
			"scale": [0.65, 0.65, 0.65]
		},
		"head": {
			"rotation": [0, 0, -45],
			"translation": [3, -14.5, 3.5]
		},
		"fixed": {
			"rotation": [0, 0, 45],
			"translation": [2.25, 1, 0],
			"scale": [0.85, 0.85, 0.85]
		}
	},
	"groups": [
		{
			"name": "cherryhoe",
			"origin": [8, 8, 8],
			"color": 0,
			"children": [
				{
					"name": "group",
					"origin": [0, 0, 0],
					"color": 0,
					"children": [
						0,
						1,
						2,
						3,
						4,
						5,
						6,
						7,
						{
							"name": "group",
							"origin": [8, 8, 8],
							"color": 0,
							"children": [
								{
									"name": "group",
									"origin": [8, 8, 8],
									"color": 0,
									"children": [
										8,
										9,
										10,
										11,
										12,
										13,
										{
											"name": "group",
											"origin": [8, 8, 8],
											"color": 0,
											"children": [
												14,
												15,
												16,
												17,
												18,
												19,
												20,
												21,
												22,
												23,
												24,
												25,
												26,
												27,
												28,
												29,
												30,
												{
													"name": "group",
													"origin": [8, 8, 8],
													"color": 0,
													"children": [31, 32, 33, 34, 35, 36, 37, 38, 39, 40, 41, 42, 43, 44, 45, 46, 47, 48, 49, 50, 51]
												}
											]
										}
									]
								}
							]
						}
					]
				}
			]
		}
	]
}