{
	"credit": "Made with Blockbench",
	"texture_size": [32, 32],
	"textures": {
		"1": "items/tool/cherry_pickax"
	},
	"elements": [
		{
			"from": [7, -0.75, 7],
			"to": [9, 7.25, 9],
			"rotation": {"angle": 0, "axis": "y", "origin": [0, 4.25, -1]},
			"faces": {
				"north": {"uv": [0, 0, 1, 4], "texture": "#1"},
				"east": {"uv": [1, 0, 2, 4], "texture": "#1"},
				"south": {"uv": [2, 0, 3, 4], "texture": "#1"},
				"west": {"uv": [3, 0, 4, 4], "texture": "#1"},
				"up": {"uv": [7, 8.5, 6, 7.5], "texture": "#1"},
				"down": {"uv": [2.5, 9, 1.5, 10], "texture": "#1"}
			}
		},
		{
			"from": [7, 10.25, 7],
			"to": [9, 11.25, 9],
			"rotation": {"angle": 0, "axis": "y", "origin": [0, 4.25, -1]},
			"faces": {
				"north": {"uv": [4, 6.5, 5, 7], "texture": "#1"},
				"east": {"uv": [10, 5, 11, 5.5], "texture": "#1"},
				"south": {"uv": [10, 5.5, 11, 6], "texture": "#1"},
				"west": {"uv": [10, 6, 11, 6.5], "texture": "#1"},
				"up": {"uv": [10, 3, 9, 2], "texture": "#1"},
				"down": {"uv": [3.5, 9, 2.5, 10], "texture": "#1"}
			}
		},
		{
			"from": [7, 8.25, 7],
			"to": [9, 9.25, 9],
			"rotation": {"angle": 0, "axis": "y", "origin": [0, 4.25, -1]},
			"faces": {
				"north": {"uv": [10, 6.5, 11, 7], "texture": "#1"},
				"east": {"uv": [7.5, 10, 8.5, 10.5], "texture": "#1"},
				"south": {"uv": [8.5, 10, 9.5, 10.5], "texture": "#1"},
				"west": {"uv": [9.5, 10, 10.5, 10.5], "texture": "#1"},
				"up": {"uv": [10, 4, 9, 3], "texture": "#1"},
				"down": {"uv": [4.5, 9, 3.5, 10], "texture": "#1"}
			}
		},
		{
			"from": [7.2, -3.75, 7.2],
			"to": [8.8, -0.75, 8.8],
			"rotation": {"angle": 0, "axis": "y", "origin": [0, 4.25, -1]},
			"faces": {
				"north": {"uv": [7, 7, 8, 8.5], "texture": "#1"},
				"east": {"uv": [0, 7.5, 1, 9], "texture": "#1"},
				"south": {"uv": [1, 7.5, 2, 9], "texture": "#1"},
				"west": {"uv": [2, 7.5, 3, 9], "texture": "#1"},
				"up": {"uv": [10, 5, 9, 4], "texture": "#1"},
				"down": {"uv": [10, 5, 9, 6], "texture": "#1"}
			}
		},
		{
			"from": [7.2, 7.25, 7.2],
			"to": [8.8, 13.25, 8.8],
			"rotation": {"angle": 0, "axis": "y", "origin": [0, 4.25, -1]},
			"faces": {
				"north": {"uv": [3, 4, 4, 7], "texture": "#1"},
				"east": {"uv": [4, 3.5, 5, 6.5], "texture": "#1"},
				"south": {"uv": [5, 0, 6, 3], "texture": "#1"},
				"west": {"uv": [5, 3, 6, 6], "texture": "#1"},
				"up": {"uv": [10, 7, 9, 6], "texture": "#1"},
				"down": {"uv": [8.5, 9, 7.5, 10], "texture": "#1"}
			}
		},
		{
			"from": [7, -2.75, 7],
			"to": [9, -1.75, 9],
			"rotation": {"angle": 0, "axis": "y", "origin": [0, 4.25, -1]},
			"faces": {
				"north": {"uv": [10.5, 0, 11.5, 0.5], "texture": "#1"},
				"east": {"uv": [10.5, 0.5, 11.5, 1], "texture": "#1"},
				"south": {"uv": [10.5, 1, 11.5, 1.5], "texture": "#1"},
				"west": {"uv": [10.5, 1.5, 11.5, 2], "texture": "#1"},
				"up": {"uv": [9.5, 10, 8.5, 9], "texture": "#1"},
				"down": {"uv": [5.5, 9.5, 4.5, 10.5], "texture": "#1"}
			}
		},
		{
			"from": [6.8, 14.25, 6.8],
			"to": [9.2, 19.25, 9.2],
			"rotation": {"angle": 0, "axis": "y", "origin": [0, 4.25, -1]},
			"faces": {
				"north": {"uv": [6, 0, 7, 2.5], "texture": "#1"},
				"east": {"uv": [6, 2.5, 7, 5], "texture": "#1"},
				"south": {"uv": [5, 6, 6, 8.5], "texture": "#1"},
				"west": {"uv": [6, 5, 7, 7.5], "texture": "#1"},
				"up": {"uv": [6.5, 10.5, 5.5, 9.5], "texture": "#1"},
				"down": {"uv": [7.5, 9.5, 6.5, 10.5], "texture": "#1"}
			}
		},
		{
			"from": [7, 13.25, 7],
			"to": [9, 20.25, 9],
			"rotation": {"angle": 0, "axis": "y", "origin": [0, 4.25, -1]},
			"faces": {
				"north": {"uv": [0, 4, 1, 7.5], "texture": "#1"},
				"east": {"uv": [4, 0, 5, 3.5], "texture": "#1"},
				"south": {"uv": [1, 4, 2, 7.5], "texture": "#1"},
				"west": {"uv": [2, 4, 3, 7.5], "texture": "#1"},
				"up": {"uv": [10.5, 8, 9.5, 7], "texture": "#1"},
				"down": {"uv": [10.5, 8, 9.5, 9], "texture": "#1"}
			}
		},
		{
			"from": [3.78565, 14.71824, 7.25],
			"to": [6.78565, 16.21824, 8.75],
			"rotation": {"angle": 22.5, "axis": "z", "origin": [-0.21435, 7.71824, -1]},
			"faces": {
				"north": {"uv": [3, 8, 4.5, 9], "texture": "#1"},
				"east": {"uv": [9.5, 9, 10.5, 10], "texture": "#1"},
				"south": {"uv": [8, 7, 9.5, 8], "texture": "#1"},
				"west": {"uv": [0, 10, 1, 11], "texture": "#1"},
				"up": {"uv": [9.5, 9, 8, 8], "texture": "#1"},
				"down": {"uv": [6, 8.5, 4.5, 9.5], "texture": "#1"}
			}
		},
		{
			"from": [-5.47875, 12.32378, 7.75],
			"to": [-4.97875, 13.32378, 8.25],
			"rotation": {"angle": -45, "axis": "z", "origin": [-0.47875, 9.32378, -1.25]},
			"faces": {
				"north": {"uv": [4.5, 8, 5, 8.5], "texture": "#1"},
				"east": {"uv": [7.5, 8.5, 8, 9], "texture": "#1"},
				"south": {"uv": [4, 10, 4.5, 10.5], "texture": "#1"},
				"west": {"uv": [11, 4.5, 11.5, 5], "texture": "#1"},
				"up": {"uv": [5.5, 11.5, 5, 11], "texture": "#1"},
				"down": {"uv": [11.5, 5, 11, 5.5], "texture": "#1"}
			}
		},
		{
			"from": [4.52125, 12.90956, 7.5],
			"to": [6.52125, 13.90956, 8.5],
			"rotation": {"angle": 45, "axis": "z", "origin": [-0.47875, 7.90956, -1]},
			"faces": {
				"north": {"uv": [4, 10.5, 5, 11], "texture": "#1"},
				"east": {"uv": [5.5, 11, 6, 11.5], "texture": "#1"},
				"south": {"uv": [5, 10.5, 6, 11], "texture": "#1"},
				"west": {"uv": [11, 5.5, 11.5, 6], "texture": "#1"},
				"up": {"uv": [7, 11, 6, 10.5], "texture": "#1"},
				"down": {"uv": [8, 10.5, 7, 11], "texture": "#1"}
			}
		},
		{
			"from": [3, 16.25, 7],
			"to": [7, 18.25, 9],
			"rotation": {"angle": 0, "axis": "y", "origin": [0, 7.25, -1]},
			"faces": {
				"north": {"uv": [7, 0, 9, 1], "texture": "#1"},
				"east": {"uv": [1, 10, 2, 11], "texture": "#1"},
				"south": {"uv": [7, 1, 9, 2], "texture": "#1"},
				"west": {"uv": [2, 10, 3, 11], "texture": "#1"},
				"up": {"uv": [9, 3, 7, 2], "texture": "#1"},
				"down": {"uv": [5, 7, 3, 8], "texture": "#1"}
			}
		},
		{
			"from": [8.52094, 19.23224, 7.25],
			"to": [11.52094, 20.73224, 8.75],
			"rotation": {"angle": -22.5, "axis": "z", "origin": [4.52094, 8.23224, -0.75]},
			"faces": {
				"north": {"uv": [6, 8.5, 7.5, 9.5], "texture": "#1"},
				"east": {"uv": [10, 2, 11, 3], "texture": "#1"},
				"south": {"uv": [0, 9, 1.5, 10], "texture": "#1"},
				"west": {"uv": [3, 10, 4, 11], "texture": "#1"},
				"up": {"uv": [10.5, 1, 9, 0], "texture": "#1"},
				"down": {"uv": [10.5, 1, 9, 2], "texture": "#1"}
			}
		},
		{
			"from": [14.029, 11.10195, 7.75],
			"to": [14.529, 12.10195, 8.25],
			"rotation": {"angle": 45, "axis": "z", "origin": [11.529, 17.10195, -0.5]},
			"faces": {
				"north": {"uv": [6, 11, 6.5, 11.5], "texture": "#1"},
				"east": {"uv": [11, 6, 11.5, 6.5], "texture": "#1"},
				"south": {"uv": [6.5, 11, 7, 11.5], "texture": "#1"},
				"west": {"uv": [11, 6.5, 11.5, 7], "texture": "#1"},
				"up": {"uv": [7.5, 11.5, 7, 11], "texture": "#1"},
				"down": {"uv": [8, 11, 7.5, 11.5], "texture": "#1"}
			}
		},
		{
			"from": [12.99346, 21.39484, 7.5],
			"to": [14.99346, 22.39484, 8.5],
			"rotation": {"angle": -45, "axis": "z", "origin": [7.99346, 16.39484, -0.75]},
			"faces": {
				"north": {"uv": [10.5, 7, 11.5, 7.5], "texture": "#1"},
				"east": {"uv": [8, 11, 8.5, 11.5], "texture": "#1"},
				"south": {"uv": [10.5, 7.5, 11.5, 8], "texture": "#1"},
				"west": {"uv": [8.5, 11, 9, 11.5], "texture": "#1"},
				"up": {"uv": [9, 11, 8, 10.5], "texture": "#1"},
				"down": {"uv": [11.5, 8, 10.5, 8.5], "texture": "#1"}
			}
		},
		{
			"from": [9, 16.25, 7],
			"to": [13, 18.25, 9],
			"rotation": {"angle": 0, "axis": "y", "origin": [6, 7.25, -1]},
			"faces": {
				"north": {"uv": [7, 3, 9, 4], "texture": "#1"},
				"east": {"uv": [10, 3, 11, 4], "texture": "#1"},
				"south": {"uv": [7, 4, 9, 5], "texture": "#1"},
				"west": {"uv": [10, 4, 11, 5], "texture": "#1"},
				"up": {"uv": [9, 6, 7, 5], "texture": "#1"},
				"down": {"uv": [9, 6, 7, 7], "texture": "#1"}
			}
		},
		{
			"from": [7.65, 15.25, 9.5],
			"to": [8.35, 16.25, 9.5],
			"rotation": {"angle": 0, "axis": "y", "origin": [0, 4.25, -1]},
			"faces": {
				"north": {"uv": [9, 11, 9.5, 11.5], "texture": "#1"},
				"east": {"uv": [0, 0, 0, 0.5], "texture": "#1"},
				"south": {"uv": [11, 9, 11.5, 9.5], "texture": "#1"},
				"west": {"uv": [0, 0, 0, 0.5], "texture": "#1"},
				"up": {"uv": [0.5, 0, 0, 0], "texture": "#1"},
				"down": {"uv": [0.5, 0, 0, 0], "texture": "#1"}
			}
		},
		{
			"from": [7.65, 17.25, 9.5],
			"to": [8.35, 18.25, 9.5],
			"rotation": {"angle": 0, "axis": "y", "origin": [0, 4.25, -1]},
			"faces": {
				"north": {"uv": [9.5, 11, 10, 11.5], "texture": "#1"},
				"east": {"uv": [0, 0, 0, 0.5], "texture": "#1"},
				"south": {"uv": [11, 9.5, 11.5, 10], "texture": "#1"},
				"west": {"uv": [0, 0, 0, 0.5], "texture": "#1"},
				"up": {"uv": [0.5, 0, 0, 0], "texture": "#1"},
				"down": {"uv": [0.5, 0, 0, 0], "texture": "#1"}
			}
		},
		{
			"from": [8.5, 16.4, 9.5],
			"to": [9.5, 17.1, 9.5],
			"rotation": {"angle": 0, "axis": "y", "origin": [0, 4.25, -1]},
			"faces": {
				"north": {"uv": [10.5, 11, 11, 11.5], "texture": "#1"},
				"east": {"uv": [0, 0, 0, 0.5], "texture": "#1"},
				"south": {"uv": [11, 11, 11.5, 11.5], "texture": "#1"},
				"west": {"uv": [0, 0, 0, 0.5], "texture": "#1"},
				"up": {"uv": [0.5, 0, 0, 0], "texture": "#1"},
				"down": {"uv": [0.5, 0, 0, 0], "texture": "#1"}
			}
		},
		{
			"from": [-2.7, 18.4, 9.5],
			"to": [-1.7, 19.1, 9.5],
			"rotation": {"angle": -45, "axis": "z", "origin": [0, 4.25, -1]},
			"faces": {
				"north": {"uv": [11.5, 0, 12, 0.5], "texture": "#1"},
				"east": {"uv": [0, 0, 0, 0.5], "texture": "#1"},
				"south": {"uv": [11.5, 0.5, 12, 1], "texture": "#1"},
				"west": {"uv": [0, 0, 0, 0.5], "texture": "#1"},
				"up": {"uv": [0.5, 0, 0, 0], "texture": "#1"},
				"down": {"uv": [0.5, 0, 0, 0], "texture": "#1"}
			}
		},
		{
			"from": [6.68216, 17.57896, 9.5],
			"to": [7.18216, 18.07896, 9.5],
			"rotation": {"angle": 0, "axis": "y", "origin": [-7.46784, 12.57896, -1]},
			"faces": {
				"north": {"uv": [1, 11.5, 1.5, 12], "texture": "#1"},
				"east": {"uv": [0, 0, 0, 0.5], "texture": "#1"},
				"south": {"uv": [11.5, 1, 12, 1.5], "texture": "#1"},
				"west": {"uv": [0, 0, 0, 0.5], "texture": "#1"},
				"up": {"uv": [0.5, 0, 0, 0], "texture": "#1"},
				"down": {"uv": [0.5, 0, 0, 0], "texture": "#1"}
			}
		},
		{
			"from": [6.68216, 15.45262, 9.5],
			"to": [7.18216, 15.95262, 9.5],
			"rotation": {"angle": 0, "axis": "y", "origin": [-8.46784, 14.45262, -1]},
			"faces": {
				"north": {"uv": [1.5, 11.5, 2, 12], "texture": "#1"},
				"east": {"uv": [0, 0, 0, 0.5], "texture": "#1"},
				"south": {"uv": [11.5, 1.5, 12, 2], "texture": "#1"},
				"west": {"uv": [0, 0, 0, 0.5], "texture": "#1"},
				"up": {"uv": [0.5, 0, 0, 0], "texture": "#1"},
				"down": {"uv": [0.5, 0, 0, 0], "texture": "#1"}
			}
		},
		{
			"from": [11.67312, 29.96267, 9.5],
			"to": [12.17312, 30.46267, 9.5],
			"rotation": {"angle": -45, "axis": "z", "origin": [-4.47688, 28.96267, -1]},
			"faces": {
				"north": {"uv": [2, 11.5, 2.5, 12], "texture": "#1"},
				"east": {"uv": [0, 0, 0, 0.5], "texture": "#1"},
				"south": {"uv": [11.5, 2, 12, 2.5], "texture": "#1"},
				"west": {"uv": [0, 0, 0, 0.5], "texture": "#1"},
				"up": {"uv": [0.5, 0, 0, 0], "texture": "#1"},
				"down": {"uv": [0.5, 0, 0, 0], "texture": "#1"}
			}
		},
		{
			"from": [8.80348, 17.57394, 9.5],
			"to": [9.30348, 18.07394, 9.5],
			"rotation": {"angle": 0, "axis": "y", "origin": [-6.34652, 16.57394, -1]},
			"faces": {
				"north": {"uv": [2.5, 11.5, 3, 12], "texture": "#1"},
				"east": {"uv": [0, 0, 0, 0.5], "texture": "#1"},
				"south": {"uv": [11.5, 2.5, 12, 3], "texture": "#1"},
				"west": {"uv": [0, 0, 0, 0.5], "texture": "#1"},
				"up": {"uv": [0.5, 0, 0, 0], "texture": "#1"},
				"down": {"uv": [0.5, 0, 0, 0], "texture": "#1"}
			}
		},
		{
			"from": [11.67312, 26.96267, 9.5],
			"to": [12.17312, 27.46267, 9.5],
			"rotation": {"angle": -45, "axis": "z", "origin": [-4.47688, 25.96267, -1]},
			"faces": {
				"north": {"uv": [3.5, 11.5, 4, 12], "texture": "#1"},
				"east": {"uv": [0, 0, 0, 0.5], "texture": "#1"},
				"south": {"uv": [11.5, 3.5, 12, 4], "texture": "#1"},
				"west": {"uv": [0, 0, 0, 0.5], "texture": "#1"},
				"up": {"uv": [0.5, 0, 0, 0], "texture": "#1"},
				"down": {"uv": [0.5, 0, 0, 0], "texture": "#1"}
			}
		},
		{
			"from": [10.16957, 28.45911, 9.5],
			"to": [10.66957, 28.95911, 9.5],
			"rotation": {"angle": -45, "axis": "z", "origin": [-5.98043, 27.45911, -1]},
			"faces": {
				"north": {"uv": [4, 11.5, 4.5, 12], "texture": "#1"},
				"east": {"uv": [0, 0, 0, 0.5], "texture": "#1"},
				"south": {"uv": [11.5, 4, 12, 4.5], "texture": "#1"},
				"west": {"uv": [0, 0, 0, 0.5], "texture": "#1"},
				"up": {"uv": [0.5, 0, 0, 0], "texture": "#1"},
				"down": {"uv": [0.5, 0, 0, 0], "texture": "#1"}
			}
		},
		{
			"from": [6.5, 16.4, 9.5],
			"to": [7.5, 17.1, 9.5],
			"rotation": {"angle": 0, "axis": "y", "origin": [0, 4.25, -1]},
			"faces": {
				"north": {"uv": [11.5, 4.5, 12, 5], "texture": "#1"},
				"east": {"uv": [0, 0, 0, 0.5], "texture": "#1"},
				"south": {"uv": [5, 11.5, 5.5, 12], "texture": "#1"},
				"west": {"uv": [0, 0, 0, 0.5], "texture": "#1"},
				"up": {"uv": [0.5, 0, 0, 0], "texture": "#1"},
				"down": {"uv": [0.5, 0, 0, 0], "texture": "#1"}
			}
		},
		{
			"from": [13.16957, 28.45911, 9.5],
			"to": [13.66957, 28.95911, 9.5],
			"rotation": {"angle": -45, "axis": "z", "origin": [-2.98043, 27.45911, -1]},
			"faces": {
				"north": {"uv": [11.5, 5, 12, 5.5], "texture": "#1"},
				"east": {"uv": [0, 0, 0, 0.5], "texture": "#1"},
				"south": {"uv": [5.5, 11.5, 6, 12], "texture": "#1"},
				"west": {"uv": [0, 0, 0, 0.5], "texture": "#1"},
				"up": {"uv": [0.5, 0, 0, 0], "texture": "#1"},
				"down": {"uv": [0.5, 0, 0, 0], "texture": "#1"}
			}
		},
		{
			"from": [8.79845, 15.45262, 9.5],
			"to": [9.29845, 15.95262, 9.5],
			"rotation": {"angle": 0, "axis": "y", "origin": [-5.35155, 14.45262, -1]},
			"faces": {
				"north": {"uv": [11.5, 5.5, 12, 6], "texture": "#1"},
				"east": {"uv": [0, 0, 0, 0.5], "texture": "#1"},
				"south": {"uv": [6, 11.5, 6.5, 12], "texture": "#1"},
				"west": {"uv": [0, 0, 0, 0.5], "texture": "#1"},
				"up": {"uv": [0.5, 0, 0, 0], "texture": "#1"},
				"down": {"uv": [0.5, 0, 0, 0], "texture": "#1"}
			}
		},
		{
			"from": [-3.7, 18.25, 8.25],
			"to": [-2.7, 19.25, 9.6],
			"rotation": {"angle": -45, "axis": "z", "origin": [0, 4.25, -1]},
			"faces": {
				"north": {"uv": [11.5, 6, 12, 6.5], "texture": "#1"},
				"east": {"uv": [6.5, 11.5, 7, 12], "texture": "#1"},
				"south": {"uv": [11.5, 6.5, 12, 7], "texture": "#1"},
				"west": {"uv": [7, 11.5, 7.5, 12], "texture": "#1"},
				"up": {"uv": [12, 7.5, 11.5, 7], "texture": "#1"},
				"down": {"uv": [8, 11.5, 7.5, 12], "texture": "#1"}
			}
		},
		{
			"from": [-4.7, 18.4, 9.5],
			"to": [-3.7, 19.1, 9.5],
			"rotation": {"angle": -45, "axis": "z", "origin": [0, 4.25, -1]},
			"faces": {
				"north": {"uv": [11.5, 7.5, 12, 8], "texture": "#1"},
				"east": {"uv": [0, 0, 0, 0.5], "texture": "#1"},
				"south": {"uv": [8, 11.5, 8.5, 12], "texture": "#1"},
				"west": {"uv": [0, 0, 0, 0.5], "texture": "#1"},
				"up": {"uv": [0.5, 0, 0, 0], "texture": "#1"},
				"down": {"uv": [0.5, 0, 0, 0], "texture": "#1"}
			}
		},
		{
			"from": [13, 7.1, 9.5],
			"to": [14, 7.8, 9.5],
			"rotation": {"angle": 45, "axis": "z", "origin": [0, 4.25, -1]},
			"faces": {
				"north": {"uv": [11.5, 8, 12, 8.5], "texture": "#1"},
				"east": {"uv": [0, 0, 0, 0.5], "texture": "#1"},
				"south": {"uv": [8.5, 11.5, 9, 12], "texture": "#1"},
				"west": {"uv": [0, 0, 0, 0.5], "texture": "#1"},
				"up": {"uv": [0.5, 0, 0, 0], "texture": "#1"},
				"down": {"uv": [0.5, 0, 0, 0], "texture": "#1"}
			}
		},
		{
			"from": [15, 7.1, 9.5],
			"to": [16, 7.8, 9.5],
			"rotation": {"angle": 45, "axis": "z", "origin": [0, 4.25, -1]},
			"faces": {
				"north": {"uv": [11.5, 8.5, 12, 9], "texture": "#1"},
				"east": {"uv": [0, 0, 0, 0.5], "texture": "#1"},
				"south": {"uv": [9, 11.5, 9.5, 12], "texture": "#1"},
				"west": {"uv": [0, 0, 0, 0.5], "texture": "#1"},
				"up": {"uv": [0.5, 0, 0, 0], "texture": "#1"},
				"down": {"uv": [0.5, 0, 0, 0], "texture": "#1"}
			}
		},
		{
			"from": [7.65, 15.25, 6.5],
			"to": [8.35, 16.25, 6.5],
			"rotation": {"angle": 0, "axis": "y", "origin": [0, 4.25, -4]},
			"faces": {
				"north": {"uv": [11.5, 9, 12, 9.5], "texture": "#1"},
				"east": {"uv": [0, 0, 0, 0.5], "texture": "#1"},
				"south": {"uv": [9.5, 11.5, 10, 12], "texture": "#1"},
				"west": {"uv": [0, 0, 0, 0.5], "texture": "#1"},
				"up": {"uv": [0.5, 0, 0, 0], "texture": "#1"},
				"down": {"uv": [0.5, 0, 0, 0], "texture": "#1"}
			}
		},
		{
			"from": [7.65, 17.25, 6.5],
			"to": [8.35, 18.25, 6.5],
			"rotation": {"angle": 0, "axis": "y", "origin": [0, 4.25, -4]},
			"faces": {
				"north": {"uv": [11.5, 9.5, 12, 10], "texture": "#1"},
				"east": {"uv": [0, 0, 0, 0.5], "texture": "#1"},
				"south": {"uv": [10, 11.5, 10.5, 12], "texture": "#1"},
				"west": {"uv": [0, 0, 0, 0.5], "texture": "#1"},
				"up": {"uv": [0.5, 0, 0, 0], "texture": "#1"},
				"down": {"uv": [0.5, 0, 0, 0], "texture": "#1"}
			}
		},
		{
			"from": [8.5, 16.4, 6.5],
			"to": [9.5, 17.1, 6.5],
			"rotation": {"angle": 0, "axis": "y", "origin": [0, 4.25, -4]},
			"faces": {
				"north": {"uv": [11.5, 10, 12, 10.5], "texture": "#1"},
				"east": {"uv": [0, 0, 0, 0.5], "texture": "#1"},
				"south": {"uv": [10.5, 11.5, 11, 12], "texture": "#1"},
				"west": {"uv": [0, 0, 0, 0.5], "texture": "#1"},
				"up": {"uv": [0.5, 0, 0, 0], "texture": "#1"},
				"down": {"uv": [0.5, 0, 0, 0], "texture": "#1"}
			}
		},
		{
			"from": [-2.7, 18.4, 6.5],
			"to": [-1.7, 19.1, 6.5],
			"rotation": {"angle": -45, "axis": "z", "origin": [0, 4.25, -4]},
			"faces": {
				"north": {"uv": [11.5, 10.5, 12, 11], "texture": "#1"},
				"east": {"uv": [0, 0, 0, 0.5], "texture": "#1"},
				"south": {"uv": [11, 11.5, 11.5, 12], "texture": "#1"},
				"west": {"uv": [0, 0, 0, 0.5], "texture": "#1"},
				"up": {"uv": [0.5, 0, 0, 0], "texture": "#1"},
				"down": {"uv": [0.5, 0, 0, 0], "texture": "#1"}
			}
		},
		{
			"from": [-3.7, 18.25, 6.4],
			"to": [-2.7, 19.25, 7.75],
			"rotation": {"angle": -45, "axis": "z", "origin": [0, 4.25, -1]},
			"faces": {
				"north": {"uv": [11.5, 11, 12, 11.5], "texture": "#1"},
				"east": {"uv": [11.5, 11.5, 12, 12], "texture": "#1"},
				"south": {"uv": [0, 12, 0.5, 12.5], "texture": "#1"},
				"west": {"uv": [12, 0, 12.5, 0.5], "texture": "#1"},
				"up": {"uv": [1, 12.5, 0.5, 12], "texture": "#1"},
				"down": {"uv": [12.5, 0.5, 12, 1], "texture": "#1"}
			}
		},
		{
			"from": [-3.5, 18.45, 6.2],
			"to": [-2.9, 19.05, 6.6],
			"rotation": {"angle": -45, "axis": "z", "origin": [0, 4.25, -1]},
			"faces": {
				"north": {"uv": [1, 12, 1.5, 12.5], "texture": "#1"},
				"east": {"uv": [12, 1, 12.5, 1.5], "texture": "#1"},
				"south": {"uv": [1.5, 12, 2, 12.5], "texture": "#1"},
				"west": {"uv": [12, 1.5, 12.5, 2], "texture": "#1"},
				"up": {"uv": [2.5, 12.5, 2, 12], "texture": "#1"},
				"down": {"uv": [12.5, 2, 12, 2.5], "texture": "#1"}
			}
		},
		{
			"from": [-3.5, 18.45, 9.4],
			"to": [-2.9, 19.05, 9.8],
			"rotation": {"angle": -45, "axis": "z", "origin": [0, 4.25, -1]},
			"faces": {
				"north": {"uv": [2.5, 12, 3, 12.5], "texture": "#1"},
				"east": {"uv": [12, 2.5, 12.5, 3], "texture": "#1"},
				"south": {"uv": [3, 12, 3.5, 12.5], "texture": "#1"},
				"west": {"uv": [12, 3, 12.5, 3.5], "texture": "#1"},
				"up": {"uv": [4, 12.5, 3.5, 12], "texture": "#1"},
				"down": {"uv": [12.5, 3.5, 12, 4], "texture": "#1"}
			}
		},
		{
			"from": [-5.7, 16.95, 6.8],
			"to": [-5.2, 17.45, 9.2],
			"rotation": {"angle": -45, "axis": "z", "origin": [0, 4.25, -1]},
			"faces": {
				"north": {"uv": [4, 12, 4.5, 12.5], "texture": "#1"},
				"east": {"uv": [10.5, 8.5, 11.5, 9], "texture": "#1"},
				"south": {"uv": [12, 4, 12.5, 4.5], "texture": "#1"},
				"west": {"uv": [9, 10.5, 10, 11], "texture": "#1"},
				"up": {"uv": [11, 10, 10.5, 9], "texture": "#1"},
				"down": {"uv": [10.5, 10.5, 10, 11.5], "texture": "#1"}
			}
		},
		{
			"from": [-1.9, 20.75, 6.8],
			"to": [-1.4, 21.25, 9.2],
			"rotation": {"angle": -45, "axis": "z", "origin": [0, 4.25, -1]},
			"faces": {
				"north": {"uv": [4.5, 12, 5, 12.5], "texture": "#1"},
				"east": {"uv": [10.5, 10, 11.5, 10.5], "texture": "#1"},
				"south": {"uv": [12, 4.5, 12.5, 5], "texture": "#1"},
				"west": {"uv": [10.5, 10.5, 11.5, 11], "texture": "#1"},
				"up": {"uv": [0.5, 12, 0, 11], "texture": "#1"},
				"down": {"uv": [1, 11, 0.5, 12], "texture": "#1"}
			}
		},
		{
			"from": [0.1, 22.16421, 6.8],
			"to": [0.6, 22.66421, 9.2],
			"rotation": {"angle": -45, "axis": "z", "origin": [0, 5.66421, -1]},
			"faces": {
				"north": {"uv": [5, 12, 5.5, 12.5], "texture": "#1"},
				"east": {"uv": [1, 11, 2, 11.5], "texture": "#1"},
				"south": {"uv": [12, 5, 12.5, 5.5], "texture": "#1"},
				"west": {"uv": [2, 11, 3, 11.5], "texture": "#1"},
				"up": {"uv": [11.5, 3, 11, 2], "texture": "#1"},
				"down": {"uv": [3.5, 11, 3, 12], "texture": "#1"}
			}
		},
		{
			"from": [-5.7, 16.36421, 6.8],
			"to": [-5.2, 16.86421, 9.2],
			"rotation": {"angle": -45, "axis": "z", "origin": [0, 5.66421, -1]},
			"faces": {
				"north": {"uv": [5.5, 12, 6, 12.5], "texture": "#1"},
				"east": {"uv": [11, 3, 12, 3.5], "texture": "#1"},
				"south": {"uv": [12, 5.5, 12.5, 6], "texture": "#1"},
				"west": {"uv": [3.5, 11, 4.5, 11.5], "texture": "#1"},
				"up": {"uv": [11.5, 4.5, 11, 3.5], "texture": "#1"},
				"down": {"uv": [5, 11, 4.5, 12], "texture": "#1"}
			}
		},
		{
			"from": [6.68216, 17.57896, 6.5],
			"to": [7.18216, 18.07896, 6.5],
			"rotation": {"angle": 0, "axis": "y", "origin": [-7.46784, 12.57896, -4]},
			"faces": {
				"north": {"uv": [6, 12, 6.5, 12.5], "texture": "#1"},
				"east": {"uv": [0, 0, 0, 0.5], "texture": "#1"},
				"south": {"uv": [12, 6, 12.5, 6.5], "texture": "#1"},
				"west": {"uv": [0, 0, 0, 0.5], "texture": "#1"},
				"up": {"uv": [0.5, 0, 0, 0], "texture": "#1"},
				"down": {"uv": [0.5, 0, 0, 0], "texture": "#1"}
			}
		},
		{
			"from": [6.68216, 15.45262, 6.5],
			"to": [7.18216, 15.95262, 6.5],
			"rotation": {"angle": 0, "axis": "y", "origin": [-8.46784, 14.45262, -4]},
			"faces": {
				"north": {"uv": [6.5, 12, 7, 12.5], "texture": "#1"},
				"east": {"uv": [0, 0, 0, 0.5], "texture": "#1"},
				"south": {"uv": [12, 6.5, 12.5, 7], "texture": "#1"},
				"west": {"uv": [0, 0, 0, 0.5], "texture": "#1"},
				"up": {"uv": [0.5, 0, 0, 0], "texture": "#1"},
				"down": {"uv": [0.5, 0, 0, 0], "texture": "#1"}
			}
		},
		{
			"from": [11.67312, 29.96267, 6.5],
			"to": [12.17312, 30.46267, 6.5],
			"rotation": {"angle": -45, "axis": "z", "origin": [-4.47688, 28.96267, -4]},
			"faces": {
				"north": {"uv": [7, 12, 7.5, 12.5], "texture": "#1"},
				"east": {"uv": [0, 0, 0, 0.5], "texture": "#1"},
				"south": {"uv": [12, 7, 12.5, 7.5], "texture": "#1"},
				"west": {"uv": [0, 0, 0, 0.5], "texture": "#1"},
				"up": {"uv": [0.5, 0, 0, 0], "texture": "#1"},
				"down": {"uv": [0.5, 0, 0, 0], "texture": "#1"}
			}
		},
		{
			"from": [8.80348, 17.57394, 6.5],
			"to": [9.30348, 18.07394, 6.5],
			"rotation": {"angle": 0, "axis": "y", "origin": [-6.34652, 16.57394, -4]},
			"faces": {
				"north": {"uv": [7.5, 12, 8, 12.5], "texture": "#1"},
				"east": {"uv": [0, 0, 0, 0.5], "texture": "#1"},
				"south": {"uv": [12, 7.5, 12.5, 8], "texture": "#1"},
				"west": {"uv": [0, 0, 0, 0.5], "texture": "#1"},
				"up": {"uv": [0.5, 0, 0, 0], "texture": "#1"},
				"down": {"uv": [0.5, 0, 0, 0], "texture": "#1"}
			}
		},
		{
			"from": [11.67312, 26.96267, 6.5],
			"to": [12.17312, 27.46267, 6.5],
			"rotation": {"angle": -45, "axis": "z", "origin": [-4.47688, 25.96267, -4]},
			"faces": {
				"north": {"uv": [8, 12, 8.5, 12.5], "texture": "#1"},
				"east": {"uv": [0, 0, 0, 0.5], "texture": "#1"},
				"south": {"uv": [12, 8, 12.5, 8.5], "texture": "#1"},
				"west": {"uv": [0, 0, 0, 0.5], "texture": "#1"},
				"up": {"uv": [0.5, 0, 0, 0], "texture": "#1"},
				"down": {"uv": [0.5, 0, 0, 0], "texture": "#1"}
			}
		},
		{
			"from": [10.16957, 28.45911, 6.5],
			"to": [10.66957, 28.95911, 6.5],
			"rotation": {"angle": -45, "axis": "z", "origin": [-5.98043, 27.45911, -4]},
			"faces": {
				"north": {"uv": [8.5, 12, 9, 12.5], "texture": "#1"},
				"east": {"uv": [0, 0, 0, 0.5], "texture": "#1"},
				"south": {"uv": [12, 8.5, 12.5, 9], "texture": "#1"},
				"west": {"uv": [0, 0, 0, 0.5], "texture": "#1"},
				"up": {"uv": [0.5, 0, 0, 0], "texture": "#1"},
				"down": {"uv": [0.5, 0, 0, 0], "texture": "#1"}
			}
		},
		{
			"from": [6.5, 16.4, 6.5],
			"to": [7.5, 17.1, 6.5],
			"rotation": {"angle": 0, "axis": "y", "origin": [0, 4.25, -4]},
			"faces": {
				"north": {"uv": [9, 12, 9.5, 12.5], "texture": "#1"},
				"east": {"uv": [0, 0, 0, 0.5], "texture": "#1"},
				"south": {"uv": [12, 9, 12.5, 9.5], "texture": "#1"},
				"west": {"uv": [0, 0, 0, 0.5], "texture": "#1"},
				"up": {"uv": [0.5, 0, 0, 0], "texture": "#1"},
				"down": {"uv": [0.5, 0, 0, 0], "texture": "#1"}
			}
		},
		{
			"from": [13.16957, 28.45911, 6.5],
			"to": [13.66957, 28.95911, 6.5],
			"rotation": {"angle": -45, "axis": "z", "origin": [-2.98043, 27.45911, -4]},
			"faces": {
				"north": {"uv": [9.5, 12, 10, 12.5], "texture": "#1"},
				"east": {"uv": [0, 0, 0, 0.5], "texture": "#1"},
				"south": {"uv": [12, 9.5, 12.5, 10], "texture": "#1"},
				"west": {"uv": [0, 0, 0, 0.5], "texture": "#1"},
				"up": {"uv": [0.5, 0, 0, 0], "texture": "#1"},
				"down": {"uv": [0.5, 0, 0, 0], "texture": "#1"}
			}
		},
		{
			"from": [8.79845, 15.45262, 6.5],
			"to": [9.29845, 15.95262, 6.5],
			"rotation": {"angle": 0, "axis": "y", "origin": [-5.35155, 14.45262, -4]},
			"faces": {
				"north": {"uv": [10, 12, 10.5, 12.5], "texture": "#1"},
				"east": {"uv": [0, 0, 0, 0.5], "texture": "#1"},
				"south": {"uv": [12, 10, 12.5, 10.5], "texture": "#1"},
				"west": {"uv": [0, 0, 0, 0.5], "texture": "#1"},
				"up": {"uv": [0.5, 0, 0, 0], "texture": "#1"},
				"down": {"uv": [0.5, 0, 0, 0], "texture": "#1"}
			}
		},
		{
			"from": [-4.7, 18.4, 6.5],
			"to": [-3.7, 19.1, 6.5],
			"rotation": {"angle": -45, "axis": "z", "origin": [0, 4.25, -4]},
			"faces": {
				"north": {"uv": [10.5, 12, 11, 12.5], "texture": "#1"},
				"east": {"uv": [0, 0, 0, 0.5], "texture": "#1"},
				"south": {"uv": [12, 10.5, 12.5, 11], "texture": "#1"},
				"west": {"uv": [0, 0, 0, 0.5], "texture": "#1"},
				"up": {"uv": [0.5, 0, 0, 0], "texture": "#1"},
				"down": {"uv": [0.5, 0, 0, 0], "texture": "#1"}
			}
		},
		{
			"from": [13, 7.1, 6.5],
			"to": [14, 7.8, 6.5],
			"rotation": {"angle": 45, "axis": "z", "origin": [0, 4.25, -4]},
			"faces": {
				"north": {"uv": [11, 12, 11.5, 12.5], "texture": "#1"},
				"east": {"uv": [0, 0, 0, 0.5], "texture": "#1"},
				"south": {"uv": [12, 11, 12.5, 11.5], "texture": "#1"},
				"west": {"uv": [0, 0, 0, 0.5], "texture": "#1"},
				"up": {"uv": [0.5, 0, 0, 0], "texture": "#1"},
				"down": {"uv": [0.5, 0, 0, 0], "texture": "#1"}
			}
		},
		{
			"from": [15, 7.1, 6.5],
			"to": [16, 7.8, 6.5],
			"rotation": {"angle": 45, "axis": "z", "origin": [0, 4.25, -4]},
			"faces": {
				"north": {"uv": [11.5, 12, 12, 12.5], "texture": "#1"},
				"east": {"uv": [0, 0, 0, 0.5], "texture": "#1"},
				"south": {"uv": [12, 11.5, 12.5, 12], "texture": "#1"},
				"west": {"uv": [0, 0, 0, 0.5], "texture": "#1"},
				"up": {"uv": [0.5, 0, 0, 0], "texture": "#1"},
				"down": {"uv": [0.5, 0, 0, 0], "texture": "#1"}
			}
		}
	],
	"gui_light": "front",
	"display": {
		"thirdperson_righthand": {
			"rotation": [-60, 90, 60],
			"translation": [0, 2, 1.25],
			"scale": [0.85, 0.85, 0.85]
		},
		"thirdperson_lefthand": {
			"rotation": [-60, 90, 60],
			"translation": [0, 2, 1.25],
			"scale": [0.85, 0.85, 0.85]
		},
		"firstperson_righthand": {
			"rotation": [10, -90, 25],
			"translation": [1.13, 3.2, 1.13],
			"scale": [0.68, 0.68, 0.68]
		},
		"firstperson_lefthand": {
			"rotation": [10, 90, -25],
			"translation": [1.13, 3.2, 1.13],
			"scale": [0.68, 0.68, 0.68]
		},
		"ground": {
			"rotation": [90, 0, 40],
			"translation": [-3, 0, 1.75],
			"scale": [0.85, 0.85, 0.85]
		},
		"gui": {
			"rotation": [0, 0, -45],
			"translation": [-1, -1, 0],
			"scale": [0.65, 0.65, 0.65]
		},
		"head": {
			"rotation": [0, 0, -45],
			"translation": [0.25, -16, 3.5]
		},
		"fixed": {
			"rotation": [0, 0, 45],
			"translation": [1.25, -1, 0],
			"scale": [0.85, 0.85, 0.85]
		}
	},
	"groups": [
		{
			"name": "cherrypickaxe",
			"origin": [8, 8, 8],
			"color": 0,
			"children": [
				{
					"name": "group",
					"origin": [0, 0, 0],
					"color": 0,
					"children": [
						0,
						1,
						2,
						3,
						4,
						5,
						6,
						7,
						{
							"name": "group",
							"origin": [8, 8, 8],
							"color": 0,
							"children": [
								8,
								9,
								10,
								11,
								{
									"name": "group",
									"origin": [8, 8, 8],
									"color": 0,
									"children": [
										12,
										13,
										14,
										15,
										{
											"name": "group",
											"origin": [8, 8, 8],
											"color": 0,
											"children": [
												16,
												17,
												18,
												19,
												20,
												21,
												22,
												23,
												24,
												25,
												26,
												27,
												28,
												29,
												30,
												31,
												32,
												{
													"name": "group",
													"origin": [8, 8, 8],
													"color": 0,
													"children": [33, 34, 35, 36, 37, 38, 39, 40, 41, 42, 43, 44, 45, 46, 47, 48, 49, 50, 51, 52, 53, 54, 55]
												}
											]
										}
									]
								}
							]
						}
					]
				}
			]
		}
	]
}