{
	"credit": "Made with Blockbench",
	"texture_size": [32, 32],
	"textures": {
		"1": "items/tool/cherry_shovels",
		"particle": "items/tool/cherry_shovels"
	},
	"elements": [
		{
			"from": [7, -4.61422, 7],
			"to": [9, 3.38578, 9],
			"rotation": {"angle": 0, "axis": "y", "origin": [0, 0.38578, -1]},
			"faces": {
				"north": {"uv": [3, 0, 4, 4], "texture": "#1"},
				"east": {"uv": [4, 0, 5, 4], "texture": "#1"},
				"south": {"uv": [3, 4, 4, 8], "texture": "#1"},
				"west": {"uv": [4, 4, 5, 8], "texture": "#1"},
				"up": {"uv": [9, 7.5, 8, 6.5], "texture": "#1"},
				"down": {"uv": [9, 7.5, 8, 8.5], "texture": "#1"}
			}
		},
		{
			"from": [7, 4.38578, 7],
			"to": [9, 5.38578, 9],
			"rotation": {"angle": 0, "axis": "y", "origin": [0, 0.38578, -1]},
			"faces": {
				"north": {"uv": [10, 4.5, 11, 5], "texture": "#1"},
				"east": {"uv": [10, 5, 11, 5.5], "texture": "#1"},
				"south": {"uv": [10, 5.5, 11, 6], "texture": "#1"},
				"west": {"uv": [10, 6, 11, 6.5], "texture": "#1"},
				"up": {"uv": [1, 9.5, 0, 8.5], "texture": "#1"},
				"down": {"uv": [2, 8.5, 1, 9.5], "texture": "#1"}
			}
		},
		{
			"from": [7.2, -7.61422, 7.2],
			"to": [8.8, -4.61422, 8.8],
			"rotation": {"angle": 0, "axis": "y", "origin": [0, 0.38578, -1]},
			"faces": {
				"north": {"uv": [7, 7.5, 8, 9], "texture": "#1"},
				"east": {"uv": [8, 0, 9, 1.5], "texture": "#1"},
				"south": {"uv": [8, 1.5, 9, 3], "texture": "#1"},
				"west": {"uv": [3, 8, 4, 9.5], "texture": "#1"},
				"up": {"uv": [3, 9.5, 2, 8.5], "texture": "#1"},
				"down": {"uv": [9.5, 4, 8.5, 5], "texture": "#1"}
			}
		},
		{
			"from": [7.2, 3.38578, 7.2],
			"to": [8.8, 9.38578, 8.8],
			"rotation": {"angle": 0, "axis": "y", "origin": [0, 0.38578, -1]},
			"faces": {
				"north": {"uv": [5, 3.5, 6, 6.5], "texture": "#1"},
				"east": {"uv": [6, 0, 7, 3], "texture": "#1"},
				"south": {"uv": [6, 3, 7, 6], "texture": "#1"},
				"west": {"uv": [6, 6, 7, 9], "texture": "#1"},
				"up": {"uv": [9.5, 6, 8.5, 5], "texture": "#1"},
				"down": {"uv": [9, 8.5, 8, 9.5], "texture": "#1"}
			}
		},
		{
			"from": [7, -6.61422, 7],
			"to": [9, -5.61422, 9],
			"rotation": {"angle": 0, "axis": "y", "origin": [0, 0.38578, -1]},
			"faces": {
				"north": {"uv": [6.5, 10, 7.5, 10.5], "texture": "#1"},
				"east": {"uv": [10, 6.5, 11, 7], "texture": "#1"},
				"south": {"uv": [10, 7, 11, 7.5], "texture": "#1"},
				"west": {"uv": [10, 7.5, 11, 8], "texture": "#1"},
				"up": {"uv": [10, 1, 9, 0], "texture": "#1"},
				"down": {"uv": [10, 1, 9, 2], "texture": "#1"}
			}
		},
		{
			"from": [6.8, 7.38578, 6.8],
			"to": [9.2, 12.38578, 9.2],
			"rotation": {"angle": 0, "axis": "y", "origin": [0, 0.38578, -1]},
			"faces": {
				"north": {"uv": [5, 6.5, 6, 9], "texture": "#1"},
				"east": {"uv": [7, 0, 8, 2.5], "texture": "#1"},
				"south": {"uv": [7, 2.5, 8, 5], "texture": "#1"},
				"west": {"uv": [7, 5, 8, 7.5], "texture": "#1"},
				"up": {"uv": [10, 3, 9, 2], "texture": "#1"},
				"down": {"uv": [5.5, 9, 4.5, 10], "texture": "#1"}
			}
		},
		{
			"from": [7, 6.38578, 7],
			"to": [9, 13.38578, 9],
			"rotation": {"angle": 0, "axis": "y", "origin": [0, 0.38578, -1]},
			"faces": {
				"north": {"uv": [0, 5, 1, 8.5], "texture": "#1"},
				"east": {"uv": [5, 0, 6, 3.5], "texture": "#1"},
				"south": {"uv": [1, 5, 2, 8.5], "texture": "#1"},
				"west": {"uv": [2, 5, 3, 8.5], "texture": "#1"},
				"up": {"uv": [6.5, 10, 5.5, 9], "texture": "#1"},
				"down": {"uv": [10, 6, 9, 7], "texture": "#1"}
			}
		},
		{
			"from": [7.65, 8.38578, 9.5],
			"to": [8.35, 9.38578, 9.5],
			"rotation": {"angle": 0, "axis": "y", "origin": [0, -2.61422, -1]},
			"faces": {
				"north": {"uv": [8.5, 6, 9, 6.5], "texture": "#1"},
				"east": {"uv": [0, 0, 0, 0.5], "texture": "#1"},
				"south": {"uv": [5, 10.5, 5.5, 11], "texture": "#1"},
				"west": {"uv": [0, 0, 0, 0.5], "texture": "#1"},
				"up": {"uv": [0.5, 0, 0, 0], "texture": "#1"},
				"down": {"uv": [0.5, 0, 0, 0], "texture": "#1"}
			}
		},
		{
			"from": [7.65, 10.38578, 9.5],
			"to": [8.35, 11.38578, 9.5],
			"rotation": {"angle": 0, "axis": "y", "origin": [0, -2.61422, -1]},
			"faces": {
				"north": {"uv": [5.5, 10.5, 6, 11], "texture": "#1"},
				"east": {"uv": [0, 0, 0, 0.5], "texture": "#1"},
				"south": {"uv": [6, 10.5, 6.5, 11], "texture": "#1"},
				"west": {"uv": [0, 0, 0, 0.5], "texture": "#1"},
				"up": {"uv": [0.5, 0, 0, 0], "texture": "#1"},
				"down": {"uv": [0.5, 0, 0, 0], "texture": "#1"}
			}
		},
		{
			"from": [8.5, 9.53579, 9.5],
			"to": [9.5, 10.23579, 9.5],
			"rotation": {"angle": 0, "axis": "y", "origin": [0, -2.61422, -1]},
			"faces": {
				"north": {"uv": [6.5, 10.5, 7, 11], "texture": "#1"},
				"east": {"uv": [0, 0, 0, 0.5], "texture": "#1"},
				"south": {"uv": [7, 10.5, 7.5, 11], "texture": "#1"},
				"west": {"uv": [0, 0, 0, 0.5], "texture": "#1"},
				"up": {"uv": [0.5, 0, 0, 0], "texture": "#1"},
				"down": {"uv": [0.5, 0, 0, 0], "texture": "#1"}
			}
		},
		{
			"from": [-3.5, 11.58578, 9.4],
			"to": [-2.9, 12.18579, 9.8],
			"rotation": {"angle": -45, "axis": "z", "origin": [0, -2.61422, -1]},
			"faces": {
				"north": {"uv": [10.5, 8, 11, 8.5], "texture": "#1"},
				"east": {"uv": [10.5, 8.5, 11, 9], "texture": "#1"},
				"south": {"uv": [10.5, 9, 11, 9.5], "texture": "#1"},
				"west": {"uv": [9.5, 10.5, 10, 11], "texture": "#1"},
				"up": {"uv": [11, 10, 10.5, 9.5], "texture": "#1"},
				"down": {"uv": [10.5, 10.5, 10, 11], "texture": "#1"}
			}
		},
		{
			"from": [-2.7, 11.53579, 9.5],
			"to": [-1.7, 12.23579, 9.5],
			"rotation": {"angle": -45, "axis": "z", "origin": [0, -2.61422, -1]},
			"faces": {
				"north": {"uv": [10.5, 10, 11, 10.5], "texture": "#1"},
				"east": {"uv": [0, 0, 0, 0.5], "texture": "#1"},
				"south": {"uv": [10.5, 10.5, 11, 11], "texture": "#1"},
				"west": {"uv": [0, 0, 0, 0.5], "texture": "#1"},
				"up": {"uv": [0.5, 0, 0, 0], "texture": "#1"},
				"down": {"uv": [0.5, 0, 0, 0], "texture": "#1"}
			}
		},
		{
			"from": [6.68216, 10.71475, 9.5],
			"to": [7.18216, 11.21475, 9.5],
			"rotation": {"angle": 0, "axis": "y", "origin": [-7.46784, 5.71475, -1]},
			"faces": {
				"north": {"uv": [0, 11, 0.5, 11.5], "texture": "#1"},
				"east": {"uv": [0, 0, 0, 0.5], "texture": "#1"},
				"south": {"uv": [0.5, 11, 1, 11.5], "texture": "#1"},
				"west": {"uv": [0, 0, 0, 0.5], "texture": "#1"},
				"up": {"uv": [0.5, 0, 0, 0], "texture": "#1"},
				"down": {"uv": [0.5, 0, 0, 0], "texture": "#1"}
			}
		},
		{
			"from": [6.68216, 8.5884, 9.5],
			"to": [7.18216, 9.0884, 9.5],
			"rotation": {"angle": 0, "axis": "y", "origin": [-8.46784, 7.5884, -1]},
			"faces": {
				"north": {"uv": [1, 11, 1.5, 11.5], "texture": "#1"},
				"east": {"uv": [0, 0, 0, 0.5], "texture": "#1"},
				"south": {"uv": [1.5, 11, 2, 11.5], "texture": "#1"},
				"west": {"uv": [0, 0, 0, 0.5], "texture": "#1"},
				"up": {"uv": [0.5, 0, 0, 0], "texture": "#1"},
				"down": {"uv": [0.5, 0, 0, 0], "texture": "#1"}
			}
		},
		{
			"from": [11.67312, 23.09846, 9.5],
			"to": [12.17312, 23.59846, 9.5],
			"rotation": {"angle": -45, "axis": "z", "origin": [-4.47688, 22.09846, -1]},
			"faces": {
				"north": {"uv": [11, 3, 11.5, 3.5], "texture": "#1"},
				"east": {"uv": [0, 0, 0, 0.5], "texture": "#1"},
				"south": {"uv": [11, 3.5, 11.5, 4], "texture": "#1"},
				"west": {"uv": [0, 0, 0, 0.5], "texture": "#1"},
				"up": {"uv": [0.5, 0, 0, 0], "texture": "#1"},
				"down": {"uv": [0.5, 0, 0, 0], "texture": "#1"}
			}
		},
		{
			"from": [8.80348, 10.70972, 9.5],
			"to": [9.30348, 11.20972, 9.5],
			"rotation": {"angle": 0, "axis": "y", "origin": [-6.34652, 9.70972, -1]},
			"faces": {
				"north": {"uv": [4, 11, 4.5, 11.5], "texture": "#1"},
				"east": {"uv": [0, 0, 0, 0.5], "texture": "#1"},
				"south": {"uv": [4.5, 11, 5, 11.5], "texture": "#1"},
				"west": {"uv": [0, 0, 0, 0.5], "texture": "#1"},
				"up": {"uv": [0.5, 0, 0, 0], "texture": "#1"},
				"down": {"uv": [0.5, 0, 0, 0], "texture": "#1"}
			}
		},
		{
			"from": [11.67312, 20.09845, 9.5],
			"to": [12.17312, 20.59845, 9.5],
			"rotation": {"angle": -45, "axis": "z", "origin": [-4.47688, 19.09845, -1]},
			"faces": {
				"north": {"uv": [11, 4.5, 11.5, 5], "texture": "#1"},
				"east": {"uv": [0, 0, 0, 0.5], "texture": "#1"},
				"south": {"uv": [5, 11, 5.5, 11.5], "texture": "#1"},
				"west": {"uv": [0, 0, 0, 0.5], "texture": "#1"},
				"up": {"uv": [0.5, 0, 0, 0], "texture": "#1"},
				"down": {"uv": [0.5, 0, 0, 0], "texture": "#1"}
			}
		},
		{
			"from": [10.16957, 21.59489, 9.5],
			"to": [10.66957, 22.09489, 9.5],
			"rotation": {"angle": -45, "axis": "z", "origin": [-5.98043, 20.59489, -1]},
			"faces": {
				"north": {"uv": [11, 5, 11.5, 5.5], "texture": "#1"},
				"east": {"uv": [0, 0, 0, 0.5], "texture": "#1"},
				"south": {"uv": [5.5, 11, 6, 11.5], "texture": "#1"},
				"west": {"uv": [0, 0, 0, 0.5], "texture": "#1"},
				"up": {"uv": [0.5, 0, 0, 0], "texture": "#1"},
				"down": {"uv": [0.5, 0, 0, 0], "texture": "#1"}
			}
		},
		{
			"from": [6.5, 9.53579, 9.5],
			"to": [7.5, 10.23579, 9.5],
			"rotation": {"angle": 0, "axis": "y", "origin": [0, -2.61422, -1]},
			"faces": {
				"north": {"uv": [11, 5.5, 11.5, 6], "texture": "#1"},
				"east": {"uv": [0, 0, 0, 0.5], "texture": "#1"},
				"south": {"uv": [6, 11, 6.5, 11.5], "texture": "#1"},
				"west": {"uv": [0, 0, 0, 0.5], "texture": "#1"},
				"up": {"uv": [0.5, 0, 0, 0], "texture": "#1"},
				"down": {"uv": [0.5, 0, 0, 0], "texture": "#1"}
			}
		},
		{
			"from": [13.16957, 21.59489, 9.5],
			"to": [13.66957, 22.09489, 9.5],
			"rotation": {"angle": -45, "axis": "z", "origin": [-2.98043, 20.59489, -1]},
			"faces": {
				"north": {"uv": [11, 6, 11.5, 6.5], "texture": "#1"},
				"east": {"uv": [0, 0, 0, 0.5], "texture": "#1"},
				"south": {"uv": [6.5, 11, 7, 11.5], "texture": "#1"},
				"west": {"uv": [0, 0, 0, 0.5], "texture": "#1"},
				"up": {"uv": [0.5, 0, 0, 0], "texture": "#1"},
				"down": {"uv": [0.5, 0, 0, 0], "texture": "#1"}
			}
		},
		{
			"from": [8.79845, 8.5884, 9.5],
			"to": [9.29845, 9.0884, 9.5],
			"rotation": {"angle": 0, "axis": "y", "origin": [-5.35155, 7.5884, -1]},
			"faces": {
				"north": {"uv": [11, 6.5, 11.5, 7], "texture": "#1"},
				"east": {"uv": [0, 0, 0, 0.5], "texture": "#1"},
				"south": {"uv": [7, 11, 7.5, 11.5], "texture": "#1"},
				"west": {"uv": [0, 0, 0, 0.5], "texture": "#1"},
				"up": {"uv": [0.5, 0, 0, 0], "texture": "#1"},
				"down": {"uv": [0.5, 0, 0, 0], "texture": "#1"}
			}
		},
		{
			"from": [-3.7, 11.38578, 8.25],
			"to": [-2.7, 12.38578, 9.6],
			"rotation": {"angle": -45, "axis": "z", "origin": [0, -2.61422, -1]},
			"faces": {
				"north": {"uv": [11, 7, 11.5, 7.5], "texture": "#1"},
				"east": {"uv": [7.5, 11, 8, 11.5], "texture": "#1"},
				"south": {"uv": [11, 7.5, 11.5, 8], "texture": "#1"},
				"west": {"uv": [11, 8, 11.5, 8.5], "texture": "#1"},
				"up": {"uv": [11.5, 9, 11, 8.5], "texture": "#1"},
				"down": {"uv": [9.5, 11, 9, 11.5], "texture": "#1"}
			}
		},
		{
			"from": [-4.7, 11.53579, 9.5],
			"to": [-3.7, 12.23579, 9.5],
			"rotation": {"angle": -45, "axis": "z", "origin": [0, -2.61422, -1]},
			"faces": {
				"north": {"uv": [11, 9, 11.5, 9.5], "texture": "#1"},
				"east": {"uv": [0, 0, 0, 0.5], "texture": "#1"},
				"south": {"uv": [9.5, 11, 10, 11.5], "texture": "#1"},
				"west": {"uv": [0, 0, 0, 0.5], "texture": "#1"},
				"up": {"uv": [0.5, 0, 0, 0], "texture": "#1"},
				"down": {"uv": [0.5, 0, 0, 0], "texture": "#1"}
			}
		},
		{
			"from": [13, 0.23578, 9.5],
			"to": [14, 0.93578, 9.5],
			"rotation": {"angle": 45, "axis": "z", "origin": [0, -2.61422, -1]},
			"faces": {
				"north": {"uv": [11, 9.5, 11.5, 10], "texture": "#1"},
				"east": {"uv": [0, 0, 0, 0.5], "texture": "#1"},
				"south": {"uv": [10, 11, 10.5, 11.5], "texture": "#1"},
				"west": {"uv": [0, 0, 0, 0.5], "texture": "#1"},
				"up": {"uv": [0.5, 0, 0, 0], "texture": "#1"},
				"down": {"uv": [0.5, 0, 0, 0], "texture": "#1"}
			}
		},
		{
			"from": [15, 0.23578, 9.5],
			"to": [16, 0.93578, 9.5],
			"rotation": {"angle": 45, "axis": "z", "origin": [0, -2.61422, -1]},
			"faces": {
				"north": {"uv": [11, 10, 11.5, 10.5], "texture": "#1"},
				"east": {"uv": [0, 0, 0, 0.5], "texture": "#1"},
				"south": {"uv": [10.5, 11, 11, 11.5], "texture": "#1"},
				"west": {"uv": [0, 0, 0, 0.5], "texture": "#1"},
				"up": {"uv": [0.5, 0, 0, 0], "texture": "#1"},
				"down": {"uv": [0.5, 0, 0, 0], "texture": "#1"}
			}
		},
		{
			"from": [7.65, 8.38578, 6.5],
			"to": [8.35, 9.38578, 6.5],
			"rotation": {"angle": 0, "axis": "y", "origin": [0, -2.61422, -4]},
			"faces": {
				"north": {"uv": [11, 10.5, 11.5, 11], "texture": "#1"},
				"east": {"uv": [0, 0, 0, 0.5], "texture": "#1"},
				"south": {"uv": [11, 11, 11.5, 11.5], "texture": "#1"},
				"west": {"uv": [0, 0, 0, 0.5], "texture": "#1"},
				"up": {"uv": [0.5, 0, 0, 0], "texture": "#1"},
				"down": {"uv": [0.5, 0, 0, 0], "texture": "#1"}
			}
		},
		{
			"from": [7.65, 10.38578, 6.5],
			"to": [8.35, 11.38578, 6.5],
			"rotation": {"angle": 0, "axis": "y", "origin": [0, -2.61422, -4]},
			"faces": {
				"north": {"uv": [0, 11.5, 0.5, 12], "texture": "#1"},
				"east": {"uv": [0, 0, 0, 0.5], "texture": "#1"},
				"south": {"uv": [0.5, 11.5, 1, 12], "texture": "#1"},
				"west": {"uv": [0, 0, 0, 0.5], "texture": "#1"},
				"up": {"uv": [0.5, 0, 0, 0], "texture": "#1"},
				"down": {"uv": [0.5, 0, 0, 0], "texture": "#1"}
			}
		},
		{
			"from": [8.5, 9.53579, 6.5],
			"to": [9.5, 10.23579, 6.5],
			"rotation": {"angle": 0, "axis": "y", "origin": [0, -2.61422, -4]},
			"faces": {
				"north": {"uv": [1, 11.5, 1.5, 12], "texture": "#1"},
				"east": {"uv": [0, 0, 0, 0.5], "texture": "#1"},
				"south": {"uv": [1.5, 11.5, 2, 12], "texture": "#1"},
				"west": {"uv": [0, 0, 0, 0.5], "texture": "#1"},
				"up": {"uv": [0.5, 0, 0, 0], "texture": "#1"},
				"down": {"uv": [0.5, 0, 0, 0], "texture": "#1"}
			}
		},
		{
			"from": [-2.7, 11.53579, 6.5],
			"to": [-1.7, 12.23579, 6.5],
			"rotation": {"angle": -45, "axis": "z", "origin": [0, -2.61422, -4]},
			"faces": {
				"north": {"uv": [2, 11.5, 2.5, 12], "texture": "#1"},
				"east": {"uv": [0, 0, 0, 0.5], "texture": "#1"},
				"south": {"uv": [2.5, 11.5, 3, 12], "texture": "#1"},
				"west": {"uv": [0, 0, 0, 0.5], "texture": "#1"},
				"up": {"uv": [0.5, 0, 0, 0], "texture": "#1"},
				"down": {"uv": [0.5, 0, 0, 0], "texture": "#1"}
			}
		},
		{
			"from": [-3.7, 11.38578, 6.4],
			"to": [-2.7, 12.38578, 7.75],
			"rotation": {"angle": -45, "axis": "z", "origin": [0, -2.61422, -1]},
			"faces": {
				"north": {"uv": [3, 11.5, 3.5, 12], "texture": "#1"},
				"east": {"uv": [11.5, 3, 12, 3.5], "texture": "#1"},
				"south": {"uv": [3.5, 11.5, 4, 12], "texture": "#1"},
				"west": {"uv": [11.5, 3.5, 12, 4], "texture": "#1"},
				"up": {"uv": [4.5, 12, 4, 11.5], "texture": "#1"},
				"down": {"uv": [5, 11.5, 4.5, 12], "texture": "#1"}
			}
		},
		{
			"from": [-3.5, 11.58578, 6.2],
			"to": [-2.9, 12.18579, 6.6],
			"rotation": {"angle": -45, "axis": "z", "origin": [0, -2.61422, -1]},
			"faces": {
				"north": {"uv": [11.5, 4.5, 12, 5], "texture": "#1"},
				"east": {"uv": [5, 11.5, 5.5, 12], "texture": "#1"},
				"south": {"uv": [11.5, 5, 12, 5.5], "texture": "#1"},
				"west": {"uv": [5.5, 11.5, 6, 12], "texture": "#1"},
				"up": {"uv": [12, 6, 11.5, 5.5], "texture": "#1"},
				"down": {"uv": [6.5, 11.5, 6, 12], "texture": "#1"}
			}
		},
		{
			"from": [6.68216, 10.71475, 6.5],
			"to": [7.18216, 11.21475, 6.5],
			"rotation": {"angle": 0, "axis": "y", "origin": [-7.46784, 5.71475, -4]},
			"faces": {
				"north": {"uv": [11.5, 6, 12, 6.5], "texture": "#1"},
				"east": {"uv": [0, 0, 0, 0.5], "texture": "#1"},
				"south": {"uv": [6.5, 11.5, 7, 12], "texture": "#1"},
				"west": {"uv": [0, 0, 0, 0.5], "texture": "#1"},
				"up": {"uv": [0.5, 0, 0, 0], "texture": "#1"},
				"down": {"uv": [0.5, 0, 0, 0], "texture": "#1"}
			}
		},
		{
			"from": [6.68216, 8.5884, 6.5],
			"to": [7.18216, 9.0884, 6.5],
			"rotation": {"angle": 0, "axis": "y", "origin": [-8.46784, 7.5884, -4]},
			"faces": {
				"north": {"uv": [11.5, 6.5, 12, 7], "texture": "#1"},
				"east": {"uv": [0, 0, 0, 0.5], "texture": "#1"},
				"south": {"uv": [7, 11.5, 7.5, 12], "texture": "#1"},
				"west": {"uv": [0, 0, 0, 0.5], "texture": "#1"},
				"up": {"uv": [0.5, 0, 0, 0], "texture": "#1"},
				"down": {"uv": [0.5, 0, 0, 0], "texture": "#1"}
			}
		},
		{
			"from": [11.67312, 23.09846, 6.5],
			"to": [12.17312, 23.59846, 6.5],
			"rotation": {"angle": -45, "axis": "z", "origin": [-4.47688, 22.09846, -4]},
			"faces": {
				"north": {"uv": [11.5, 7, 12, 7.5], "texture": "#1"},
				"east": {"uv": [0, 0, 0, 0.5], "texture": "#1"},
				"south": {"uv": [7.5, 11.5, 8, 12], "texture": "#1"},
				"west": {"uv": [0, 0, 0, 0.5], "texture": "#1"},
				"up": {"uv": [0.5, 0, 0, 0], "texture": "#1"},
				"down": {"uv": [0.5, 0, 0, 0], "texture": "#1"}
			}
		},
		{
			"from": [8.80348, 10.70972, 6.5],
			"to": [9.30348, 11.20972, 6.5],
			"rotation": {"angle": 0, "axis": "y", "origin": [-6.34652, 9.70972, -4]},
			"faces": {
				"north": {"uv": [11.5, 7.5, 12, 8], "texture": "#1"},
				"east": {"uv": [0, 0, 0, 0.5], "texture": "#1"},
				"south": {"uv": [8, 11.5, 8.5, 12], "texture": "#1"},
				"west": {"uv": [0, 0, 0, 0.5], "texture": "#1"},
				"up": {"uv": [0.5, 0, 0, 0], "texture": "#1"},
				"down": {"uv": [0.5, 0, 0, 0], "texture": "#1"}
			}
		},
		{
			"from": [11.67312, 20.09845, 6.5],
			"to": [12.17312, 20.59845, 6.5],
			"rotation": {"angle": -45, "axis": "z", "origin": [-4.47688, 19.09845, -4]},
			"faces": {
				"north": {"uv": [11.5, 8, 12, 8.5], "texture": "#1"},
				"east": {"uv": [0, 0, 0, 0.5], "texture": "#1"},
				"south": {"uv": [8.5, 11.5, 9, 12], "texture": "#1"},
				"west": {"uv": [0, 0, 0, 0.5], "texture": "#1"},
				"up": {"uv": [0.5, 0, 0, 0], "texture": "#1"},
				"down": {"uv": [0.5, 0, 0, 0], "texture": "#1"}
			}
		},
		{
			"from": [10.16957, 21.59489, 6.5],
			"to": [10.66957, 22.09489, 6.5],
			"rotation": {"angle": -45, "axis": "z", "origin": [-5.98043, 20.59489, -4]},
			"faces": {
				"north": {"uv": [11.5, 8.5, 12, 9], "texture": "#1"},
				"east": {"uv": [0, 0, 0, 0.5], "texture": "#1"},
				"south": {"uv": [9, 11.5, 9.5, 12], "texture": "#1"},
				"west": {"uv": [0, 0, 0, 0.5], "texture": "#1"},
				"up": {"uv": [0.5, 0, 0, 0], "texture": "#1"},
				"down": {"uv": [0.5, 0, 0, 0], "texture": "#1"}
			}
		},
		{
			"from": [6.5, 9.53579, 6.5],
			"to": [7.5, 10.23579, 6.5],
			"rotation": {"angle": 0, "axis": "y", "origin": [0, -2.61422, -4]},
			"faces": {
				"north": {"uv": [11.5, 9, 12, 9.5], "texture": "#1"},
				"east": {"uv": [0, 0, 0, 0.5], "texture": "#1"},
				"south": {"uv": [9.5, 11.5, 10, 12], "texture": "#1"},
				"west": {"uv": [0, 0, 0, 0.5], "texture": "#1"},
				"up": {"uv": [0.5, 0, 0, 0], "texture": "#1"},
				"down": {"uv": [0.5, 0, 0, 0], "texture": "#1"}
			}
		},
		{
			"from": [13.16957, 21.59489, 6.5],
			"to": [13.66957, 22.09489, 6.5],
			"rotation": {"angle": -45, "axis": "z", "origin": [-2.98043, 20.59489, -4]},
			"faces": {
				"north": {"uv": [11.5, 9.5, 12, 10], "texture": "#1"},
				"east": {"uv": [0, 0, 0, 0.5], "texture": "#1"},
				"south": {"uv": [10, 11.5, 10.5, 12], "texture": "#1"},
				"west": {"uv": [0, 0, 0, 0.5], "texture": "#1"},
				"up": {"uv": [0.5, 0, 0, 0], "texture": "#1"},
				"down": {"uv": [0.5, 0, 0, 0], "texture": "#1"}
			}
		},
		{
			"from": [8.79845, 8.5884, 6.5],
			"to": [9.29845, 9.0884, 6.5],
			"rotation": {"angle": 0, "axis": "y", "origin": [-5.35155, 7.5884, -4]},
			"faces": {
				"north": {"uv": [11.5, 10, 12, 10.5], "texture": "#1"},
				"east": {"uv": [0, 0, 0, 0.5], "texture": "#1"},
				"south": {"uv": [10.5, 11.5, 11, 12], "texture": "#1"},
				"west": {"uv": [0, 0, 0, 0.5], "texture": "#1"},
				"up": {"uv": [0.5, 0, 0, 0], "texture": "#1"},
				"down": {"uv": [0.5, 0, 0, 0], "texture": "#1"}
			}
		},
		{
			"from": [-4.7, 11.53579, 6.5],
			"to": [-3.7, 12.23579, 6.5],
			"rotation": {"angle": -45, "axis": "z", "origin": [0, -2.61422, -4]},
			"faces": {
				"north": {"uv": [11.5, 10.5, 12, 11], "texture": "#1"},
				"east": {"uv": [0, 0, 0, 0.5], "texture": "#1"},
				"south": {"uv": [11, 11.5, 11.5, 12], "texture": "#1"},
				"west": {"uv": [0, 0, 0, 0.5], "texture": "#1"},
				"up": {"uv": [0.5, 0, 0, 0], "texture": "#1"},
				"down": {"uv": [0.5, 0, 0, 0], "texture": "#1"}
			}
		},
		{
			"from": [13, 0.23578, 6.5],
			"to": [14, 0.93578, 6.5],
			"rotation": {"angle": 45, "axis": "z", "origin": [0, -2.61422, -4]},
			"faces": {
				"north": {"uv": [11.5, 11, 12, 11.5], "texture": "#1"},
				"east": {"uv": [0, 0, 0, 0.5], "texture": "#1"},
				"south": {"uv": [11.5, 11.5, 12, 12], "texture": "#1"},
				"west": {"uv": [0, 0, 0, 0.5], "texture": "#1"},
				"up": {"uv": [0.5, 0, 0, 0], "texture": "#1"},
				"down": {"uv": [0.5, 0, 0, 0], "texture": "#1"}
			}
		},
		{
			"from": [15, 0.23578, 6.5],
			"to": [16, 0.93578, 6.5],
			"rotation": {"angle": 45, "axis": "z", "origin": [0, -2.61422, -4]},
			"faces": {
				"north": {"uv": [0, 12, 0.5, 12.5], "texture": "#1"},
				"east": {"uv": [0, 0, 0, 0.5], "texture": "#1"},
				"south": {"uv": [12, 0, 12.5, 0.5], "texture": "#1"},
				"west": {"uv": [0, 0, 0, 0.5], "texture": "#1"},
				"up": {"uv": [0.5, 0, 0, 0], "texture": "#1"},
				"down": {"uv": [0.5, 0, 0, 0], "texture": "#1"}
			}
		},
		{
			"from": [7.2, 13.38578, 7.2],
			"to": [8.8, 15.38578, 8.8],
			"rotation": {"angle": 0, "axis": "y", "origin": [0, 0.38578, -1]},
			"faces": {
				"north": {"uv": [6.5, 9, 7.5, 10], "texture": "#1"},
				"east": {"uv": [9, 7, 10, 8], "texture": "#1"},
				"south": {"uv": [9, 8, 10, 9], "texture": "#1"},
				"west": {"uv": [9, 9, 10, 10], "texture": "#1"},
				"up": {"uv": [1, 10.5, 0, 9.5], "texture": "#1"},
				"down": {"uv": [2, 9.5, 1, 10.5], "texture": "#1"}
			}
		},
		{
			"from": [7.4, 15.38578, 7.4],
			"to": [8.6, 19.38578, 8.6],
			"rotation": {"angle": 0, "axis": "y", "origin": [0, 0.38578, -1]},
			"faces": {
				"north": {"uv": [7.5, 9, 8, 11], "texture": "#1"},
				"east": {"uv": [2, 9.5, 2.5, 11.5], "texture": "#1"},
				"south": {"uv": [2.5, 9.5, 3, 11.5], "texture": "#1"},
				"west": {"uv": [3, 9.5, 3.5, 11.5], "texture": "#1"},
				"up": {"uv": [1, 12.5, 0.5, 12], "texture": "#1"},
				"down": {"uv": [12.5, 0.5, 12, 1], "texture": "#1"}
			}
		},
		{
			"from": [7.5, 20.48579, 7.65],
			"to": [8.5, 20.98579, 8.25],
			"rotation": {"angle": 0, "axis": "y", "origin": [1.32868, -0.1929, -1]},
			"faces": {
				"north": {"uv": [1, 12, 1.5, 12.5], "texture": "#1"},
				"east": {"uv": [12, 1, 12.5, 1.5], "texture": "#1"},
				"south": {"uv": [1.5, 12, 2, 12.5], "texture": "#1"},
				"west": {"uv": [12, 1.5, 12.5, 2], "texture": "#1"},
				"up": {"uv": [2.5, 12.5, 2, 12], "texture": "#1"},
				"down": {"uv": [12.5, 2, 12, 2.5], "texture": "#1"}
			}
		},
		{
			"from": [13.97416, 3.70603, 7.75],
			"to": [14.97416, 5.70603, 8.15],
			"rotation": {"angle": 45, "axis": "z", "origin": [-0.52584, 0.50603, -1]},
			"faces": {
				"north": {"uv": [4.5, 8, 5, 9], "texture": "#1"},
				"east": {"uv": [10, 8, 10.5, 9], "texture": "#1"},
				"south": {"uv": [9, 10, 9.5, 11], "texture": "#1"},
				"west": {"uv": [10, 9, 10.5, 10], "texture": "#1"},
				"up": {"uv": [3, 12.5, 2.5, 12], "texture": "#1"},
				"down": {"uv": [12.5, 2.5, 12, 3], "texture": "#1"}
			}
		},
		{
			"from": [19.97416, 5.70603, 7.65],
			"to": [20.97416, 9.70604, 8.25],
			"rotation": {"angle": 45, "axis": "z", "origin": [-0.52584, 0.50603, -1]},
			"faces": {
				"north": {"uv": [3.5, 9.5, 4, 11.5], "texture": "#1"},
				"east": {"uv": [9.5, 4, 10, 6], "texture": "#1"},
				"south": {"uv": [8, 9.5, 8.5, 11.5], "texture": "#1"},
				"west": {"uv": [8.5, 9.5, 9, 11.5], "texture": "#1"},
				"up": {"uv": [3.5, 12.5, 3, 12], "texture": "#1"},
				"down": {"uv": [12.5, 3, 12, 3.5], "texture": "#1"}
			}
		},
		{
			"from": [15.67975, 29.60259, 7.65],
			"to": [19.67975, 30.60259, 8.25],
			"rotation": {"angle": 45, "axis": "z", "origin": [23.87975, 12.10258, -1]},
			"faces": {
				"north": {"uv": [10, 0, 12, 0.5], "texture": "#1"},
				"east": {"uv": [3.5, 12, 4, 12.5], "texture": "#1"},
				"south": {"uv": [10, 0.5, 12, 1], "texture": "#1"},
				"west": {"uv": [12, 3.5, 12.5, 4], "texture": "#1"},
				"up": {"uv": [12, 1.5, 10, 1], "texture": "#1"},
				"down": {"uv": [12, 1.5, 10, 2], "texture": "#1"}
			}
		},
		{
			"from": [7.82157, 22.01422, 7.65],
			"to": [8.17157, 22.21422, 8.25],
			"rotation": {"angle": 0, "axis": "y", "origin": [1.02157, -0.48579, -1]},
			"faces": {
				"north": {"uv": [4, 12, 4.5, 12.5], "texture": "#1"},
				"east": {"uv": [12, 4, 12.5, 4.5], "texture": "#1"},
				"south": {"uv": [4.5, 12, 5, 12.5], "texture": "#1"},
				"west": {"uv": [12, 4.5, 12.5, 5], "texture": "#1"},
				"up": {"uv": [5.5, 12.5, 5, 12], "texture": "#1"},
				"down": {"uv": [12.5, 5, 12, 5.5], "texture": "#1"}
			}
		},
		{
			"from": [6.12868, 19.30711, 7.65],
			"to": [9.87868, 20.50711, 8.25],
			"rotation": {"angle": 0, "axis": "y", "origin": [1.32868, -0.1929, -1]},
			"faces": {
				"north": {"uv": [10, 2, 12, 2.5], "texture": "#1"},
				"east": {"uv": [5.5, 12, 6, 12.5], "texture": "#1"},
				"south": {"uv": [10, 2.5, 12, 3], "texture": "#1"},
				"west": {"uv": [12, 5.5, 12.5, 6], "texture": "#1"},
				"up": {"uv": [12, 4.5, 10, 4], "texture": "#1"},
				"down": {"uv": [6.5, 10, 4.5, 10.5], "texture": "#1"}
			}
		},
		{
			"from": [5, 14.38578, 7.65],
			"to": [11, 19.38578, 8.25],
			"rotation": {"angle": 0, "axis": "y", "origin": [0, 0.38578, -1]},
			"faces": {
				"north": {"uv": [0, 0, 3, 2.5], "texture": "#1"},
				"east": {"uv": [4, 8, 4.5, 10.5], "texture": "#1"},
				"south": {"uv": [0, 2.5, 3, 5], "texture": "#1"},
				"west": {"uv": [8, 4, 8.5, 6.5], "texture": "#1"},
				"up": {"uv": [11, 3.5, 8, 3], "texture": "#1"},
				"down": {"uv": [11, 3.5, 8, 4], "texture": "#1"}
			}
		},
		{
			"from": [13.67975, 23.60259, 7.75],
			"to": [15.67975, 24.60259, 8.15],
			"rotation": {"angle": 45, "axis": "z", "origin": [23.87975, 12.10258, -1]},
			"faces": {
				"north": {"uv": [9.5, 10, 10.5, 10.5], "texture": "#1"},
				"east": {"uv": [6, 12, 6.5, 12.5], "texture": "#1"},
				"south": {"uv": [0, 10.5, 1, 11], "texture": "#1"},
				"west": {"uv": [12, 6, 12.5, 6.5], "texture": "#1"},
				"up": {"uv": [2, 11, 1, 10.5], "texture": "#1"},
				"down": {"uv": [5, 10.5, 4, 11], "texture": "#1"}
			}
		}
	],
	"gui_light": "front",
	"display": {
		"thirdperson_righthand": {
			"rotation": [-60, 90, 60],
			"translation": [0, 5.25, 1.5],
			"scale": [0.85, 0.85, 0.85]
		},
		"thirdperson_lefthand": {
			"rotation": [-60, 90, 60],
			"translation": [0, 5.25, 1.5],
			"scale": [0.85, 0.85, 0.85]
		},
		"firstperson_righthand": {
			"rotation": [-40, 90, 25],
			"translation": [1.13, 3.2, 1.13],
			"scale": [0.68, 0.68, 0.68]
		},
		"firstperson_lefthand": {
			"rotation": [-40, 90, 25],
			"translation": [1.13, 3.2, 1.13],
			"scale": [0.68, 0.68, 0.68]
		},
		"ground": {
			"rotation": [90, 0, 40],
			"translation": [-3, 0, 1.75],
			"scale": [0.85, 0.85, 0.85]
		},
		"gui": {
			"rotation": [0, 0, -45],
			"translation": [0.5, 0.5, 0],
			"scale": [0.65, 0.65, 0.65]
		},
		"head": {
			"rotation": [0, 0, -45],
			"translation": [3, -15, 3.5]
		},
		"fixed": {
			"rotation": [0, 0, 45],
			"translation": [-1, 1, 0],
			"scale": [0.85, 0.85, 0.85]
		}
	},
	"groups": [
		{
			"name": "cherryshovel",
			"origin": [8, 8, 8],
			"color": 0,
			"children": [
				{
					"name": "group",
					"origin": [0, 0, 0],
					"color": 0,
					"children": [
						0,
						1,
						2,
						3,
						4,
						5,
						6,
						{
							"name": "group",
							"origin": [8, 8, 8],
							"color": 0,
							"children": [
								{
									"name": "group",
									"origin": [8, 8, 8],
									"color": 0,
									"children": [
										{
											"name": "group",
											"origin": [8, 8, 8],
											"color": 0,
											"children": [
												7,
												8,
												9,
												10,
												11,
												12,
												13,
												14,
												15,
												16,
												17,
												18,
												19,
												20,
												21,
												22,
												23,
												24,
												{
													"name": "group",
													"origin": [8, 8, 8],
													"color": 0,
													"children": [25, 26, 27, 28, 29, 30, 31, 32, 33, 34, 35, 36, 37, 38, 39, 40, 41, 42]
												}
											]
										}
									]
								}
							]
						},
						{
							"name": "group",
							"origin": [0, 0, 0],
							"color": 0,
							"children": [43, 44, 45, 46, 47, 48, 49, 50, 51, 52]
						}
					]
				}
			]
		}
	]
}