{
	"credit": "Made with Blockbench",
	"texture_size": [32, 32],
	"textures": {
		"2": "items/tool/cherry_axe"
	},
	"elements": [
		{
			"from": [10.42266, 12.372, 7.55],
			"to": [16.72266, 14.172, 8.45],
			"rotation": {"angle": 22.5, "axis": "z", "origin": [-1.27734, 5.172, -0.1]},
			"faces": {
				"north": {"uv": [3, 4, 6, 5], "texture": "#2"},
				"east": {"uv": [5, 10.5, 5.5, 11.5], "texture": "#2"},
				"south": {"uv": [5, 0, 8, 1], "texture": "#2"},
				"west": {"uv": [10.5, 8.5, 11, 9.5], "texture": "#2"},
				"up": {"uv": [11, 5, 8, 4.5], "texture": "#2"},
				"down": {"uv": [11, 5, 8, 5.5], "texture": "#2"}
			}
		},
		{
			"from": [6.83435, 10.9354, 7.5],
			"to": [9.83435, 13.4354, 8.5],
			"rotation": {"angle": 22.5, "axis": "z", "origin": [-2.16565, 3.9354, -1]},
			"faces": {
				"north": {"uv": [8, 0, 9.5, 1.5], "texture": "#2"},
				"east": {"uv": [8.5, 10, 9, 11.5], "texture": "#2"},
				"south": {"uv": [8, 1.5, 9.5, 3], "texture": "#2"},
				"west": {"uv": [9, 10, 9.5, 11.5], "texture": "#2"},
				"up": {"uv": [9.5, 8, 8, 7.5], "texture": "#2"},
				"down": {"uv": [10.5, 6.5, 9, 7], "texture": "#2"}
			}
		},
		{
			"from": [10.79716, 13.89042, 7.55],
			"to": [12.59716, 18.70542, 8.45],
			"rotation": {"angle": 0, "axis": "y", "origin": [-0.90284, 5.79042, -0.1]},
			"faces": {
				"north": {"uv": [6, 6, 7, 8.5], "texture": "#2"},
				"east": {"uv": [9.5, 0, 10, 2.5], "texture": "#2"},
				"south": {"uv": [7, 3, 8, 5.5], "texture": "#2"},
				"west": {"uv": [3, 9.5, 3.5, 12], "texture": "#2"},
				"up": {"uv": [5, 4, 4, 3.5], "texture": "#2"},
				"down": {"uv": [11.5, 6.5, 10.5, 7], "texture": "#2"}
			}
		},
		{
			"from": [8.99716, 14.577, 7.55],
			"to": [10.79716, 17.997, 8.45],
			"rotation": {"angle": 0, "axis": "y", "origin": [-0.90284, 5.79042, -0.1]},
			"faces": {
				"north": {"uv": [4.5, 8, 5.5, 9.5], "texture": "#2"},
				"east": {"uv": [10.5, 2, 11, 3.5], "texture": "#2"},
				"south": {"uv": [8, 5.5, 9, 7], "texture": "#2"},
				"west": {"uv": [3.5, 10.5, 4, 12], "texture": "#2"},
				"up": {"uv": [10.5, 11, 9.5, 10.5], "texture": "#2"},
				"down": {"uv": [11.5, 9.5, 10.5, 10], "texture": "#2"}
			}
		},
		{
			"from": [2.16044, 16.49369, 7.55],
			"to": [8.46044, 18.29369, 8.45],
			"rotation": {"angle": -22.5, "axis": "z", "origin": [-0.53956, 5.69369, -0.1]},
			"faces": {
				"north": {"uv": [5, 1, 8, 2], "texture": "#2"},
				"east": {"uv": [10.5, 10, 11, 11], "texture": "#2"},
				"south": {"uv": [5, 2, 8, 3], "texture": "#2"},
				"west": {"uv": [0, 11, 0.5, 12], "texture": "#2"},
				"up": {"uv": [10, 8.5, 7, 8], "texture": "#2"},
				"down": {"uv": [11, 7, 8, 7.5], "texture": "#2"}
			}
		},
		{
			"from": [7.00266, 15.252, 7.55],
			"to": [9.07266, 17.367, 8.45],
			"rotation": {"angle": 0, "axis": "y", "origin": [-0.90284, 5.79042, -0.1]},
			"faces": {
				"north": {"uv": [5, 3, 6, 4], "texture": "#2"},
				"east": {"uv": [11, 0, 11.5, 1], "texture": "#2"},
				"south": {"uv": [9, 5.5, 10, 6.5], "texture": "#2"},
				"west": {"uv": [0.5, 11, 1, 12], "texture": "#2"},
				"up": {"uv": [2, 11.5, 1, 11], "texture": "#2"},
				"down": {"uv": [12, 1, 11, 1.5], "texture": "#2"}
			}
		},
		{
			"from": [-3.16565, 16.9354, 7.5],
			"to": [-0.16565, 19.4354, 8.5],
			"rotation": {"angle": -22.5, "axis": "z", "origin": [-2.16565, 3.9354, -1]},
			"faces": {
				"north": {"uv": [3, 8, 4.5, 9.5], "texture": "#2"},
				"east": {"uv": [4, 10.5, 4.5, 12], "texture": "#2"},
				"south": {"uv": [8, 3, 9.5, 4.5], "texture": "#2"},
				"west": {"uv": [4.5, 10.5, 5, 12], "texture": "#2"},
				"up": {"uv": [12, 4, 10.5, 3.5], "texture": "#2"},
				"down": {"uv": [12, 4, 10.5, 4.5], "texture": "#2"}
			}
		},
		{
			"from": [4.83435, -1.0646, 7],
			"to": [6.83435, 6.9354, 9],
			"rotation": {"angle": 0, "axis": "y", "origin": [-2.16565, 3.9354, -1]},
			"faces": {
				"north": {"uv": [0, 0, 1, 4], "texture": "#2"},
				"east": {"uv": [1, 0, 2, 4], "texture": "#2"},
				"south": {"uv": [2, 0, 3, 4], "texture": "#2"},
				"west": {"uv": [3, 0, 4, 4], "texture": "#2"},
				"up": {"uv": [10.5, 3.5, 9.5, 2.5], "texture": "#2"},
				"down": {"uv": [4.5, 9.5, 3.5, 10.5], "texture": "#2"}
			}
		},
		{
			"from": [4.83435, 9.9354, 7],
			"to": [6.83435, 10.9354, 9],
			"rotation": {"angle": 0, "axis": "y", "origin": [-2.16565, 3.9354, -1]},
			"faces": {
				"north": {"uv": [11, 1.5, 12, 2], "texture": "#2"},
				"east": {"uv": [2, 11, 3, 11.5], "texture": "#2"},
				"south": {"uv": [11, 2, 12, 2.5], "texture": "#2"},
				"west": {"uv": [11, 2.5, 12, 3], "texture": "#2"},
				"up": {"uv": [10.5, 4.5, 9.5, 3.5], "texture": "#2"},
				"down": {"uv": [5.5, 9.5, 4.5, 10.5], "texture": "#2"}
			}
		},
		{
			"from": [4.83435, 7.9354, 7],
			"to": [6.83435, 8.9354, 9],
			"rotation": {"angle": 0, "axis": "y", "origin": [-2.16565, 3.9354, -1]},
			"faces": {
				"north": {"uv": [11, 3, 12, 3.5], "texture": "#2"},
				"east": {"uv": [11, 4.5, 12, 5], "texture": "#2"},
				"south": {"uv": [11, 5, 12, 5.5], "texture": "#2"},
				"west": {"uv": [5.5, 11, 6.5, 11.5], "texture": "#2"},
				"up": {"uv": [10.5, 9.5, 9.5, 8.5], "texture": "#2"},
				"down": {"uv": [10.5, 9.5, 9.5, 10.5], "texture": "#2"}
			}
		},
		{
			"from": [5.03435, -4.0646, 7.2],
			"to": [6.63435, -1.0646, 8.8],
			"rotation": {"angle": 0, "axis": "y", "origin": [-2.16565, 3.9354, -1]},
			"faces": {
				"north": {"uv": [5.5, 8.5, 6.5, 10], "texture": "#2"},
				"east": {"uv": [6.5, 8.5, 7.5, 10], "texture": "#2"},
				"south": {"uv": [7.5, 8.5, 8.5, 10], "texture": "#2"},
				"west": {"uv": [8.5, 8.5, 9.5, 10], "texture": "#2"},
				"up": {"uv": [1, 11, 0, 10], "texture": "#2"},
				"down": {"uv": [11, 0, 10, 1], "texture": "#2"}
			}
		},
		{
			"from": [5.03435, 6.9354, 7.2],
			"to": [6.63435, 12.9354, 8.8],
			"rotation": {"angle": 0, "axis": "y", "origin": [-2.16565, 3.9354, -1]},
			"faces": {
				"north": {"uv": [3, 5, 4, 8], "texture": "#2"},
				"east": {"uv": [4, 5, 5, 8], "texture": "#2"},
				"south": {"uv": [5, 5, 6, 8], "texture": "#2"},
				"west": {"uv": [6, 3, 7, 6], "texture": "#2"},
				"up": {"uv": [2, 11, 1, 10], "texture": "#2"},
				"down": {"uv": [11, 1, 10, 2], "texture": "#2"}
			}
		},
		{
			"from": [4.83435, -3.0646, 7],
			"to": [6.83435, -2.0646, 9],
			"rotation": {"angle": 0, "axis": "y", "origin": [-2.16565, 3.9354, -1]},
			"faces": {
				"north": {"uv": [11, 5.5, 12, 6], "texture": "#2"},
				"east": {"uv": [11, 6, 12, 6.5], "texture": "#2"},
				"south": {"uv": [6.5, 11, 7.5, 11.5], "texture": "#2"},
				"west": {"uv": [11, 7, 12, 7.5], "texture": "#2"},
				"up": {"uv": [3, 11, 2, 10], "texture": "#2"},
				"down": {"uv": [6.5, 10, 5.5, 11], "texture": "#2"}
			}
		},
		{
			"from": [4.63435, 13.9354, 6.8],
			"to": [7.03435, 18.9354, 9.2],
			"rotation": {"angle": 0, "axis": "y", "origin": [-2.16565, 3.9354, -1]},
			"faces": {
				"north": {"uv": [7, 5.5, 8, 8], "texture": "#2"},
				"east": {"uv": [0, 7.5, 1, 10], "texture": "#2"},
				"south": {"uv": [1, 7.5, 2, 10], "texture": "#2"},
				"west": {"uv": [2, 7.5, 3, 10], "texture": "#2"},
				"up": {"uv": [11, 6.5, 10, 5.5], "texture": "#2"},
				"down": {"uv": [7.5, 10, 6.5, 11], "texture": "#2"}
			}
		},
		{
			"from": [4.83435, 12.9354, 7],
			"to": [6.83435, 19.9354, 9],
			"rotation": {"angle": 0, "axis": "y", "origin": [-2.16565, 3.9354, -1]},
			"faces": {
				"north": {"uv": [0, 4, 1, 7.5], "texture": "#2"},
				"east": {"uv": [4, 0, 5, 3.5], "texture": "#2"},
				"south": {"uv": [1, 4, 2, 7.5], "texture": "#2"},
				"west": {"uv": [2, 4, 3, 7.5], "texture": "#2"},
				"up": {"uv": [8.5, 11, 7.5, 10], "texture": "#2"},
				"down": {"uv": [11, 7.5, 10, 8.5], "texture": "#2"}
			}
		},
		{
			"from": [5.48435, 14.9354, 9.5],
			"to": [6.18435, 15.9354, 9.5],
			"rotation": {"angle": 0, "axis": "y", "origin": [-2.16565, 3.9354, -1]},
			"faces": {
				"north": {"uv": [5.5, 8, 6, 8.5], "texture": "#2"},
				"east": {"uv": [0, 0, 0, 0.5], "texture": "#2"},
				"south": {"uv": [9.5, 7.5, 10, 8], "texture": "#2"},
				"west": {"uv": [0, 0, 0, 0.5], "texture": "#2"},
				"up": {"uv": [0.5, 0, 0, 0], "texture": "#2"},
				"down": {"uv": [0.5, 0, 0, 0], "texture": "#2"}
			}
		},
		{
			"from": [5.48435, 16.9354, 9.5],
			"to": [6.18435, 17.9354, 9.5],
			"rotation": {"angle": 0, "axis": "y", "origin": [-2.16565, 3.9354, -1]},
			"faces": {
				"north": {"uv": [10, 2, 10.5, 2.5], "texture": "#2"},
				"east": {"uv": [0, 0, 0, 0.5], "texture": "#2"},
				"south": {"uv": [7.5, 11, 8, 11.5], "texture": "#2"},
				"west": {"uv": [0, 0, 0, 0.5], "texture": "#2"},
				"up": {"uv": [0.5, 0, 0, 0], "texture": "#2"},
				"down": {"uv": [0.5, 0, 0, 0], "texture": "#2"}
			}
		},
		{
			"from": [6.33435, 16.0854, 9.5],
			"to": [7.33435, 16.7854, 9.5],
			"rotation": {"angle": 0, "axis": "y", "origin": [-2.16565, 3.9354, -1]},
			"faces": {
				"north": {"uv": [11, 7.5, 11.5, 8], "texture": "#2"},
				"east": {"uv": [0, 0, 0, 0.5], "texture": "#2"},
				"south": {"uv": [8, 11, 8.5, 11.5], "texture": "#2"},
				"west": {"uv": [0, 0, 0, 0.5], "texture": "#2"},
				"up": {"uv": [0.5, 0, 0, 0], "texture": "#2"},
				"down": {"uv": [0.5, 0, 0, 0], "texture": "#2"}
			}
		},
		{
			"from": [-4.86565, 18.0854, 9.5],
			"to": [-3.86565, 18.7854, 9.5],
			"rotation": {"angle": -45, "axis": "z", "origin": [-2.16565, 3.9354, -1]},
			"faces": {
				"north": {"uv": [11, 8, 11.5, 8.5], "texture": "#2"},
				"east": {"uv": [0, 0, 0, 0.5], "texture": "#2"},
				"south": {"uv": [11, 8.5, 11.5, 9], "texture": "#2"},
				"west": {"uv": [0, 0, 0, 0.5], "texture": "#2"},
				"up": {"uv": [0.5, 0, 0, 0], "texture": "#2"},
				"down": {"uv": [0.5, 0, 0, 0], "texture": "#2"}
			}
		},
		{
			"from": [4.51651, 17.26436, 9.5],
			"to": [5.01651, 17.76436, 9.5],
			"rotation": {"angle": 0, "axis": "y", "origin": [-9.63349, 12.26436, -1]},
			"faces": {
				"north": {"uv": [11, 9, 11.5, 9.5], "texture": "#2"},
				"east": {"uv": [0, 0, 0, 0.5], "texture": "#2"},
				"south": {"uv": [9.5, 11, 10, 11.5], "texture": "#2"},
				"west": {"uv": [0, 0, 0, 0.5], "texture": "#2"},
				"up": {"uv": [0.5, 0, 0, 0], "texture": "#2"},
				"down": {"uv": [0.5, 0, 0, 0], "texture": "#2"}
			}
		},
		{
			"from": [4.51651, 15.13802, 9.5],
			"to": [5.01651, 15.63802, 9.5],
			"rotation": {"angle": 0, "axis": "y", "origin": [-10.63349, 14.13802, -1]},
			"faces": {
				"north": {"uv": [10, 11, 10.5, 11.5], "texture": "#2"},
				"east": {"uv": [0, 0, 0, 0.5], "texture": "#2"},
				"south": {"uv": [11, 10, 11.5, 10.5], "texture": "#2"},
				"west": {"uv": [0, 0, 0, 0.5], "texture": "#2"},
				"up": {"uv": [0.5, 0, 0, 0], "texture": "#2"},
				"down": {"uv": [0.5, 0, 0, 0], "texture": "#2"}
			}
		},
		{
			"from": [9.50747, 29.64807, 9.5],
			"to": [10.00747, 30.14807, 9.5],
			"rotation": {"angle": -45, "axis": "z", "origin": [-6.64253, 28.64807, -1]},
			"faces": {
				"north": {"uv": [10.5, 11, 11, 11.5], "texture": "#2"},
				"east": {"uv": [0, 0, 0, 0.5], "texture": "#2"},
				"south": {"uv": [11, 10.5, 11.5, 11], "texture": "#2"},
				"west": {"uv": [0, 0, 0, 0.5], "texture": "#2"},
				"up": {"uv": [0.5, 0, 0, 0], "texture": "#2"},
				"down": {"uv": [0.5, 0, 0, 0], "texture": "#2"}
			}
		},
		{
			"from": [6.63783, 17.25934, 9.5],
			"to": [7.13783, 17.75934, 9.5],
			"rotation": {"angle": 0, "axis": "y", "origin": [-8.51217, 16.25934, -1]},
			"faces": {
				"north": {"uv": [11, 11, 11.5, 11.5], "texture": "#2"},
				"east": {"uv": [0, 0, 0, 0.5], "texture": "#2"},
				"south": {"uv": [11.5, 0, 12, 0.5], "texture": "#2"},
				"west": {"uv": [0, 0, 0, 0.5], "texture": "#2"},
				"up": {"uv": [0.5, 0, 0, 0], "texture": "#2"},
				"down": {"uv": [0.5, 0, 0, 0], "texture": "#2"}
			}
		},
		{
			"from": [9.50747, 26.64807, 9.5],
			"to": [10.00747, 27.14807, 9.5],
			"rotation": {"angle": -45, "axis": "z", "origin": [-6.64253, 25.64807, -1]},
			"faces": {
				"north": {"uv": [11.5, 0.5, 12, 1], "texture": "#2"},
				"east": {"uv": [0, 0, 0, 0.5], "texture": "#2"},
				"south": {"uv": [1, 11.5, 1.5, 12], "texture": "#2"},
				"west": {"uv": [0, 0, 0, 0.5], "texture": "#2"},
				"up": {"uv": [0.5, 0, 0, 0], "texture": "#2"},
				"down": {"uv": [0.5, 0, 0, 0], "texture": "#2"}
			}
		},
		{
			"from": [8.00392, 28.14451, 9.5],
			"to": [8.50392, 28.64451, 9.5],
			"rotation": {"angle": -45, "axis": "z", "origin": [-8.14608, 27.14451, -1]},
			"faces": {
				"north": {"uv": [1.5, 11.5, 2, 12], "texture": "#2"},
				"east": {"uv": [0, 0, 0, 0.5], "texture": "#2"},
				"south": {"uv": [2, 11.5, 2.5, 12], "texture": "#2"},
				"west": {"uv": [0, 0, 0, 0.5], "texture": "#2"},
				"up": {"uv": [0.5, 0, 0, 0], "texture": "#2"},
				"down": {"uv": [0.5, 0, 0, 0], "texture": "#2"}
			}
		},
		{
			"from": [4.33435, 16.0854, 9.5],
			"to": [5.33435, 16.7854, 9.5],
			"rotation": {"angle": 0, "axis": "y", "origin": [-2.16565, 3.9354, -1]},
			"faces": {
				"north": {"uv": [2.5, 11.5, 3, 12], "texture": "#2"},
				"east": {"uv": [0, 0, 0, 0.5], "texture": "#2"},
				"south": {"uv": [5, 11.5, 5.5, 12], "texture": "#2"},
				"west": {"uv": [0, 0, 0, 0.5], "texture": "#2"},
				"up": {"uv": [0.5, 0, 0, 0], "texture": "#2"},
				"down": {"uv": [0.5, 0, 0, 0], "texture": "#2"}
			}
		},
		{
			"from": [11.00392, 28.14451, 9.5],
			"to": [11.50392, 28.64451, 9.5],
			"rotation": {"angle": -45, "axis": "z", "origin": [-5.14608, 27.14451, -1]},
			"faces": {
				"north": {"uv": [5.5, 11.5, 6, 12], "texture": "#2"},
				"east": {"uv": [0, 0, 0, 0.5], "texture": "#2"},
				"south": {"uv": [6, 11.5, 6.5, 12], "texture": "#2"},
				"west": {"uv": [0, 0, 0, 0.5], "texture": "#2"},
				"up": {"uv": [0.5, 0, 0, 0], "texture": "#2"},
				"down": {"uv": [0.5, 0, 0, 0], "texture": "#2"}
			}
		},
		{
			"from": [6.6328, 15.13802, 9.5],
			"to": [7.1328, 15.63802, 9.5],
			"rotation": {"angle": 0, "axis": "y", "origin": [-7.5172, 14.13802, -1]},
			"faces": {
				"north": {"uv": [6.5, 11.5, 7, 12], "texture": "#2"},
				"east": {"uv": [0, 0, 0, 0.5], "texture": "#2"},
				"south": {"uv": [11.5, 6.5, 12, 7], "texture": "#2"},
				"west": {"uv": [0, 0, 0, 0.5], "texture": "#2"},
				"up": {"uv": [0.5, 0, 0, 0], "texture": "#2"},
				"down": {"uv": [0.5, 0, 0, 0], "texture": "#2"}
			}
		},
		{
			"from": [-5.86565, 17.9354, 8.25],
			"to": [-4.86565, 18.9354, 9.6],
			"rotation": {"angle": -45, "axis": "z", "origin": [-2.16565, 3.9354, -1]},
			"faces": {
				"north": {"uv": [7, 11.5, 7.5, 12], "texture": "#2"},
				"east": {"uv": [7.5, 11.5, 8, 12], "texture": "#2"},
				"south": {"uv": [11.5, 7.5, 12, 8], "texture": "#2"},
				"west": {"uv": [8, 11.5, 8.5, 12], "texture": "#2"},
				"up": {"uv": [12, 8.5, 11.5, 8], "texture": "#2"},
				"down": {"uv": [9, 11.5, 8.5, 12], "texture": "#2"}
			}
		},
		{
			"from": [-6.86565, 18.0854, 9.5],
			"to": [-5.86565, 18.7854, 9.5],
			"rotation": {"angle": -45, "axis": "z", "origin": [-2.16565, 3.9354, -1]},
			"faces": {
				"north": {"uv": [11.5, 8.5, 12, 9], "texture": "#2"},
				"east": {"uv": [0, 0, 0, 0.5], "texture": "#2"},
				"south": {"uv": [9, 11.5, 9.5, 12], "texture": "#2"},
				"west": {"uv": [0, 0, 0, 0.5], "texture": "#2"},
				"up": {"uv": [0.5, 0, 0, 0], "texture": "#2"},
				"down": {"uv": [0.5, 0, 0, 0], "texture": "#2"}
			}
		},
		{
			"from": [10.83435, 6.7854, 9.5],
			"to": [11.83435, 7.4854, 9.5],
			"rotation": {"angle": 45, "axis": "z", "origin": [-2.16565, 3.9354, -1]},
			"faces": {
				"north": {"uv": [11.5, 9, 12, 9.5], "texture": "#2"},
				"east": {"uv": [0, 0, 0, 0.5], "texture": "#2"},
				"south": {"uv": [9.5, 11.5, 10, 12], "texture": "#2"},
				"west": {"uv": [0, 0, 0, 0.5], "texture": "#2"},
				"up": {"uv": [0.5, 0, 0, 0], "texture": "#2"},
				"down": {"uv": [0.5, 0, 0, 0], "texture": "#2"}
			}
		},
		{
			"from": [12.83435, 6.7854, 9.5],
			"to": [13.83435, 7.4854, 9.5],
			"rotation": {"angle": 45, "axis": "z", "origin": [-2.16565, 3.9354, -1]},
			"faces": {
				"north": {"uv": [11.5, 9.5, 12, 10], "texture": "#2"},
				"east": {"uv": [0, 0, 0, 0.5], "texture": "#2"},
				"south": {"uv": [10, 11.5, 10.5, 12], "texture": "#2"},
				"west": {"uv": [0, 0, 0, 0.5], "texture": "#2"},
				"up": {"uv": [0.5, 0, 0, 0], "texture": "#2"},
				"down": {"uv": [0.5, 0, 0, 0], "texture": "#2"}
			}
		},
		{
			"from": [5.48435, 14.9354, 6.5],
			"to": [6.18435, 15.9354, 6.5],
			"rotation": {"angle": 0, "axis": "y", "origin": [-2.16565, 3.9354, -4]},
			"faces": {
				"north": {"uv": [11.5, 10, 12, 10.5], "texture": "#2"},
				"east": {"uv": [0, 0, 0, 0.5], "texture": "#2"},
				"south": {"uv": [10.5, 11.5, 11, 12], "texture": "#2"},
				"west": {"uv": [0, 0, 0, 0.5], "texture": "#2"},
				"up": {"uv": [0.5, 0, 0, 0], "texture": "#2"},
				"down": {"uv": [0.5, 0, 0, 0], "texture": "#2"}
			}
		},
		{
			"from": [5.48435, 16.9354, 6.5],
			"to": [6.18435, 17.9354, 6.5],
			"rotation": {"angle": 0, "axis": "y", "origin": [-2.16565, 3.9354, -4]},
			"faces": {
				"north": {"uv": [11.5, 10.5, 12, 11], "texture": "#2"},
				"east": {"uv": [0, 0, 0, 0.5], "texture": "#2"},
				"south": {"uv": [11, 11.5, 11.5, 12], "texture": "#2"},
				"west": {"uv": [0, 0, 0, 0.5], "texture": "#2"},
				"up": {"uv": [0.5, 0, 0, 0], "texture": "#2"},
				"down": {"uv": [0.5, 0, 0, 0], "texture": "#2"}
			}
		},
		{
			"from": [6.33435, 16.0854, 6.5],
			"to": [7.33435, 16.7854, 6.5],
			"rotation": {"angle": 0, "axis": "y", "origin": [-2.16565, 3.9354, -4]},
			"faces": {
				"north": {"uv": [11.5, 11, 12, 11.5], "texture": "#2"},
				"east": {"uv": [0, 0, 0, 0.5], "texture": "#2"},
				"south": {"uv": [11.5, 11.5, 12, 12], "texture": "#2"},
				"west": {"uv": [0, 0, 0, 0.5], "texture": "#2"},
				"up": {"uv": [0.5, 0, 0, 0], "texture": "#2"},
				"down": {"uv": [0.5, 0, 0, 0], "texture": "#2"}
			}
		},
		{
			"from": [-4.86565, 18.0854, 6.5],
			"to": [-3.86565, 18.7854, 6.5],
			"rotation": {"angle": -45, "axis": "z", "origin": [-2.16565, 3.9354, -4]},
			"faces": {
				"north": {"uv": [0, 12, 0.5, 12.5], "texture": "#2"},
				"east": {"uv": [0, 0, 0, 0.5], "texture": "#2"},
				"south": {"uv": [12, 0, 12.5, 0.5], "texture": "#2"},
				"west": {"uv": [0, 0, 0, 0.5], "texture": "#2"},
				"up": {"uv": [0.5, 0, 0, 0], "texture": "#2"},
				"down": {"uv": [0.5, 0, 0, 0], "texture": "#2"}
			}
		},
		{
			"from": [-5.86565, 17.9354, 6.4],
			"to": [-4.86565, 18.9354, 7.75],
			"rotation": {"angle": -45, "axis": "z", "origin": [-2.16565, 3.9354, -1]},
			"faces": {
				"north": {"uv": [0.5, 12, 1, 12.5], "texture": "#2"},
				"east": {"uv": [12, 0.5, 12.5, 1], "texture": "#2"},
				"south": {"uv": [1, 12, 1.5, 12.5], "texture": "#2"},
				"west": {"uv": [12, 1, 12.5, 1.5], "texture": "#2"},
				"up": {"uv": [2, 12.5, 1.5, 12], "texture": "#2"},
				"down": {"uv": [12.5, 1.5, 12, 2], "texture": "#2"}
			}
		},
		{
			"from": [-5.66565, 18.1354, 6.2],
			"to": [-5.06565, 18.7354, 6.6],
			"rotation": {"angle": -45, "axis": "z", "origin": [-2.16565, 3.9354, -1]},
			"faces": {
				"north": {"uv": [2, 12, 2.5, 12.5], "texture": "#2"},
				"east": {"uv": [12, 2, 12.5, 2.5], "texture": "#2"},
				"south": {"uv": [2.5, 12, 3, 12.5], "texture": "#2"},
				"west": {"uv": [12, 2.5, 12.5, 3], "texture": "#2"},
				"up": {"uv": [3.5, 12.5, 3, 12], "texture": "#2"},
				"down": {"uv": [12.5, 3, 12, 3.5], "texture": "#2"}
			}
		},
		{
			"from": [-5.66565, 18.1354, 9.4],
			"to": [-5.06565, 18.7354, 9.8],
			"rotation": {"angle": -45, "axis": "z", "origin": [-2.16565, 3.9354, -1]},
			"faces": {
				"north": {"uv": [3.5, 12, 4, 12.5], "texture": "#2"},
				"east": {"uv": [12, 3.5, 12.5, 4], "texture": "#2"},
				"south": {"uv": [4, 12, 4.5, 12.5], "texture": "#2"},
				"west": {"uv": [12, 4, 12.5, 4.5], "texture": "#2"},
				"up": {"uv": [5, 12.5, 4.5, 12], "texture": "#2"},
				"down": {"uv": [12.5, 4.5, 12, 5], "texture": "#2"}
			}
		},
		{
			"from": [4.51651, 17.26436, 6.5],
			"to": [5.01651, 17.76436, 6.5],
			"rotation": {"angle": 0, "axis": "y", "origin": [-9.63349, 12.26436, -4]},
			"faces": {
				"north": {"uv": [5, 12, 5.5, 12.5], "texture": "#2"},
				"east": {"uv": [0, 0, 0, 0.5], "texture": "#2"},
				"south": {"uv": [12, 5, 12.5, 5.5], "texture": "#2"},
				"west": {"uv": [0, 0, 0, 0.5], "texture": "#2"},
				"up": {"uv": [0.5, 0, 0, 0], "texture": "#2"},
				"down": {"uv": [0.5, 0, 0, 0], "texture": "#2"}
			}
		},
		{
			"from": [4.51651, 15.13802, 6.5],
			"to": [5.01651, 15.63802, 6.5],
			"rotation": {"angle": 0, "axis": "y", "origin": [-10.63349, 14.13802, -4]},
			"faces": {
				"north": {"uv": [5.5, 12, 6, 12.5], "texture": "#2"},
				"east": {"uv": [0, 0, 0, 0.5], "texture": "#2"},
				"south": {"uv": [12, 5.5, 12.5, 6], "texture": "#2"},
				"west": {"uv": [0, 0, 0, 0.5], "texture": "#2"},
				"up": {"uv": [0.5, 0, 0, 0], "texture": "#2"},
				"down": {"uv": [0.5, 0, 0, 0], "texture": "#2"}
			}
		},
		{
			"from": [9.50747, 29.64807, 6.5],
			"to": [10.00747, 30.14807, 6.5],
			"rotation": {"angle": -45, "axis": "z", "origin": [-6.64253, 28.64807, -4]},
			"faces": {
				"north": {"uv": [6, 12, 6.5, 12.5], "texture": "#2"},
				"east": {"uv": [0, 0, 0, 0.5], "texture": "#2"},
				"south": {"uv": [12, 6, 12.5, 6.5], "texture": "#2"},
				"west": {"uv": [0, 0, 0, 0.5], "texture": "#2"},
				"up": {"uv": [0.5, 0, 0, 0], "texture": "#2"},
				"down": {"uv": [0.5, 0, 0, 0], "texture": "#2"}
			}
		},
		{
			"from": [6.63783, 17.25934, 6.5],
			"to": [7.13783, 17.75934, 6.5],
			"rotation": {"angle": 0, "axis": "y", "origin": [-8.51217, 16.25934, -4]},
			"faces": {
				"north": {"uv": [6.5, 12, 7, 12.5], "texture": "#2"},
				"east": {"uv": [0, 0, 0, 0.5], "texture": "#2"},
				"south": {"uv": [12, 6.5, 12.5, 7], "texture": "#2"},
				"west": {"uv": [0, 0, 0, 0.5], "texture": "#2"},
				"up": {"uv": [0.5, 0, 0, 0], "texture": "#2"},
				"down": {"uv": [0.5, 0, 0, 0], "texture": "#2"}
			}
		},
		{
			"from": [9.50747, 26.64807, 6.5],
			"to": [10.00747, 27.14807, 6.5],
			"rotation": {"angle": -45, "axis": "z", "origin": [-6.64253, 25.64807, -4]},
			"faces": {
				"north": {"uv": [7, 12, 7.5, 12.5], "texture": "#2"},
				"east": {"uv": [0, 0, 0, 0.5], "texture": "#2"},
				"south": {"uv": [12, 7, 12.5, 7.5], "texture": "#2"},
				"west": {"uv": [0, 0, 0, 0.5], "texture": "#2"},
				"up": {"uv": [0.5, 0, 0, 0], "texture": "#2"},
				"down": {"uv": [0.5, 0, 0, 0], "texture": "#2"}
			}
		},
		{
			"from": [8.00392, 28.14451, 6.5],
			"to": [8.50392, 28.64451, 6.5],
			"rotation": {"angle": -45, "axis": "z", "origin": [-8.14608, 27.14451, -4]},
			"faces": {
				"north": {"uv": [7.5, 12, 8, 12.5], "texture": "#2"},
				"east": {"uv": [0, 0, 0, 0.5], "texture": "#2"},
				"south": {"uv": [12, 7.5, 12.5, 8], "texture": "#2"},
				"west": {"uv": [0, 0, 0, 0.5], "texture": "#2"},
				"up": {"uv": [0.5, 0, 0, 0], "texture": "#2"},
				"down": {"uv": [0.5, 0, 0, 0], "texture": "#2"}
			}
		},
		{
			"from": [4.33435, 16.0854, 6.5],
			"to": [5.33435, 16.7854, 6.5],
			"rotation": {"angle": 0, "axis": "y", "origin": [-2.16565, 3.9354, -4]},
			"faces": {
				"north": {"uv": [8, 12, 8.5, 12.5], "texture": "#2"},
				"east": {"uv": [0, 0, 0, 0.5], "texture": "#2"},
				"south": {"uv": [12, 8, 12.5, 8.5], "texture": "#2"},
				"west": {"uv": [0, 0, 0, 0.5], "texture": "#2"},
				"up": {"uv": [0.5, 0, 0, 0], "texture": "#2"},
				"down": {"uv": [0.5, 0, 0, 0], "texture": "#2"}
			}
		},
		{
			"from": [11.00392, 28.14451, 6.5],
			"to": [11.50392, 28.64451, 6.5],
			"rotation": {"angle": -45, "axis": "z", "origin": [-5.14608, 27.14451, -4]},
			"faces": {
				"north": {"uv": [8.5, 12, 9, 12.5], "texture": "#2"},
				"east": {"uv": [0, 0, 0, 0.5], "texture": "#2"},
				"south": {"uv": [12, 8.5, 12.5, 9], "texture": "#2"},
				"west": {"uv": [0, 0, 0, 0.5], "texture": "#2"},
				"up": {"uv": [0.5, 0, 0, 0], "texture": "#2"},
				"down": {"uv": [0.5, 0, 0, 0], "texture": "#2"}
			}
		},
		{
			"from": [6.6328, 15.13802, 6.5],
			"to": [7.1328, 15.63802, 6.5],
			"rotation": {"angle": 0, "axis": "y", "origin": [-7.5172, 14.13802, -4]},
			"faces": {
				"north": {"uv": [9, 12, 9.5, 12.5], "texture": "#2"},
				"east": {"uv": [0, 0, 0, 0.5], "texture": "#2"},
				"south": {"uv": [12, 9, 12.5, 9.5], "texture": "#2"},
				"west": {"uv": [0, 0, 0, 0.5], "texture": "#2"},
				"up": {"uv": [0.5, 0, 0, 0], "texture": "#2"},
				"down": {"uv": [0.5, 0, 0, 0], "texture": "#2"}
			}
		},
		{
			"from": [-6.86565, 18.0854, 6.5],
			"to": [-5.86565, 18.7854, 6.5],
			"rotation": {"angle": -45, "axis": "z", "origin": [-2.16565, 3.9354, -4]},
			"faces": {
				"north": {"uv": [9.5, 12, 10, 12.5], "texture": "#2"},
				"east": {"uv": [0, 0, 0, 0.5], "texture": "#2"},
				"south": {"uv": [12, 9.5, 12.5, 10], "texture": "#2"},
				"west": {"uv": [0, 0, 0, 0.5], "texture": "#2"},
				"up": {"uv": [0.5, 0, 0, 0], "texture": "#2"},
				"down": {"uv": [0.5, 0, 0, 0], "texture": "#2"}
			}
		},
		{
			"from": [10.83435, 6.7854, 6.5],
			"to": [11.83435, 7.4854, 6.5],
			"rotation": {"angle": 45, "axis": "z", "origin": [-2.16565, 3.9354, -4]},
			"faces": {
				"north": {"uv": [10, 12, 10.5, 12.5], "texture": "#2"},
				"east": {"uv": [0, 0, 0, 0.5], "texture": "#2"},
				"south": {"uv": [12, 10, 12.5, 10.5], "texture": "#2"},
				"west": {"uv": [0, 0, 0, 0.5], "texture": "#2"},
				"up": {"uv": [0.5, 0, 0, 0], "texture": "#2"},
				"down": {"uv": [0.5, 0, 0, 0], "texture": "#2"}
			}
		},
		{
			"from": [12.83435, 6.7854, 6.5],
			"to": [13.83435, 7.4854, 6.5],
			"rotation": {"angle": 45, "axis": "z", "origin": [-2.16565, 3.9354, -4]},
			"faces": {
				"north": {"uv": [10.5, 12, 11, 12.5], "texture": "#2"},
				"east": {"uv": [0, 0, 0, 0.5], "texture": "#2"},
				"south": {"uv": [12, 10.5, 12.5, 11], "texture": "#2"},
				"west": {"uv": [0, 0, 0, 0.5], "texture": "#2"},
				"up": {"uv": [0.5, 0, 0, 0], "texture": "#2"},
				"down": {"uv": [0.5, 0, 0, 0], "texture": "#2"}
			}
		}
	],
	"gui_light": "front",
	"display": {
		"thirdperson_righthand": {
			"rotation": [-60, 90, 60],
			"translation": [0, 2.5, -0.25],
			"scale": [0.85, 0.85, 0.85]
		},
		"thirdperson_lefthand": {
			"rotation": [-160, -90, -160],
			"translation": [0, 2.5, -0.25],
			"scale": [0.85, 0.85, 0.85]
		},
		"firstperson_righthand": {
			"rotation": [-40, 90, 25],
			"translation": [1.13, 3.2, 1.13],
			"scale": [0.68, 0.68, 0.68]
		},
		"firstperson_lefthand": {
			"rotation": [10, -90, 25],
			"translation": [1.13, 3.2, 1.13],
			"scale": [0.68, 0.68, 0.68]
		},
		"ground": {
			"rotation": [90, 0, 40],
			"translation": [-3, 0, 1.75],
			"scale": [0.85, 0.85, 0.85]
		},
		"gui": {
			"rotation": [0, 0, -42],
			"translation": [-0.25, -1.25, 0],
			"scale": [0.65, 0.65, 0.65]
		},
		"head": {
			"rotation": [0, 0, -45],
			"translation": [3, -14.5, 3.5]
		},
		"fixed": {
			"rotation": [0, 0, 45],
			"translation": [1.25, -0.25, 0],
			"scale": [0.85, 0.85, 0.85]
		}
	},
	"groups": [
		{
			"name": "cherryaxe",
			"origin": [8, 8, 8],
			"color": 0,
			"children": [
				{
					"name": "group",
					"origin": [0, 0, 0],
					"color": 0,
					"children": [
						{
							"name": "group",
							"origin": [8, 8, 8],
							"color": 0,
							"children": [0, 1, 2, 3, 4, 5, 6]
						},
						7,
						8,
						9,
						10,
						11,
						12,
						13,
						14,
						{
							"name": "group",
							"origin": [8, 8, 8],
							"color": 0,
							"children": [
								{
									"name": "group",
									"origin": [8, 8, 8],
									"color": 0,
									"children": [
										{
											"name": "group",
											"origin": [8, 8, 8],
											"color": 0,
											"children": [
												15,
												16,
												17,
												18,
												19,
												20,
												21,
												22,
												23,
												24,
												25,
												26,
												27,
												28,
												29,
												30,
												31,
												{
													"name": "group",
													"origin": [8, 8, 8],
													"color": 0,
													"children": [32, 33, 34, 35, 36, 37, 38, 39, 40, 41, 42, 43, 44, 45, 46, 47, 48, 49, 50]
												}
											]
										}
									]
								}
							]
						}
					]
				}
			]
		}
	]
}