{
	"credit": "Made with NN Blockbench",
	"texture_size": [32, 32],
	"textures": {
		"1": "butterflyqueen:butterflyqueen/butterflyqueen_blossom2",
		"3": "butterflyqueen:butterflyqueen/butterflyqueen_shield",
		"particle": "butterflyqueen:butterflyqueen/butterflyqueen_blossom2"
	},
	"elements": [
		{
			"from": [8, 5, 7.15],
			"to": [14, 19, 7.15],
			"rotation": {"angle": -22.5, "axis": "y", "origin": [8, 12, 7]},
			"faces": {
				"north": {"uv": [0, 0, 3, 7], "texture": "#3"},
				"east": {"uv": [0, 0, 0, 7], "texture": "#3"},
				"south": {"uv": [3, 0, 6, 7], "texture": "#3"},
				"west": {"uv": [0, 0, 0, 7], "texture": "#3"},
				"up": {"uv": [3, 0, 0, 0], "texture": "#3"},
				"down": {"uv": [3, 0, 0, 0], "texture": "#3"}
			}
		},
		{
			"from": [1.65, 5, 8.65],
			"to": [7.65, 19, 8.65],
			"rotation": {"angle": 22.5, "axis": "y", "origin": [4, 12, 7]},
			"faces": {
				"north": {"uv": [6, 0, 9, 7], "texture": "#3"},
				"east": {"uv": [0, 0, 0, 7], "texture": "#3"},
				"south": {"uv": [0, 7, 3, 14], "texture": "#3"},
				"west": {"uv": [0, 0, 0, 7], "texture": "#3"},
				"up": {"uv": [3, 0, 0, 0], "texture": "#3"},
				"down": {"uv": [3, 0, 0, 0], "texture": "#3"}
			}
		},
		{
			"from": [9.91093, 6.56173, 7.53577],
			"to": [11.47893, 7.62013, 8.66473],
			"rotation": {"angle": 22.5, "axis": "z", "origin": [10.09395, 6.70169, 8.1125]},
			"faces": {
				"north": {"uv": [6.5, 11.5, 7.25, 12], "texture": "#3"},
				"east": {"uv": [12, 2, 12.625, 2.5], "texture": "#3"},
				"south": {"uv": [7.5, 11.5, 8.25, 12], "texture": "#3"},
				"west": {"uv": [12, 2.5, 12.625, 3], "texture": "#3"},
				"up": {"uv": [11.75, 2.625, 11, 2], "texture": "#3"},
				"down": {"uv": [11.75, 3, 11, 3.625], "texture": "#3"}
			}
		},
		{
			"from": [4.52107, 6.56173, 7.53577],
			"to": [6.08907, 7.62013, 8.66473],
			"rotation": {"angle": -22.5, "axis": "z", "origin": [5.90605, 6.70169, 8.1125]},
			"faces": {
				"north": {"uv": [7.25, 11.5, 6.5, 12], "texture": "#3"},
				"east": {"uv": [12.625, 2.5, 12, 3], "texture": "#3"},
				"south": {"uv": [8.25, 11.5, 7.5, 12], "texture": "#3"},
				"west": {"uv": [12.625, 2, 12, 2.5], "texture": "#3"},
				"up": {"uv": [11, 2.625, 11.75, 2], "texture": "#3"},
				"down": {"uv": [11, 3, 11.75, 3.625], "texture": "#3"}
			}
		},
		{
			"from": [9.29798, 5.43307, 7.56077],
			"to": [10.35638, 7.19707, 8.63973],
			"rotation": {"angle": -22.5, "axis": "z", "origin": [10.09395, 6.70169, 8.1125]},
			"faces": {
				"north": {"uv": [11, 9, 11.5, 9.875], "texture": "#3"},
				"east": {"uv": [10, 11, 10.5, 11.875], "texture": "#3"},
				"south": {"uv": [11, 10, 11.5, 10.875], "texture": "#3"},
				"west": {"uv": [10.5, 11, 11, 11.875], "texture": "#3"},
				"up": {"uv": [12.5, 11.5, 12, 11], "texture": "#3"},
				"down": {"uv": [12, 12, 11.5, 12.5], "texture": "#3"}
			}
		},
		{
			"from": [10.77072, 6.86078, 7.49265],
			"to": [11.53512, 8.3739, 8.70785],
			"rotation": {"angle": 0, "axis": "y", "origin": [10.09395, 6.70169, 8.1125]},
			"faces": {
				"north": {"uv": [12, 4, 12.375, 4.75], "texture": "#3"},
				"east": {"uv": [11, 4, 11.625, 4.75], "texture": "#3"},
				"south": {"uv": [12, 5, 12.375, 5.75], "texture": "#3"},
				"west": {"uv": [11, 5, 11.625, 5.75], "texture": "#3"},
				"up": {"uv": [6.375, 13.125, 6, 12.5], "texture": "#3"},
				"down": {"uv": [12.875, 6, 12.5, 6.625], "texture": "#3"}
			}
		},
		{
			"from": [10.48702, 5.67485, 7.98265],
			"to": [10.58992, 7.77597, 8.21785],
			"rotation": {"angle": -45, "axis": "z", "origin": [10.09395, 6.70169, 8.1125]},
			"faces": {
				"north": {"uv": [7.5, 13, 7.625, 14], "texture": "#3"},
				"east": {"uv": [13, 7.5, 13.125, 8.5], "texture": "#3"},
				"south": {"uv": [8, 13, 8.125, 14], "texture": "#3"},
				"west": {"uv": [8.5, 13, 8.625, 14], "texture": "#3"},
				"up": {"uv": [12.125, 13.625, 12, 13.5], "texture": "#3"},
				"down": {"uv": [13.625, 12, 13.5, 12.125], "texture": "#3"}
			}
		},
		{
			"from": [10.29102, 5.67485, 7.98265],
			"to": [10.39392, 7.77597, 8.21785],
			"rotation": {"angle": -45, "axis": "z", "origin": [10.09395, 6.70169, 8.1125]},
			"faces": {
				"north": {"uv": [10, 13, 10.125, 14], "texture": "#3"},
				"east": {"uv": [10.5, 13, 10.625, 14], "texture": "#3"},
				"south": {"uv": [13, 10.5, 13.125, 11.5], "texture": "#3"},
				"west": {"uv": [11, 13, 11.125, 14], "texture": "#3"},
				"up": {"uv": [13.125, 13.625, 13, 13.5], "texture": "#3"},
				"down": {"uv": [13.625, 13, 13.5, 13.125], "texture": "#3"}
			}
		},
		{
			"from": [10.68302, 5.67485, 7.98265],
			"to": [10.78592, 7.77597, 8.21785],
			"rotation": {"angle": -45, "axis": "z", "origin": [10.09395, 6.70169, 8.1125]},
			"faces": {
				"north": {"uv": [13, 8.5, 13.125, 9.5], "texture": "#3"},
				"east": {"uv": [9, 13, 9.125, 14], "texture": "#3"},
				"south": {"uv": [9.5, 13, 9.625, 14], "texture": "#3"},
				"west": {"uv": [13, 9.5, 13.125, 10.5], "texture": "#3"},
				"up": {"uv": [12.625, 13.625, 12.5, 13.5], "texture": "#3"},
				"down": {"uv": [13.625, 12.5, 13.5, 12.625], "texture": "#3"}
			}
		},
		{
			"from": [9.376, 8.38085, 7.51715],
			"to": [9.9934, 9.50197, 8.68335],
			"rotation": {"angle": -45, "axis": "z", "origin": [10.09395, 6.70169, 8.1125]},
			"faces": {
				"north": {"uv": [13, 3, 13.25, 3.5], "texture": "#3"},
				"east": {"uv": [11.5, 10, 12.125, 10.5], "texture": "#3"},
				"south": {"uv": [13, 3.5, 13.25, 4], "texture": "#3"},
				"west": {"uv": [11.5, 10.5, 12.125, 11], "texture": "#3"},
				"up": {"uv": [12.75, 12.125, 12.5, 11.5], "texture": "#3"},
				"down": {"uv": [12.25, 12.5, 12, 13.125], "texture": "#3"}
			}
		},
		{
			"from": [9.76534, 4.58752, 7.54165],
			"to": [10.52974, 5.51264, 8.65885],
			"rotation": {"angle": -45, "axis": "z", "origin": [10.09395, 6.70169, 8.1125]},
			"faces": {
				"north": {"uv": [12.5, 9.5, 12.875, 10], "texture": "#3"},
				"east": {"uv": [12, 11.5, 12.5, 12], "texture": "#3"},
				"south": {"uv": [10, 12.5, 10.375, 13], "texture": "#3"},
				"west": {"uv": [12, 12, 12.5, 12.5], "texture": "#3"},
				"up": {"uv": [12.875, 10.5, 12.5, 10], "texture": "#3"},
				"down": {"uv": [10.875, 12.5, 10.5, 13], "texture": "#3"}
			}
		},
		{
			"from": [6.0066, 8.38085, 7.51715],
			"to": [6.624, 9.50197, 8.68335],
			"rotation": {"angle": 45, "axis": "z", "origin": [5.90605, 6.70169, 8.1125]},
			"faces": {
				"north": {"uv": [5, 13.5, 5.25, 14], "texture": "#3"},
				"east": {"uv": [12, 3.5, 12.625, 4], "texture": "#3"},
				"south": {"uv": [13.5, 5, 13.75, 5.5], "texture": "#3"},
				"west": {"uv": [4, 12, 4.625, 12.5], "texture": "#3"},
				"up": {"uv": [12.75, 13.125, 12.5, 12.5], "texture": "#3"},
				"down": {"uv": [13.25, 0, 13, 0.625], "texture": "#3"}
			}
		},
		{
			"from": [4.46488, 6.86078, 7.49265],
			"to": [5.22928, 8.3739, 8.70785],
			"rotation": {"angle": 0, "axis": "y", "origin": [5.90605, 6.70169, 8.1125]},
			"faces": {
				"north": {"uv": [12, 6, 12.375, 6.75], "texture": "#3"},
				"east": {"uv": [11, 6, 11.625, 6.75], "texture": "#3"},
				"south": {"uv": [6.5, 12, 6.875, 12.75], "texture": "#3"},
				"west": {"uv": [11, 7, 11.625, 7.75], "texture": "#3"},
				"up": {"uv": [7.375, 13.125, 7, 12.5], "texture": "#3"},
				"down": {"uv": [12.875, 7, 12.5, 7.625], "texture": "#3"}
			}
		},
		{
			"from": [5.64362, 5.43307, 7.56077],
			"to": [6.70202, 7.19707, 8.63973],
			"rotation": {"angle": 22.5, "axis": "z", "origin": [5.90605, 6.70169, 8.1125]},
			"faces": {
				"north": {"uv": [11, 11, 11.5, 11.875], "texture": "#3"},
				"east": {"uv": [5, 11.5, 5.5, 12.375], "texture": "#3"},
				"south": {"uv": [5.5, 11.5, 6, 12.375], "texture": "#3"},
				"west": {"uv": [6, 11.5, 6.5, 12.375], "texture": "#3"},
				"up": {"uv": [13, 1.5, 12.5, 1], "texture": "#3"},
				"down": {"uv": [13, 1.5, 12.5, 2], "texture": "#3"}
			}
		},
		{
			"from": [5.47026, 4.58752, 7.54165],
			"to": [6.23466, 5.51264, 8.65885],
			"rotation": {"angle": 45, "axis": "z", "origin": [5.90605, 6.70169, 8.1125]},
			"faces": {
				"north": {"uv": [12.5, 10.5, 12.875, 11], "texture": "#3"},
				"east": {"uv": [12.5, 0, 13, 0.5], "texture": "#3"},
				"south": {"uv": [11, 12.5, 11.375, 13], "texture": "#3"},
				"west": {"uv": [12.5, 0.5, 13, 1], "texture": "#3"},
				"up": {"uv": [12.875, 11.5, 12.5, 11], "texture": "#3"},
				"down": {"uv": [11.875, 12.5, 11.5, 13], "texture": "#3"}
			}
		},
		{
			"from": [5.41008, 5.67485, 7.98265],
			"to": [5.51298, 7.77597, 8.21785],
			"rotation": {"angle": 45, "axis": "z", "origin": [5.90605, 6.70169, 8.1125]},
			"faces": {
				"north": {"uv": [3.5, 13.5, 3.625, 14.5], "texture": "#3"},
				"east": {"uv": [4, 13.5, 4.125, 14.5], "texture": "#3"},
				"south": {"uv": [13.5, 4, 13.625, 5], "texture": "#3"},
				"west": {"uv": [4.5, 13.5, 4.625, 14.5], "texture": "#3"},
				"up": {"uv": [14.125, 0.625, 14, 0.5], "texture": "#3"},
				"down": {"uv": [1.125, 14, 1, 14.125], "texture": "#3"}
			}
		},
		{
			"from": [5.21408, 5.67485, 7.98265],
			"to": [5.31698, 7.77597, 8.21785],
			"rotation": {"angle": 45, "axis": "z", "origin": [5.90605, 6.70169, 8.1125]},
			"faces": {
				"north": {"uv": [13.5, 1, 13.625, 2], "texture": "#3"},
				"east": {"uv": [13.5, 2, 13.625, 3], "texture": "#3"},
				"south": {"uv": [3, 13.5, 3.125, 14.5], "texture": "#3"},
				"west": {"uv": [13.5, 3, 13.625, 4], "texture": "#3"},
				"up": {"uv": [14.125, 0.125, 14, 0], "texture": "#3"},
				"down": {"uv": [0.625, 14, 0.5, 14.125], "texture": "#3"}
			}
		},
		{
			"from": [5.60608, 5.67485, 7.98265],
			"to": [5.70898, 7.77597, 8.21785],
			"rotation": {"angle": 45, "axis": "z", "origin": [5.90605, 6.70169, 8.1125]},
			"faces": {
				"north": {"uv": [11.5, 13, 11.625, 14], "texture": "#3"},
				"east": {"uv": [13, 11.5, 13.125, 12.5], "texture": "#3"},
				"south": {"uv": [13, 12.5, 13.125, 13.5], "texture": "#3"},
				"west": {"uv": [13.5, 0, 13.625, 1], "texture": "#3"},
				"up": {"uv": [13.625, 13.625, 13.5, 13.5], "texture": "#3"},
				"down": {"uv": [0.125, 14, 0, 14.125], "texture": "#3"}
			}
		},
		{
			"from": [6, 15, 7],
			"to": [8, 17, 8.5],
			"rotation": {"angle": -45, "axis": "z", "origin": [8, 15, 7.75]},
			"faces": {
				"north": {"uv": [5, 9.5, 6, 10.5], "texture": "#3"},
				"east": {"uv": [9, 10, 9.75, 11], "texture": "#3"},
				"south": {"uv": [6, 9.5, 7, 10.5], "texture": "#3"},
				"west": {"uv": [10, 10, 10.75, 11], "texture": "#3"},
				"up": {"uv": [6, 11.25, 5, 10.5], "texture": "#3"},
				"down": {"uv": [7, 10.5, 6, 11.25], "texture": "#3"}
			}
		},
		{
			"from": [13.5, 7.5, 7],
			"to": [15.5, 9.5, 8.5],
			"rotation": {"angle": -45, "axis": "z", "origin": [8, 15, 7.75]},
			"faces": {
				"north": {"uv": [7, 9.5, 8, 10.5], "texture": "#3"},
				"east": {"uv": [7, 10.5, 7.75, 11.5], "texture": "#3"},
				"south": {"uv": [8, 9.5, 9, 10.5], "texture": "#3"},
				"west": {"uv": [8, 10.5, 8.75, 11.5], "texture": "#3"},
				"up": {"uv": [12, 0.75, 11, 0], "texture": "#3"},
				"down": {"uv": [12, 1, 11, 1.75], "texture": "#3"}
			}
		},
		{
			"from": [6.43567, 16.44344, 7.34222],
			"to": [7.11323, 17.65464, 8.15828],
			"rotation": {"angle": 22.5, "axis": "z", "origin": [6.73695, 17.29904, 7.75025]},
			"faces": {
				"north": {"uv": [3, 12.5, 3.375, 13.125], "texture": "#3"},
				"east": {"uv": [3.5, 12.5, 3.875, 13.125], "texture": "#3"},
				"south": {"uv": [4, 12.5, 4.375, 13.125], "texture": "#3"},
				"west": {"uv": [12.5, 4, 12.875, 4.625], "texture": "#3"},
				"up": {"uv": [13.375, 1.375, 13, 1], "texture": "#3"},
				"down": {"uv": [13.375, 1.5, 13, 1.875], "texture": "#3"}
			}
		},
		{
			"from": [6.23456, 17.66286, 7.20341],
			"to": [7.12137, 18.35082, 8.29709],
			"rotation": {"angle": 22.5, "axis": "z", "origin": [6.67024, 17.81168, 7.75025]},
			"faces": {
				"north": {"uv": [7.5, 12.5, 8, 12.875], "texture": "#3"},
				"east": {"uv": [8, 12.5, 8.5, 12.875], "texture": "#3"},
				"south": {"uv": [12.5, 8, 13, 8.375], "texture": "#3"},
				"west": {"uv": [8.5, 12.5, 9, 12.875], "texture": "#3"},
				"up": {"uv": [7.5, 12.5, 7, 12], "texture": "#3"},
				"down": {"uv": [12.5, 7, 12, 7.5], "texture": "#3"}
			}
		},
		{
			"from": [6.55147, 18.0418, 7.22546],
			"to": [7.10713, 19.05081, 8.27504],
			"rotation": {"angle": -22.5, "axis": "z", "origin": [6.67024, 17.81168, 7.75025]},
			"faces": {
				"north": {"uv": [13, 4, 13.25, 4.5], "texture": "#3"},
				"east": {"uv": [7.5, 12, 8, 12.5], "texture": "#3"},
				"south": {"uv": [13, 4.5, 13.25, 5], "texture": "#3"},
				"west": {"uv": [12, 7.5, 12.5, 8], "texture": "#3"},
				"up": {"uv": [13.25, 5.5, 13, 5], "texture": "#3"},
				"down": {"uv": [13.25, 5.5, 13, 6], "texture": "#3"}
			}
		},
		{
			"from": [8.89287, 18.0418, 7.22546],
			"to": [9.44853, 19.05081, 8.27504],
			"rotation": {"angle": 22.5, "axis": "z", "origin": [9.32976, 17.81168, 7.75025]},
			"faces": {
				"north": {"uv": [13, 6, 13.25, 6.5], "texture": "#3"},
				"east": {"uv": [8, 12, 8.5, 12.5], "texture": "#3"},
				"south": {"uv": [6.5, 13, 6.75, 13.5], "texture": "#3"},
				"west": {"uv": [12, 8, 12.5, 8.5], "texture": "#3"},
				"up": {"uv": [13.25, 7, 13, 6.5], "texture": "#3"},
				"down": {"uv": [13.25, 7, 13, 7.5], "texture": "#3"}
			}
		},
		{
			"from": [8.87863, 17.66286, 7.20341],
			"to": [9.76544, 18.35082, 8.29709],
			"rotation": {"angle": -22.5, "axis": "z", "origin": [9.32976, 17.81168, 7.75025]},
			"faces": {
				"north": {"uv": [12.5, 8.5, 13, 8.875], "texture": "#3"},
				"east": {"uv": [9, 12.5, 9.5, 12.875], "texture": "#3"},
				"south": {"uv": [12.5, 9, 13, 9.375], "texture": "#3"},
				"west": {"uv": [9.5, 12.5, 10, 12.875], "texture": "#3"},
				"up": {"uv": [12.5, 9, 12, 8.5], "texture": "#3"},
				"down": {"uv": [9.5, 12, 9, 12.5], "texture": "#3"}
			}
		},
		{
			"from": [8.88677, 16.44344, 7.34222],
			"to": [9.56433, 17.65464, 8.15828],
			"rotation": {"angle": -22.5, "axis": "z", "origin": [9.26305, 17.29904, 7.75025]},
			"faces": {
				"north": {"uv": [4.5, 12.5, 4.875, 13.125], "texture": "#3"},
				"east": {"uv": [5, 12.5, 5.375, 13.125], "texture": "#3"},
				"south": {"uv": [12.5, 5, 12.875, 5.625], "texture": "#3"},
				"west": {"uv": [5.5, 12.5, 5.875, 13.125], "texture": "#3"},
				"up": {"uv": [13.375, 2.375, 13, 2], "texture": "#3"},
				"down": {"uv": [13.375, 2.5, 13, 2.875], "texture": "#3"}
			}
		},
		{
			"from": [6.91491, 18.8565, 7.22546],
			"to": [7.22057, 19.86551, 8.27504],
			"rotation": {"angle": 45, "axis": "z", "origin": [7.44274, 19.26101, 7.75025]},
			"faces": {
				"north": {"uv": [13.5, 6.5, 13.625, 7], "texture": "#3"},
				"east": {"uv": [9.5, 12, 10, 12.5], "texture": "#3"},
				"south": {"uv": [7, 13.5, 7.125, 14], "texture": "#3"},
				"west": {"uv": [10, 12, 10.5, 12.5], "texture": "#3"},
				"up": {"uv": [13.625, 7.5, 13.5, 7], "texture": "#3"},
				"down": {"uv": [13.625, 7.5, 13.5, 8], "texture": "#3"}
			}
		},
		{
			"from": [8.77943, 18.8565, 7.22546],
			"to": [9.08509, 19.86551, 8.27504],
			"rotation": {"angle": -45, "axis": "z", "origin": [8.55726, 19.26101, 7.75025]},
			"faces": {
				"north": {"uv": [13.5, 8, 13.625, 8.5], "texture": "#3"},
				"east": {"uv": [10.5, 12, 11, 12.5], "texture": "#3"},
				"south": {"uv": [13.5, 8.5, 13.625, 9], "texture": "#3"},
				"west": {"uv": [11, 12, 11.5, 12.5], "texture": "#3"},
				"up": {"uv": [13.625, 9.5, 13.5, 9], "texture": "#3"},
				"down": {"uv": [13.625, 9.5, 13.5, 10], "texture": "#3"}
			}
		},
		{
			"from": [8.21491, 11.43449, 7.22546],
			"to": [8.52057, 12.7435, 8.27504],
			"rotation": {"angle": -45, "axis": "z", "origin": [13.14274, 16.23899, 7.75025]},
			"faces": {
				"north": {"uv": [5.5, 13.5, 5.625, 14.125], "texture": "#3"},
				"east": {"uv": [8.5, 11.5, 9, 12.125], "texture": "#3"},
				"south": {"uv": [13.5, 5.5, 13.625, 6.125], "texture": "#3"},
				"west": {"uv": [11.5, 11, 12, 11.625], "texture": "#3"},
				"up": {"uv": [13.625, 10.5, 13.5, 10], "texture": "#3"},
				"down": {"uv": [13.625, 10.5, 13.5, 11], "texture": "#3"}
			}
		},
		{
			"from": [7.47943, 11.43449, 7.22546],
			"to": [7.78509, 12.7435, 8.27504],
			"rotation": {"angle": 45, "axis": "z", "origin": [2.85726, 16.23899, 7.75025]},
			"faces": {
				"north": {"uv": [6, 13.5, 6.125, 14.125], "texture": "#3"},
				"east": {"uv": [12, 0, 12.5, 0.625], "texture": "#3"},
				"south": {"uv": [6.5, 13.5, 6.625, 14.125], "texture": "#3"},
				"west": {"uv": [12, 1, 12.5, 1.625], "texture": "#3"},
				"up": {"uv": [13.625, 11.5, 13.5, 11], "texture": "#3"},
				"down": {"uv": [13.625, 11.5, 13.5, 12], "texture": "#3"}
			}
		},
		{
			"from": [7.8, 14, 6.85],
			"to": [11.8, 19, 6.85],
			"rotation": {"angle": 22.5, "axis": "y", "origin": [10, 16.5, 7.25]},
			"faces": {
				"north": {"uv": [3, 7, 5, 9.5], "texture": "#3"},
				"east": {"uv": [0, 0, 0, 2.5], "texture": "#3"},
				"south": {"uv": [5, 7, 7, 9.5], "texture": "#3"},
				"west": {"uv": [0, 0, 0, 2.5], "texture": "#3"},
				"up": {"uv": [2, 0, 0, 0], "texture": "#3"},
				"down": {"uv": [2, 0, 0, 0], "texture": "#3"}
			}
		},
		{
			"from": [4.2, 14, 6.85],
			"to": [8.2, 19, 6.85],
			"rotation": {"angle": -22.5, "axis": "y", "origin": [6, 16.5, 7.25]},
			"faces": {
				"north": {"uv": [7, 7, 9, 9.5], "texture": "#3"},
				"east": {"uv": [0, 0, 0, 2.5], "texture": "#3"},
				"south": {"uv": [9, 0, 11, 2.5], "texture": "#3"},
				"west": {"uv": [0, 0, 0, 2.5], "texture": "#3"},
				"up": {"uv": [2, 0, 0, 0], "texture": "#3"},
				"down": {"uv": [2, 0, 0, 0], "texture": "#3"}
			}
		},
		{
			"from": [4.2, 14, 8.65],
			"to": [8.2, 19, 8.65],
			"rotation": {"angle": 22.5, "axis": "y", "origin": [6, 16.5, 8.25]},
			"faces": {
				"north": {"uv": [9, 2.5, 11, 5], "texture": "#3"},
				"east": {"uv": [0, 0, 0, 2.5], "texture": "#3"},
				"south": {"uv": [9, 5, 11, 7.5], "texture": "#3"},
				"west": {"uv": [0, 0, 0, 2.5], "texture": "#3"},
				"up": {"uv": [2, 0, 0, 0], "texture": "#3"},
				"down": {"uv": [2, 0, 0, 0], "texture": "#3"}
			}
		},
		{
			"from": [7.8, 14, 8.65],
			"to": [11.8, 19, 8.65],
			"rotation": {"angle": -22.5, "axis": "y", "origin": [10, 16.5, 8.25]},
			"faces": {
				"north": {"uv": [9, 7.5, 11, 10], "texture": "#3"},
				"east": {"uv": [0, 0, 0, 2.5], "texture": "#3"},
				"south": {"uv": [3, 9.5, 5, 12], "texture": "#3"},
				"west": {"uv": [0, 0, 0, 2.5], "texture": "#3"},
				"up": {"uv": [2, 0, 0, 0], "texture": "#3"},
				"down": {"uv": [2, 0, 0, 0], "texture": "#3"}
			}
		},
		{
			"from": [0, 6, 8.3],
			"to": [8, 15, 8.3],
			"rotation": {"angle": 0, "axis": "y", "origin": [1, 0, 0]},
			"faces": {
				"north": {"uv": [5.3, 0, 14.8, 9.3], "texture": "#1"},
				"east": {"uv": [0, 0, 1.0625, 1.1625], "texture": "#missing"},
				"south": {"uv": [14.8, 0, 5.3, 9.3], "texture": "#1"},
				"west": {"uv": [0, 0, 1.0625, 1.1625], "texture": "#missing"},
				"up": {"uv": [0, 0, 1.825, 0.6], "texture": "#missing"},
				"down": {"uv": [0, 0, 1.825, 0.6], "texture": "#missing"}
			}
		},
		{
			"from": [8, 6, 8.3],
			"to": [16, 15, 8.3],
			"rotation": {"angle": 0, "axis": "y", "origin": [17, 0, 0]},
			"faces": {
				"north": {"uv": [14.8, 0, 5.3, 9.3], "texture": "#1"},
				"east": {"uv": [1.0625, 0, 0, 1.1625], "texture": "#missing"},
				"south": {"uv": [5.3, 0, 14.8, 9.3], "texture": "#1"},
				"west": {"uv": [1.0625, 0, 0, 1.1625], "texture": "#missing"},
				"up": {"uv": [1.825, 0, 0, 0.6], "texture": "#missing"},
				"down": {"uv": [1.825, 0, 0, 0.6], "texture": "#missing"}
			}
		}
	],
	"gui_light": "front",
	"display": {
		"thirdperson_righthand": {
			"rotation": [12, -90, 0],
			"translation": [2.5, -7.25, 2],
			"scale": [1.4, 1.4, 1.4]
		},
		"thirdperson_lefthand": {
			"rotation": [12, -90, 0],
			"translation": [2.5, -7.25, 2],
			"scale": [1.4, 1.4, 1.4]
		},
		"firstperson_righthand": {
			"rotation": [-1, -69.56, 8.91],
			"translation": [3.75, -4, 0]
		},
		"firstperson_lefthand": {
			"rotation": [-1, -69.56, 8.91],
			"translation": [3.75, 1.25, 0],
			"scale": [0, 0, 0]
		},
		"ground": {
			"translation": [0, 5.25, 0]
		},
		"gui": {
			"rotation": [0, 10, 0],
			"translation": [0.5, -4.25, 0]
		},
		"head": {
			"translation": [0, 4.5, 0],
			"scale": [0, 0, 0]
		},
		"fixed": {
			"translation": [0, -5.25, -2.5],
			"scale": [1.5, 1.5, 1.5]
		}
	},
	"groups": [
		{
			"name": "group",
			"origin": [10, 10, 8.5],
			"color": 0,
			"children": []
		},
		0,
		1,
		2,
		3,
		4,
		5,
		6,
		7,
		8,
		9,
		10,
		11,
		12,
		13,
		14,
		15,
		16,
		17,
		{
			"name": "group",
			"origin": [-7, 11.5, 8.25],
			"color": 0,
			"children": [18, 19, 20, 21, 22, 23, 24, 25, 26, 27, 28, 29, 30, 31, 32, 33]
		},
		34,
		35
	]
}