{
	"credit": "Made with NN Blockbench",
	"texture_size": [64, 64],
	"textures": {
		"1": "butterflyqueen:butterflyqueen/butterflyqueen_blossom2",
		"5": "butterflyqueen:butterflyqueen/butterflyqueen_bow_2",
		"particle": "butterflyqueen:butterflyqueen/butterflyqueen_blossom2"
	},
	"elements": [
		{
			"from": [8.45592, 8.18248, 6.20508],
			"to": [9.93768, 10.37768, 7.78562],
			"rotation": {"angle": -45, "axis": "z", "origin": [8.94984, 10.15816, 6.99535]},
			"faces": {
				"north": {"uv": [7, 3.75, 7.375, 4.3125], "texture": "#5"},
				"east": {"uv": [7, 4.5, 7.375, 5.0625], "texture": "#5"},
				"south": {"uv": [7, 5.25, 7.375, 5.8125], "texture": "#5"},
				"west": {"uv": [7, 6, 7.375, 6.5625], "texture": "#5"},
				"up": {"uv": [7.875, 4.125, 7.5, 3.75], "texture": "#5"},
				"down": {"uv": [4.375, 7.5, 4, 7.875], "texture": "#5"}
			}
		},
		{
			"from": [7.1796, 6.6063, 6.24008],
			"to": [8.66136, 9.0759, 7.75062],
			"rotation": {"angle": 0, "axis": "y", "origin": [6.78446, 7.64353, 6.99535]},
			"faces": {
				"north": {"uv": [3, 6.5, 3.375, 7.125], "texture": "#5"},
				"east": {"uv": [6.5, 5, 6.875, 5.625], "texture": "#5"},
				"south": {"uv": [6.5, 5.75, 6.875, 6.375], "texture": "#5"},
				"west": {"uv": [6.5, 6.5, 6.875, 7.125], "texture": "#5"},
				"up": {"uv": [7.875, 4.625, 7.5, 4.25], "texture": "#5"},
				"down": {"uv": [4.875, 7.5, 4.5, 7.875], "texture": "#5"}
			}
		},
		{
			"from": [8.51087, 8.96771, 6.14471],
			"to": [9.58103, 11.08608, 7.84599],
			"rotation": {"angle": 22.5, "axis": "z", "origin": [8.84015, 10.40008, 6.99535]},
			"faces": {
				"north": {"uv": [7, 7.5, 7.25, 8], "texture": "#5"},
				"east": {"uv": [7, 2.25, 7.4375, 2.75], "texture": "#5"},
				"south": {"uv": [7.25, 7.5, 7.5, 8], "texture": "#5"},
				"west": {"uv": [2.5, 7, 2.9375, 7.5], "texture": "#5"},
				"up": {"uv": [8.25, 2.9375, 8, 2.5], "texture": "#5"},
				"down": {"uv": [3, 8, 2.75, 8.4375], "texture": "#5"}
			}
		},
		{
			"from": [8.87122, 6.73961, 6.83071],
			"to": [9.01528, 9.68118, 7.15999],
			"rotation": {"angle": -22.5, "axis": "z", "origin": [8.8232, 8.34759, 7.68135]},
			"faces": {
				"north": {"uv": [8.5, 2, 8.5625, 2.75], "texture": "#5"},
				"east": {"uv": [2.25, 8.5, 2.3125, 9.25], "texture": "#5"},
				"south": {"uv": [2.5, 8.5, 2.5625, 9.25], "texture": "#5"},
				"west": {"uv": [2.75, 8.5, 2.8125, 9.25], "texture": "#5"},
				"up": {"uv": [8.8125, 5.8125, 8.75, 5.75], "texture": "#5"},
				"down": {"uv": [8.8125, 6, 8.75, 6.0625], "texture": "#5"}
			}
		},
		{
			"from": [8.59682, 6.73961, 6.83071],
			"to": [8.74088, 9.68118, 7.15999],
			"rotation": {"angle": -22.5, "axis": "z", "origin": [8.8232, 8.34759, 7.68135]},
			"faces": {
				"north": {"uv": [8.5, 2.75, 8.5625, 3.5], "texture": "#5"},
				"east": {"uv": [3, 8.5, 3.0625, 9.25], "texture": "#5"},
				"south": {"uv": [3.25, 8.5, 3.3125, 9.25], "texture": "#5"},
				"west": {"uv": [3.5, 8.5, 3.5625, 9.25], "texture": "#5"},
				"up": {"uv": [8.8125, 6.3125, 8.75, 6.25], "texture": "#5"},
				"down": {"uv": [8.8125, 6.5, 8.75, 6.5625], "texture": "#5"}
			}
		},
		{
			"from": [9.14562, 6.73961, 6.83071],
			"to": [9.28968, 9.68118, 7.15999],
			"rotation": {"angle": -22.5, "axis": "z", "origin": [8.8232, 8.34759, 7.68135]},
			"faces": {
				"north": {"uv": [3.75, 8.5, 3.8125, 9.25], "texture": "#5"},
				"east": {"uv": [4, 8.5, 4.0625, 9.25], "texture": "#5"},
				"south": {"uv": [4.25, 8.5, 4.3125, 9.25], "texture": "#5"},
				"west": {"uv": [8.5, 4.25, 8.5625, 5], "texture": "#5"},
				"up": {"uv": [8.8125, 6.8125, 8.75, 6.75], "texture": "#5"},
				"down": {"uv": [8.8125, 7, 8.75, 7.0625], "texture": "#5"}
			}
		},
		{
			"from": [8.69744, 10.99478, 6.17901],
			"to": [9.5618, 12.56435, 7.81169],
			"rotation": {"angle": -22.5, "axis": "z", "origin": [8.34072, 12.05396, 6.99535]},
			"faces": {
				"north": {"uv": [8, 7.75, 8.1875, 8.125], "texture": "#5"},
				"east": {"uv": [2.5, 7.5, 2.9375, 7.875], "texture": "#5"},
				"south": {"uv": [0, 8.25, 0.1875, 8.625], "texture": "#5"},
				"west": {"uv": [7.5, 2.75, 7.9375, 3.125], "texture": "#5"},
				"up": {"uv": [8.1875, 4.9375, 8, 4.5], "texture": "#5"},
				"down": {"uv": [4.9375, 8, 4.75, 8.4375], "texture": "#5"}
			}
		},
		{
			"from": [8.67496, 14.5418, 5.55147],
			"to": [9.72454, 15.55081, 6.10713],
			"rotation": {"angle": 22.5, "axis": "x", "origin": [9.19975, 14.31168, 5.67024]},
			"faces": {
				"north": {"uv": [2.25, 7.75, 2.5, 8], "texture": "#5"},
				"east": {"uv": [8.75, 0.5, 8.875, 0.75], "texture": "#5"},
				"south": {"uv": [8.25, 4.25, 8.5, 4.5], "texture": "#5"},
				"west": {"uv": [0.75, 8.75, 0.875, 9], "texture": "#5"},
				"up": {"uv": [9, 0.875, 8.75, 0.75], "texture": "#5"},
				"down": {"uv": [1.25, 8.75, 1, 8.875], "texture": "#5"}
			}
		},
		{
			"from": [8.67496, 15.3565, 5.91491],
			"to": [9.72454, 16.36551, 6.22057],
			"rotation": {"angle": -45, "axis": "x", "origin": [9.19975, 15.76101, 6.44274]},
			"faces": {
				"north": {"uv": [8.25, 4.5, 8.5, 4.75], "texture": "#5"},
				"east": {"uv": [8.75, 4, 8.8125, 4.25], "texture": "#5"},
				"south": {"uv": [8.25, 4.75, 8.5, 5], "texture": "#5"},
				"west": {"uv": [8.75, 4.25, 8.8125, 4.5], "texture": "#5"},
				"up": {"uv": [4.75, 8.8125, 4.5, 8.75], "texture": "#5"},
				"down": {"uv": [9, 4.5, 8.75, 4.5625], "texture": "#5"}
			}
		},
		{
			"from": [8.67496, 15.3565, 7.77943],
			"to": [9.72454, 16.36551, 8.08509],
			"rotation": {"angle": 45, "axis": "x", "origin": [9.19975, 15.76101, 7.55726]},
			"faces": {
				"north": {"uv": [8.25, 5, 8.5, 5.25], "texture": "#5"},
				"east": {"uv": [4.75, 8.75, 4.8125, 9], "texture": "#5"},
				"south": {"uv": [8.25, 5.25, 8.5, 5.5], "texture": "#5"},
				"west": {"uv": [8.75, 4.75, 8.8125, 5], "texture": "#5"},
				"up": {"uv": [5.25, 8.8125, 5, 8.75], "texture": "#5"},
				"down": {"uv": [9, 5, 8.75, 5.0625], "texture": "#5"}
			}
		},
		{
			"from": [8.67496, 7.93449, 7.21491],
			"to": [9.72454, 9.2435, 7.52057],
			"rotation": {"angle": 45, "axis": "x", "origin": [9.19975, 12.73899, 12.14274]},
			"faces": {
				"north": {"uv": [5.25, 8, 5.5, 8.3125], "texture": "#5"},
				"east": {"uv": [8.75, 2, 8.8125, 2.3125], "texture": "#5"},
				"south": {"uv": [5.5, 8, 5.75, 8.3125], "texture": "#5"},
				"west": {"uv": [8.75, 2.5, 8.8125, 2.8125], "texture": "#5"},
				"up": {"uv": [5.5, 8.8125, 5.25, 8.75], "texture": "#5"},
				"down": {"uv": [9, 5.25, 8.75, 5.3125], "texture": "#5"}
			}
		},
		{
			"from": [8.67496, 7.93449, 6.47943],
			"to": [9.72454, 9.2435, 6.78509],
			"rotation": {"angle": -45, "axis": "x", "origin": [9.19975, 12.73899, 1.85726]},
			"faces": {
				"north": {"uv": [8, 5.5, 8.25, 5.8125], "texture": "#5"},
				"east": {"uv": [8.75, 3, 8.8125, 3.3125], "texture": "#5"},
				"south": {"uv": [5.75, 8, 6, 8.3125], "texture": "#5"},
				"west": {"uv": [8.75, 3.5, 8.8125, 3.8125], "texture": "#5"},
				"up": {"uv": [5.75, 8.8125, 5.5, 8.75], "texture": "#5"},
				"down": {"uv": [9, 5.5, 8.75, 5.5625], "texture": "#5"}
			}
		},
		{
			"from": [8.65291, 14.16286, 5.23456],
			"to": [9.74659, 14.85082, 6.12137],
			"rotation": {"angle": -22.5, "axis": "x", "origin": [9.19975, 14.31168, 5.67024]},
			"faces": {
				"north": {"uv": [4.5, 8.5, 4.75, 8.6875], "texture": "#5"},
				"east": {"uv": [4.75, 8.5, 5, 8.6875], "texture": "#5"},
				"south": {"uv": [5, 8.5, 5.25, 8.6875], "texture": "#5"},
				"west": {"uv": [8.5, 5, 8.75, 5.1875], "texture": "#5"},
				"up": {"uv": [8.5, 5.75, 8.25, 5.5], "texture": "#5"},
				"down": {"uv": [8.5, 5.75, 8.25, 6], "texture": "#5"}
			}
		},
		{
			"from": [8.79172, 12.94344, 5.43567],
			"to": [9.60778, 14.15464, 6.11323],
			"rotation": {"angle": -22.5, "axis": "x", "origin": [9.19975, 13.79904, 5.73695]},
			"faces": {
				"north": {"uv": [8.25, 7.25, 8.4375, 7.5625], "texture": "#5"},
				"east": {"uv": [7.5, 8.25, 7.6875, 8.5625], "texture": "#5"},
				"south": {"uv": [7.75, 8.25, 7.9375, 8.5625], "texture": "#5"},
				"west": {"uv": [8.25, 7.75, 8.4375, 8.0625], "texture": "#5"},
				"up": {"uv": [8.9375, 0.1875, 8.75, 0], "texture": "#5"},
				"down": {"uv": [0.4375, 8.75, 0.25, 8.9375], "texture": "#5"}
			}
		},
		{
			"from": [8.79172, 12.94344, 7.88677],
			"to": [9.60778, 14.15464, 8.56433],
			"rotation": {"angle": 22.5, "axis": "x", "origin": [9.19975, 13.79904, 8.26305]},
			"faces": {
				"north": {"uv": [8, 8.25, 8.1875, 8.5625], "texture": "#5"},
				"east": {"uv": [8.25, 8.25, 8.4375, 8.5625], "texture": "#5"},
				"south": {"uv": [8.5, 0, 8.6875, 0.3125], "texture": "#5"},
				"west": {"uv": [8.5, 0.5, 8.6875, 0.8125], "texture": "#5"},
				"up": {"uv": [8.9375, 0.4375, 8.75, 0.25], "texture": "#5"},
				"down": {"uv": [0.6875, 8.75, 0.5, 8.9375], "texture": "#5"}
			}
		},
		{
			"from": [8.65291, 14.16286, 7.87863],
			"to": [9.74659, 14.85082, 8.76544],
			"rotation": {"angle": 22.5, "axis": "x", "origin": [9.19975, 14.31168, 8.32976]},
			"faces": {
				"north": {"uv": [5.25, 8.5, 5.5, 8.6875], "texture": "#5"},
				"east": {"uv": [8.5, 5.25, 8.75, 5.4375], "texture": "#5"},
				"south": {"uv": [5.5, 8.5, 5.75, 8.6875], "texture": "#5"},
				"west": {"uv": [8.5, 5.5, 8.75, 5.6875], "texture": "#5"},
				"up": {"uv": [8.5, 6.25, 8.25, 6], "texture": "#5"},
				"down": {"uv": [8.5, 6.25, 8.25, 6.5], "texture": "#5"}
			}
		},
		{
			"from": [8.67496, 14.5418, 7.89287],
			"to": [9.72454, 15.55081, 8.44853],
			"rotation": {"angle": -22.5, "axis": "x", "origin": [9.19975, 14.31168, 8.32976]},
			"faces": {
				"north": {"uv": [8.25, 6.5, 8.5, 6.75], "texture": "#5"},
				"east": {"uv": [1.25, 8.75, 1.375, 9], "texture": "#5"},
				"south": {"uv": [8.25, 6.75, 8.5, 7], "texture": "#5"},
				"west": {"uv": [1.5, 8.75, 1.625, 9], "texture": "#5"},
				"up": {"uv": [2, 8.875, 1.75, 8.75], "texture": "#5"},
				"down": {"uv": [2.25, 8.75, 2, 8.875], "texture": "#5"}
			}
		},
		{
			"from": [6.65867, 5.70832, 6.21331],
			"to": [7.72883, 7.00349, 7.77739],
			"rotation": {"angle": -22.5, "axis": "z", "origin": [6.98795, 5.57112, 6.99535]},
			"faces": {
				"north": {"uv": [6, 8, 6.25, 8.3125], "texture": "#5"},
				"east": {"uv": [0.25, 7.75, 0.625, 8.0625], "texture": "#5"},
				"south": {"uv": [8, 6, 8.25, 6.3125], "texture": "#5"},
				"west": {"uv": [0.75, 7.75, 1.125, 8.0625], "texture": "#5"},
				"up": {"uv": [3.5, 8.375, 3.25, 8], "texture": "#5"},
				"down": {"uv": [3.75, 8, 3.5, 8.375], "texture": "#5"}
			}
		},
		{
			"from": [7.42834, 4.02425, 6.31621],
			"to": [8.2927, 5.59382, 7.74309],
			"rotation": {"angle": 22.5, "axis": "z", "origin": [6.48852, 3.91723, 6.99535]},
			"faces": {
				"north": {"uv": [0.25, 8.25, 0.4375, 8.625], "texture": "#5"},
				"east": {"uv": [7.5, 4.75, 7.875, 5.125], "texture": "#5"},
				"south": {"uv": [0.5, 8.25, 0.6875, 8.625], "texture": "#5"},
				"west": {"uv": [5, 7.5, 5.375, 7.875], "texture": "#5"},
				"up": {"uv": [0.9375, 8.625, 0.75, 8.25], "texture": "#5"},
				"down": {"uv": [1.1875, 8.25, 1, 8.625], "texture": "#5"}
			}
		},
		{
			"from": [8.45592, 15.62232, 6.20508],
			"to": [9.93768, 17.81752, 7.78562],
			"rotation": {"angle": 45, "axis": "z", "origin": [8.94984, 15.84184, 6.99535]},
			"faces": {
				"north": {"uv": [7, 6.75, 7.375, 7.3125], "texture": "#5"},
				"east": {"uv": [3, 7.25, 3.375, 7.8125], "texture": "#5"},
				"south": {"uv": [6.5, 7.25, 6.875, 7.8125], "texture": "#5"},
				"west": {"uv": [7.5, 0, 7.875, 0.5625], "texture": "#5"},
				"up": {"uv": [7.875, 5.625, 7.5, 5.25], "texture": "#5"},
				"down": {"uv": [5.875, 7.5, 5.5, 7.875], "texture": "#5"}
			}
		},
		{
			"from": [8.51087, 14.91392, 6.14471],
			"to": [9.58103, 17.03229, 7.84599],
			"rotation": {"angle": -22.5, "axis": "z", "origin": [8.84015, 15.59992, 6.99535]},
			"faces": {
				"north": {"uv": [7.5, 7.25, 7.75, 7.75], "texture": "#5"},
				"east": {"uv": [7, 2.75, 7.4375, 3.25], "texture": "#5"},
				"south": {"uv": [0, 7.75, 0.25, 8.25], "texture": "#5"},
				"west": {"uv": [7, 3.25, 7.4375, 3.75], "texture": "#5"},
				"up": {"uv": [3.25, 8.4375, 3, 8], "texture": "#5"},
				"down": {"uv": [8.25, 3, 8, 3.4375], "texture": "#5"}
			}
		},
		{
			"from": [7.1796, 16.9241, 6.24008],
			"to": [8.66136, 19.3937, 7.75062],
			"rotation": {"angle": 0, "axis": "y", "origin": [6.78446, 18.35647, 6.99535]},
			"faces": {
				"north": {"uv": [7, 0, 7.375, 0.625], "texture": "#5"},
				"east": {"uv": [7, 0.75, 7.375, 1.375], "texture": "#5"},
				"south": {"uv": [7, 1.5, 7.375, 2.125], "texture": "#5"},
				"west": {"uv": [2, 7, 2.375, 7.625], "texture": "#5"},
				"up": {"uv": [7.875, 6.125, 7.5, 5.75], "texture": "#5"},
				"down": {"uv": [6.375, 7.5, 6, 7.875], "texture": "#5"}
			}
		},
		{
			"from": [8.69744, 13.43565, 6.17901],
			"to": [9.5618, 15.00522, 7.81169],
			"rotation": {"angle": 22.5, "axis": "z", "origin": [8.34072, 13.94604, 6.99535]},
			"faces": {
				"north": {"uv": [1.25, 8.25, 1.4375, 8.625], "texture": "#5"},
				"east": {"uv": [7.5, 3.25, 7.9375, 3.625], "texture": "#5"},
				"south": {"uv": [1.5, 8.25, 1.6875, 8.625], "texture": "#5"},
				"west": {"uv": [3.5, 7.5, 3.9375, 7.875], "texture": "#5"},
				"up": {"uv": [5.1875, 8.4375, 5, 8], "texture": "#5"},
				"down": {"uv": [8.1875, 5, 8, 5.4375], "texture": "#5"}
			}
		},
		{
			"from": [7.42834, 20.40618, 6.31621],
			"to": [8.2927, 21.97575, 7.74309],
			"rotation": {"angle": -22.5, "axis": "z", "origin": [6.48852, 22.08277, 6.99535]},
			"faces": {
				"north": {"uv": [1.75, 8.25, 1.9375, 8.625], "texture": "#5"},
				"east": {"uv": [7.5, 6.25, 7.875, 6.625], "texture": "#5"},
				"south": {"uv": [2, 8.25, 2.1875, 8.625], "texture": "#5"},
				"west": {"uv": [7.5, 6.75, 7.875, 7.125], "texture": "#5"},
				"up": {"uv": [8.4375, 2.875, 8.25, 2.5], "texture": "#5"},
				"down": {"uv": [8.4375, 3, 8.25, 3.375], "texture": "#5"}
			}
		},
		{
			"from": [6.65867, 18.99651, 6.21331],
			"to": [7.72883, 20.29168, 7.77739],
			"rotation": {"angle": 22.5, "axis": "z", "origin": [6.98795, 20.42888, 6.99535]},
			"faces": {
				"north": {"uv": [6.25, 8, 6.5, 8.3125], "texture": "#5"},
				"east": {"uv": [1.25, 7.75, 1.625, 8.0625], "texture": "#5"},
				"south": {"uv": [6.5, 8, 6.75, 8.3125], "texture": "#5"},
				"west": {"uv": [1.75, 7.75, 2.125, 8.0625], "texture": "#5"},
				"up": {"uv": [8.25, 3.875, 8, 3.5], "texture": "#5"},
				"down": {"uv": [4, 8, 3.75, 8.375], "texture": "#5"}
			}
		},
		{
			"from": [6.55919, 20.76896, 6.29323],
			"to": [7.52233, 21.93461, 7.7009],
			"rotation": {"angle": 22.5, "axis": "z", "origin": [6.9034, 21.7582, 7.0125]},
			"faces": {
				"north": {"uv": [8, 6.5, 8.25, 6.8125], "texture": "#5"},
				"east": {"uv": [7.75, 7.25, 8.125, 7.5625], "texture": "#5"},
				"south": {"uv": [6.75, 8, 7, 8.3125], "texture": "#5"},
				"west": {"uv": [7.5, 7.75, 7.875, 8.0625], "texture": "#5"},
				"up": {"uv": [4.25, 8.375, 4, 8], "texture": "#5"},
				"down": {"uv": [8.25, 4, 8, 4.375], "texture": "#5"}
			}
		},
		{
			"from": [5.81258, 3.66259, 6.38584],
			"to": [7.22519, 4.44051, 7.67003],
			"rotation": {"angle": 22.5, "axis": "z", "origin": [6.9034, 4.2418, 7.0125]},
			"faces": {
				"north": {"uv": [8, 7, 8.375, 7.1875], "texture": "#5"},
				"east": {"uv": [8.5, 1, 8.8125, 1.1875], "texture": "#5"},
				"south": {"uv": [8.25, 3.5, 8.625, 3.6875], "texture": "#5"},
				"west": {"uv": [8.5, 1.25, 8.8125, 1.4375], "texture": "#5"},
				"up": {"uv": [8.375, 0.3125, 8, 0], "texture": "#5"},
				"down": {"uv": [8.375, 0.5, 8, 0.8125], "texture": "#5"}
			}
		},
		{
			"from": [1.91258, 20.75949, 6.38584],
			"to": [3.32519, 21.53741, 7.67003],
			"rotation": {"angle": -22.5, "axis": "z", "origin": [6.9034, 11.7582, 7.0125]},
			"faces": {
				"north": {"uv": [8.25, 3.75, 8.625, 3.9375], "texture": "#5"},
				"east": {"uv": [8.5, 1.5, 8.8125, 1.6875], "texture": "#5"},
				"south": {"uv": [8.25, 4, 8.625, 4.1875], "texture": "#5"},
				"west": {"uv": [8.5, 1.75, 8.8125, 1.9375], "texture": "#5"},
				"up": {"uv": [8.375, 1.3125, 8, 1], "texture": "#5"},
				"down": {"uv": [8.375, 1.5, 8, 1.8125], "texture": "#5"}
			}
		},
		{
			"from": [6.55919, 4.06539, 6.29323],
			"to": [7.52233, 5.23104, 7.7009],
			"rotation": {"angle": -22.5, "axis": "z", "origin": [6.9034, 4.2418, 7.0125]},
			"faces": {
				"north": {"uv": [7, 8, 7.25, 8.3125], "texture": "#5"},
				"east": {"uv": [8, 2, 8.375, 2.3125], "texture": "#5"},
				"south": {"uv": [7.25, 8, 7.5, 8.3125], "texture": "#5"},
				"west": {"uv": [2.25, 8, 2.625, 8.3125], "texture": "#5"},
				"up": {"uv": [4.5, 8.375, 4.25, 8], "texture": "#5"},
				"down": {"uv": [4.75, 8, 4.5, 8.375], "texture": "#5"}
			}
		},
		{
			"from": [8.87122, 16.31882, 6.83071],
			"to": [9.01528, 19.26039, 7.15999],
			"rotation": {"angle": 22.5, "axis": "z", "origin": [8.8232, 17.65241, 7.68135]},
			"faces": {
				"north": {"uv": [5.75, 8.5, 5.8125, 9.25], "texture": "#5"},
				"east": {"uv": [8.5, 5.75, 8.5625, 6.5], "texture": "#5"},
				"south": {"uv": [6, 8.5, 6.0625, 9.25], "texture": "#5"},
				"west": {"uv": [6.25, 8.5, 6.3125, 9.25], "texture": "#5"},
				"up": {"uv": [8.8125, 7.3125, 8.75, 7.25], "texture": "#5"},
				"down": {"uv": [7.5625, 8.75, 7.5, 8.8125], "texture": "#5"}
			}
		},
		{
			"from": [9.14562, 16.31882, 6.83071],
			"to": [9.28968, 19.26039, 7.15999],
			"rotation": {"angle": 22.5, "axis": "z", "origin": [8.8232, 17.65241, 7.68135]},
			"faces": {
				"north": {"uv": [6.5, 8.5, 6.5625, 9.25], "texture": "#5"},
				"east": {"uv": [8.5, 6.5, 8.5625, 7.25], "texture": "#5"},
				"south": {"uv": [6.75, 8.5, 6.8125, 9.25], "texture": "#5"},
				"west": {"uv": [7, 8.5, 7.0625, 9.25], "texture": "#5"},
				"up": {"uv": [8.8125, 7.5625, 8.75, 7.5], "texture": "#5"},
				"down": {"uv": [7.8125, 8.75, 7.75, 8.8125], "texture": "#5"}
			}
		},
		{
			"from": [8.59682, 16.31882, 6.83071],
			"to": [8.74088, 19.26039, 7.15999],
			"rotation": {"angle": 22.5, "axis": "z", "origin": [8.8232, 17.65241, 7.68135]},
			"faces": {
				"north": {"uv": [7.25, 8.5, 7.3125, 9.25], "texture": "#5"},
				"east": {"uv": [8.5, 7.25, 8.5625, 8], "texture": "#5"},
				"south": {"uv": [8.5, 8, 8.5625, 8.75], "texture": "#5"},
				"west": {"uv": [0, 8.75, 0.0625, 9.5], "texture": "#5"},
				"up": {"uv": [8.8125, 7.8125, 8.75, 7.75], "texture": "#5"},
				"down": {"uv": [8.0625, 8.75, 8, 8.8125], "texture": "#5"}
			}
		},
		{
			"from": [8.45, 11.5, 5],
			"to": [9.95, 13.5, 7],
			"rotation": {"angle": 45, "axis": "x", "origin": [9.2, 11.5, 7]},
			"faces": {
				"north": {"uv": [7.5, 0.75, 7.875, 1.25], "texture": "#5"},
				"east": {"uv": [2, 6.5, 2.5, 7], "texture": "#5"},
				"south": {"uv": [7.5, 1.25, 7.875, 1.75], "texture": "#5"},
				"west": {"uv": [2.5, 6.5, 3, 7], "texture": "#5"},
				"up": {"uv": [7.875, 2.25, 7.5, 1.75], "texture": "#5"},
				"down": {"uv": [7.875, 2.25, 7.5, 2.75], "texture": "#5"}
			}
		},
		{
			"from": [10.1, 10.5, 6.8],
			"to": [10.1, 15.5, 10.8],
			"rotation": {"angle": 22.5, "axis": "y", "origin": [9.7, 13, 9]},
			"faces": {
				"north": {"uv": [0, 0, 0, 1.25], "texture": "#5"},
				"east": {"uv": [3.5, 5, 4.5, 6.25], "texture": "#5"},
				"south": {"uv": [0, 0, 0, 1.25], "texture": "#5"},
				"west": {"uv": [4.5, 5, 5.5, 6.25], "texture": "#5"},
				"up": {"uv": [0, 1, 0, 0], "texture": "#5"},
				"down": {"uv": [0, 0, 0, 1], "texture": "#5"}
			}
		},
		{
			"from": [8.3, 10.5, 6.8],
			"to": [8.3, 15.5, 10.8],
			"rotation": {"angle": -22.5, "axis": "y", "origin": [8.7, 13, 9]},
			"faces": {
				"north": {"uv": [0, 0, 0, 1.25], "texture": "#5"},
				"east": {"uv": [5.5, 5, 6.5, 6.25], "texture": "#5"},
				"south": {"uv": [0, 0, 0, 1.25], "texture": "#5"},
				"west": {"uv": [3.5, 6.25, 4.5, 7.5], "texture": "#5"},
				"up": {"uv": [0, 1, 0, 0], "texture": "#5"},
				"down": {"uv": [0, 0, 0, 1], "texture": "#5"}
			}
		},
		{
			"from": [10.1, 10.5, 3.2],
			"to": [10.1, 15.5, 7.2],
			"rotation": {"angle": -22.5, "axis": "y", "origin": [9.7, 13, 5]},
			"faces": {
				"north": {"uv": [0, 0, 0, 1.25], "texture": "#5"},
				"east": {"uv": [4.5, 6.25, 5.5, 7.5], "texture": "#5"},
				"south": {"uv": [0, 0, 0, 1.25], "texture": "#5"},
				"west": {"uv": [5.5, 6.25, 6.5, 7.5], "texture": "#5"},
				"up": {"uv": [0, 1, 0, 0], "texture": "#5"},
				"down": {"uv": [0, 0, 0, 1], "texture": "#5"}
			}
		},
		{
			"from": [8.3, 10.5, 3.2],
			"to": [8.3, 15.5, 7.2],
			"rotation": {"angle": 22.5, "axis": "y", "origin": [8.7, 13, 5]},
			"faces": {
				"north": {"uv": [0, 0, 0, 1.25], "texture": "#5"},
				"east": {"uv": [0, 6.5, 1, 7.75], "texture": "#5"},
				"south": {"uv": [0, 0, 0, 1.25], "texture": "#5"},
				"west": {"uv": [1, 6.5, 2, 7.75], "texture": "#5"},
				"up": {"uv": [0, 1, 0, 0], "texture": "#5"},
				"down": {"uv": [0, 0, 0, 1], "texture": "#5"}
			}
		},
		{
			"from": [9.4, 5, 3],
			"to": [9.4, 14, 11],
			"rotation": {"angle": 0, "axis": "y", "origin": [16, 0, -1]},
			"faces": {
				"north": {"uv": [0.06641, 0, 0, 0.07266], "texture": "#missing"},
				"east": {"uv": [5.3, 0, 14.8, 9.3], "texture": "#1"},
				"south": {"uv": [0.06641, 0, 0, 0.07266], "texture": "#missing"},
				"west": {"uv": [14.8, 0, 5.3, 9.3], "texture": "#1"},
				"up": {"uv": [0, 0.0375, 0.11406, 0], "rotation": 90, "texture": "#missing"},
				"down": {"uv": [0, 0.0375, 0.11406, 0], "rotation": 270, "texture": "#missing"}
			}
		},
		{
			"from": [1.875, 12.1, 6.9],
			"to": [11.875, 14.35, 6.9],
			"rotation": {"angle": 0, "axis": "y", "origin": [0.875, 5, -1]},
			"faces": {
				"north": {"uv": [11.6875, 0.25, 12.125, 2.25], "rotation": 90, "texture": "#5"},
				"east": {"uv": [0, 0, 0.5, 0], "rotation": 270, "texture": "#5"},
				"south": {"uv": [12.125, 0.25, 11.6875, 2.25], "rotation": 270, "texture": "#5"},
				"west": {"uv": [0, 0, 0.5, 0], "rotation": 270, "texture": "#5"},
				"up": {"uv": [2.67188, 0.03125, 2.76563, 0.59375], "rotation": 270, "texture": "#5"},
				"down": {"uv": [2.67188, 0.03125, 2.76563, 0.59375], "rotation": 270, "texture": "#5"}
			}
		},
		{
			"from": [1.875, 13.225, 5.775],
			"to": [11.875, 13.225, 8.025],
			"rotation": {"angle": 0, "axis": "y", "origin": [0.875, 5, -1]},
			"faces": {
				"north": {"uv": [2.67188, 0.03125, 2.76563, 0.59375], "rotation": 90, "texture": "#5"},
				"east": {"uv": [0, 0, 0.5, 0], "rotation": 180, "texture": "#5"},
				"south": {"uv": [2.67188, 0.03125, 2.76563, 0.59375], "rotation": 270, "texture": "#5"},
				"west": {"uv": [0, 0, 0.5, 0], "texture": "#5"},
				"up": {"uv": [11.6875, 0.25, 12.125, 2.25], "rotation": 270, "texture": "#5"},
				"down": {"uv": [12.125, 0.25, 11.6875, 2.25], "rotation": 270, "texture": "#5"}
			}
		},
		{
			"from": [0.05, 3, 7.1],
			"to": [14.05, 23, 7.1],
			"rotation": {"angle": 0, "axis": "y", "origin": [0, 0, -1]},
			"faces": {
				"north": {"uv": [0, 0, 3.5, 5], "texture": "#5"},
				"east": {"uv": [0, 0, 0, 5], "texture": "#5"},
				"south": {"uv": [3.5, 0, 7, 5], "texture": "#5"},
				"west": {"uv": [0, 0, 0, 5], "texture": "#5"},
				"up": {"uv": [3.5, 0, 0, 0], "texture": "#5"},
				"down": {"uv": [3.5, 0, 0, 0], "texture": "#5"}
			}
		},
		{
			"from": [9.8, 6.9, 3.65],
			"to": [9.8, 12.9, 10.4],
			"rotation": {"angle": 0, "axis": "y", "origin": [0, 0, 18]},
			"faces": {
				"north": {"uv": [0, 0, 0, 1.5], "texture": "#5"},
				"east": {"uv": [0, 5, 1.6875, 6.5], "texture": "#5"},
				"south": {"uv": [0, 0, 0, 1.5], "texture": "#5"},
				"west": {"uv": [1.75, 5, 3.4375, 6.5], "texture": "#5"},
				"up": {"uv": [0, 1.6875, 0, 0], "texture": "#5"},
				"down": {"uv": [0, 0, 0, 1.6875], "texture": "#5"}
			}
		}
	],
	"display": {
		"thirdperson_righthand": {
			"rotation": [-31.54, 87.09, 19.64],
			"translation": [1.25, -9.25, 2],
			"scale": [1.4, 1.4, 1.4]
		},
		"thirdperson_lefthand": {
			"rotation": [-99.13, -84.97, -82.19],
			"translation": [-0.25, -9.25, 3],
			"scale": [1.4, 1.4, 1.4]
		},
		"firstperson_righthand": {
			"rotation": [-1, 99, 8.91],
			"translation": [3.75, 1.25, 0]
		},
		"firstperson_lefthand": {
			"rotation": [-2.06, -80.04, 7.81],
			"translation": [5, 1.25, 0]
		},
		"ground": {
			"translation": [0, 5.25, 0]
		},
		"gui": {
			"rotation": [-151.37, -37.69, -125.17],
			"translation": [-3.5, -2.75, 0]
		},
		"head": {
			"translation": [0, 4.5, 0],
			"scale": [0, 0, 0]
		},
		"fixed": {
			"translation": [0, -5.25, 0]
		}
	},
	"groups": [
		0,
		1,
		2,
		3,
		4,
		5,
		6,
		7,
		8,
		9,
		10,
		11,
		12,
		13,
		14,
		15,
		16,
		17,
		18,
		19,
		20,
		21,
		22,
		23,
		24,
		25,
		26,
		27,
		28,
		29,
		30,
		31,
		32,
		33,
		34,
		35,
		36,
		37,
		{
			"name": "group",
			"origin": [0.875, 5, 0],
			"color": 0,
			"children": [38, 39]
		},
		40,
		41,
		{
			"name": "group",
			"origin": [0.875, 5, 0],
			"color": 0,
			"children": []
		}
	]
}