{
	"credit": "Made with NN Blockbench",
	"texture_size": [32, 32],
	"textures": {
		"3": "butterflyqueen:butterflyqueen/butterflyqueen_crown"
	},
	"elements": [
		{
			"from": [1, 0, 0],
			"to": [14, 9, 0],
			"faces": {
				"north": {"uv": [0, 0, 6.5, 4.5], "texture": "#3"},
				"east": {"uv": [0, 0, 0, 4.5], "texture": "#3"},
				"south": {"uv": [0, 4.5, 6.5, 9], "texture": "#3"},
				"west": {"uv": [0, 0, 0, 4.5], "texture": "#3"},
				"up": {"uv": [6.5, 0, 0, 0], "texture": "#3"},
				"down": {"uv": [6.5, 0, 0, 0], "texture": "#3"}
			}
		},
		{
			"from": [1.425, 0.15, -0.8],
			"to": [1.425, 7.15, 13.2],
			"faces": {
				"north": {"uv": [0, 0, 0, 3.5], "texture": "#3"},
				"east": {"uv": [6.5, 0, 13.5, 3.5], "texture": "#3"},
				"south": {"uv": [0, 0, 0, 3.5], "texture": "#3"},
				"west": {"uv": [6.5, 3.5, 13.5, 7], "texture": "#3"},
				"up": {"uv": [0, 7, 0, 0], "texture": "#3"},
				"down": {"uv": [0, 0, 0, 7], "texture": "#3"}
			}
		},
		{
			"from": [13.575, 0.15, -0.8],
			"to": [13.575, 7.15, 13.2],
			"rotation": {"angle": 0, "axis": "y", "origin": [16, 0, 0]},
			"faces": {
				"north": {"uv": [0, 0, 0, 3.5], "texture": "#3"},
				"east": {"uv": [6.5, 7, 13.5, 10.5], "texture": "#3"},
				"south": {"uv": [0, 0, 0, 3.5], "texture": "#3"},
				"west": {"uv": [0, 10.5, 7, 14], "texture": "#3"},
				"up": {"uv": [0, 7, 0, 0], "texture": "#3"},
				"down": {"uv": [0, 0, 0, 7], "texture": "#3"}
			}
		}
	],
	"gui_light": "front",
	"display": {
		"thirdperson_righthand": {
			"rotation": [90.52, 8.64, 19.47],
			"translation": [1.75, -1.25, 2.75],
			"scale": [0.4, 0.4, 0.4]
		},
		"thirdperson_lefthand": {
			"rotation": [90.52, 8.64, 19.47],
			"translation": [1.75, -1.25, 2.75],
			"scale": [0.4, 0.4, 0.4]
		},
		"firstperson_righthand": {
			"rotation": [-173.32, 35.3, 169.39],
			"translation": [7, 1.75, -6],
			"scale": [0.5, 0.5, 0.5]
		},
		"firstperson_lefthand": {
			"rotation": [-173.32, 35.3, 169.39],
			"translation": [7, 1.75, -6],
			"scale": [0.5, 0.5, 0.5]
		},
		"ground": {
			"translation": [0, 8, 1],
			"scale": [0.5, 0.5, 0.5]
		},
		"gui": {
			"rotation": [-163.77, 16.2, 176.64],
			"translation": [0, 5.25, 0]
		},
		"head": {
			"translation": [0.5, 13.25, 1],
			"scale": [0.9, 0.9, 0.9]
		},
		"fixed": {
			"translation": [0.25, 4.75, 6.5]
		}
	}
}