{
	"credit": "Made with NN Blockbench",
	"texture_size": [32, 32],
	"textures": {
		"1": "butterflyqueen:butterflyqueen/butterflyqueen_blossom2",
		"4": "butterflyqueen:butterflyqueen/butterflyqueen_key",
		"particle": "butterflyqueen:butterflyqueen/butterflyqueen_blossom2"
	},
	"elements": [
		{
			"from": [8.40964, 8.25891, 7.43577],
			"to": [9.46804, 9.82691, 8.56473],
			"rotation": {"angle": -45, "axis": "z", "origin": [8.76244, 9.67011, 8.00025]},
			"faces": {
				"north": {"uv": [10.5, 10, 11, 10.75], "texture": "#4"},
				"east": {"uv": [10, 4, 10.625, 4.75], "texture": "#4"},
				"south": {"uv": [0, 11, 0.5, 11.75], "texture": "#4"},
				"west": {"uv": [10, 5, 10.625, 5.75], "texture": "#4"},
				"up": {"uv": [1.5, 11.625, 1, 11], "texture": "#4"},
				"down": {"uv": [11.5, 1, 11, 1.625], "texture": "#4"}
			}
		},
		{
			"from": [7.49798, 7.13307, 7.46077],
			"to": [8.55638, 8.89707, 8.53973],
			"rotation": {"angle": 0, "axis": "y", "origin": [7.21574, 7.87395, 8.00025]},
			"faces": {
				"north": {"uv": [10, 9, 10.5, 9.875], "texture": "#4"},
				"east": {"uv": [10, 10, 10.5, 10.875], "texture": "#4"},
				"south": {"uv": [10.5, 1, 11, 1.875], "texture": "#4"},
				"west": {"uv": [10.5, 2, 11, 2.875], "texture": "#4"},
				"up": {"uv": [11.5, 7.5, 11, 7], "texture": "#4"},
				"down": {"uv": [11.5, 7.5, 11, 8], "texture": "#4"}
			}
		},
		{
			"from": [8.44889, 8.81979, 7.39265],
			"to": [9.21329, 10.33291, 8.60785],
			"rotation": {"angle": 22.5, "axis": "z", "origin": [8.68409, 9.84291, 8.00025]},
			"faces": {
				"north": {"uv": [5, 11, 5.375, 11.75], "texture": "#4"},
				"east": {"uv": [10, 6, 10.625, 6.75], "texture": "#4"},
				"south": {"uv": [11, 5, 11.375, 5.75], "texture": "#4"},
				"west": {"uv": [10, 7, 10.625, 7.75], "texture": "#4"},
				"up": {"uv": [2.375, 12.125, 2, 11.5], "texture": "#4"},
				"down": {"uv": [2.875, 11.5, 2.5, 12.125], "texture": "#4"}
			}
		},
		{
			"from": [8.70629, 7.22829, 7.88265],
			"to": [8.80919, 9.32941, 8.11785],
			"rotation": {"angle": -22.5, "axis": "z", "origin": [8.67199, 8.37685, 8.49025]},
			"faces": {
				"north": {"uv": [4.5, 12, 4.625, 13], "texture": "#4"},
				"east": {"uv": [12, 4.5, 12.125, 5.5], "texture": "#4"},
				"south": {"uv": [5, 12, 5.125, 13], "texture": "#4"},
				"west": {"uv": [5.5, 12, 5.625, 13], "texture": "#4"},
				"up": {"uv": [12.625, 8.625, 12.5, 8.5], "texture": "#4"},
				"down": {"uv": [9.125, 12.5, 9, 12.625], "texture": "#4"}
			}
		},
		{
			"from": [8.51029, 7.22829, 7.88265],
			"to": [8.61319, 9.32941, 8.11785],
			"rotation": {"angle": -22.5, "axis": "z", "origin": [8.67199, 8.37685, 8.49025]},
			"faces": {
				"north": {"uv": [12, 5.5, 12.125, 6.5], "texture": "#4"},
				"east": {"uv": [6, 12, 6.125, 13], "texture": "#4"},
				"south": {"uv": [6.5, 12, 6.625, 13], "texture": "#4"},
				"west": {"uv": [12, 6.5, 12.125, 7.5], "texture": "#4"},
				"up": {"uv": [12.625, 9.125, 12.5, 9], "texture": "#4"},
				"down": {"uv": [9.625, 12.5, 9.5, 12.625], "texture": "#4"}
			}
		},
		{
			"from": [8.90229, 7.22829, 7.88265],
			"to": [9.00519, 9.32941, 8.11785],
			"rotation": {"angle": -22.5, "axis": "z", "origin": [8.67199, 8.37685, 8.49025]},
			"faces": {
				"north": {"uv": [7, 12, 7.125, 13], "texture": "#4"},
				"east": {"uv": [7.5, 12, 7.625, 13], "texture": "#4"},
				"south": {"uv": [12, 7.5, 12.125, 8.5], "texture": "#4"},
				"west": {"uv": [12, 8.5, 12.125, 9.5], "texture": "#4"},
				"up": {"uv": [12.625, 9.625, 12.5, 9.5], "texture": "#4"},
				"down": {"uv": [10.125, 12.5, 10, 12.625], "texture": "#4"}
			}
		},
		{
			"from": [8.58215, 10.2677, 7.41715],
			"to": [9.19955, 11.38882, 8.58335],
			"rotation": {"angle": -22.5, "axis": "z", "origin": [8.32735, 11.02426, 8.00025]},
			"faces": {
				"north": {"uv": [12, 9.5, 12.25, 10], "texture": "#4"},
				"east": {"uv": [1.5, 11, 2.125, 11.5], "texture": "#4"},
				"south": {"uv": [10, 12, 10.25, 12.5], "texture": "#4"},
				"west": {"uv": [11, 2, 11.625, 2.5], "texture": "#4"},
				"up": {"uv": [12.25, 2.125, 12, 1.5], "texture": "#4"},
				"down": {"uv": [12.25, 2.5, 12, 3.125], "texture": "#4"}
			}
		},
		{
			"from": [6.31295, 8.47952, 7.48613],
			"to": [7.51318, 10.63563, 8.51437],
			"rotation": {"angle": 45, "axis": "z", "origin": [7.1131, 10.45782, 8.00025]},
			"faces": {
				"north": {"uv": [9, 8.5, 9.625, 9.625], "texture": "#4"},
				"east": {"uv": [10, 1, 10.5, 2.125], "texture": "#4"},
				"south": {"uv": [8, 9.5, 8.625, 10.625], "texture": "#4"},
				"west": {"uv": [10, 2.5, 10.5, 3.625], "texture": "#4"},
				"up": {"uv": [3.125, 11.5, 2.5, 11], "texture": "#4"},
				"down": {"uv": [11.625, 2.5, 11, 3], "texture": "#4"}
			}
		},
		{
			"from": [6.60183, 9.49356, 7.31123],
			"to": [7.46866, 11.20944, 8.68927],
			"rotation": {"angle": -22.5, "axis": "z", "origin": [7.20195, 10.65378, 8.00025]},
			"faces": {
				"north": {"uv": [11, 0, 11.375, 0.875], "texture": "#4"},
				"east": {"uv": [9, 5, 9.75, 5.875], "texture": "#4"},
				"south": {"uv": [0.5, 11, 0.875, 11.875], "texture": "#4"},
				"west": {"uv": [10, 0, 10.75, 0.875], "texture": "#4"},
				"up": {"uv": [5.875, 11.75, 5.5, 11], "texture": "#4"},
				"down": {"uv": [11.375, 6, 11, 6.75], "texture": "#4"}
			}
		},
		{
			"from": [6.61741, 11.13549, 7.33901],
			"to": [7.31754, 12.40684, 8.66149],
			"rotation": {"angle": 22.5, "axis": "z", "origin": [7.60648, 11.99342, 8.00025]},
			"faces": {
				"north": {"uv": [3, 11.5, 3.375, 12.125], "texture": "#4"},
				"east": {"uv": [10.5, 3, 11.125, 3.625], "texture": "#4"},
				"south": {"uv": [11.5, 3, 11.875, 3.625], "texture": "#4"},
				"west": {"uv": [10.5, 9, 11.125, 9.625], "texture": "#4"},
				"up": {"uv": [11.875, 4.625, 11.5, 4], "texture": "#4"},
				"down": {"uv": [11.875, 5, 11.5, 5.625], "texture": "#4"}
			}
		},
		{
			"from": [6.55147, 17.5418, 7.47546],
			"to": [7.10713, 18.55081, 8.52504],
			"rotation": {"angle": -22.5, "axis": "z", "origin": [6.67024, 17.31168, 8.00025]},
			"faces": {
				"north": {"uv": [12, 10, 12.25, 10.5], "texture": "#4"},
				"east": {"uv": [8, 11, 8.5, 11.5], "texture": "#4"},
				"south": {"uv": [10.5, 12, 10.75, 12.5], "texture": "#4"},
				"west": {"uv": [11, 8, 11.5, 8.5], "texture": "#4"},
				"up": {"uv": [12.25, 11, 12, 10.5], "texture": "#4"},
				"down": {"uv": [11.25, 12, 11, 12.5], "texture": "#4"}
			}
		},
		{
			"from": [6.91491, 18.3565, 7.47546],
			"to": [7.22057, 19.36551, 8.52504],
			"rotation": {"angle": 45, "axis": "z", "origin": [7.44274, 18.76101, 8.00025]},
			"faces": {
				"north": {"uv": [4, 12.5, 4.125, 13], "texture": "#4"},
				"east": {"uv": [8.5, 11, 9, 11.5], "texture": "#4"},
				"south": {"uv": [12.5, 4, 12.625, 4.5], "texture": "#4"},
				"west": {"uv": [11, 8.5, 11.5, 9], "texture": "#4"},
				"up": {"uv": [12.625, 5, 12.5, 4.5], "texture": "#4"},
				"down": {"uv": [12.625, 5, 12.5, 5.5], "texture": "#4"}
			}
		},
		{
			"from": [8.77943, 18.3565, 7.47546],
			"to": [9.08509, 19.36551, 8.52504],
			"rotation": {"angle": -45, "axis": "z", "origin": [8.55726, 18.76101, 8.00025]},
			"faces": {
				"north": {"uv": [12.5, 5.5, 12.625, 6], "texture": "#4"},
				"east": {"uv": [9, 11, 9.5, 11.5], "texture": "#4"},
				"south": {"uv": [12.5, 6, 12.625, 6.5], "texture": "#4"},
				"west": {"uv": [9.5, 11, 10, 11.5], "texture": "#4"},
				"up": {"uv": [12.625, 7, 12.5, 6.5], "texture": "#4"},
				"down": {"uv": [12.625, 7, 12.5, 7.5], "texture": "#4"}
			}
		},
		{
			"from": [8.21491, 10.93449, 7.47546],
			"to": [8.52057, 12.2435, 8.52504],
			"rotation": {"angle": -45, "axis": "z", "origin": [13.14274, 15.73899, 8.00025]},
			"faces": {
				"north": {"uv": [12.5, 1.5, 12.625, 2.125], "texture": "#4"},
				"east": {"uv": [3.5, 11, 4, 11.625], "texture": "#4"},
				"south": {"uv": [2, 12.5, 2.125, 13.125], "texture": "#4"},
				"west": {"uv": [4, 11, 4.5, 11.625], "texture": "#4"},
				"up": {"uv": [12.625, 8, 12.5, 7.5], "texture": "#4"},
				"down": {"uv": [8.125, 12.5, 8, 13], "texture": "#4"}
			}
		},
		{
			"from": [7.47943, 10.93449, 7.47546],
			"to": [7.78509, 12.2435, 8.52504],
			"rotation": {"angle": 45, "axis": "z", "origin": [2.85726, 15.73899, 8.00025]},
			"faces": {
				"north": {"uv": [2.5, 12.5, 2.625, 13.125], "texture": "#4"},
				"east": {"uv": [11, 4, 11.5, 4.625], "texture": "#4"},
				"south": {"uv": [12.5, 2.5, 12.625, 3.125], "texture": "#4"},
				"west": {"uv": [4.5, 11, 5, 11.625], "texture": "#4"},
				"up": {"uv": [12.625, 8.5, 12.5, 8], "texture": "#4"},
				"down": {"uv": [8.625, 12.5, 8.5, 13], "texture": "#4"}
			}
		},
		{
			"from": [6.23456, 17.16286, 7.45341],
			"to": [7.12137, 17.85082, 8.54709],
			"rotation": {"angle": 22.5, "axis": "z", "origin": [6.67024, 17.31168, 8.00025]},
			"faces": {
				"north": {"uv": [10, 11.5, 10.5, 11.875], "texture": "#4"},
				"east": {"uv": [11.5, 10, 12, 10.375], "texture": "#4"},
				"south": {"uv": [10.5, 11.5, 11, 11.875], "texture": "#4"},
				"west": {"uv": [11.5, 10.5, 12, 10.875], "texture": "#4"},
				"up": {"uv": [10.5, 11.5, 10, 11], "texture": "#4"},
				"down": {"uv": [11.5, 10, 11, 10.5], "texture": "#4"}
			}
		},
		{
			"from": [6.43567, 15.94344, 7.59222],
			"to": [7.11323, 17.15464, 8.40828],
			"rotation": {"angle": 22.5, "axis": "z", "origin": [6.73695, 16.79904, 8.00025]},
			"faces": {
				"north": {"uv": [11.5, 6, 11.875, 6.625], "texture": "#4"},
				"east": {"uv": [11.5, 7, 11.875, 7.625], "texture": "#4"},
				"south": {"uv": [8, 11.5, 8.375, 12.125], "texture": "#4"},
				"west": {"uv": [11.5, 8, 11.875, 8.625], "texture": "#4"},
				"up": {"uv": [3.875, 12.375, 3.5, 12], "texture": "#4"},
				"down": {"uv": [12.375, 3.5, 12, 3.875], "texture": "#4"}
			}
		},
		{
			"from": [8.88677, 15.94344, 7.59222],
			"to": [9.56433, 17.15464, 8.40828],
			"rotation": {"angle": -22.5, "axis": "z", "origin": [9.26305, 16.79904, 8.00025]},
			"faces": {
				"north": {"uv": [8.5, 11.5, 8.875, 12.125], "texture": "#4"},
				"east": {"uv": [9, 11.5, 9.375, 12.125], "texture": "#4"},
				"south": {"uv": [11.5, 9, 11.875, 9.625], "texture": "#4"},
				"west": {"uv": [9.5, 11.5, 9.875, 12.125], "texture": "#4"},
				"up": {"uv": [4.375, 12.375, 4, 12], "texture": "#4"},
				"down": {"uv": [12.375, 4, 12, 4.375], "texture": "#4"}
			}
		},
		{
			"from": [8.87863, 17.16286, 7.45341],
			"to": [9.76544, 17.85082, 8.54709],
			"rotation": {"angle": -22.5, "axis": "z", "origin": [9.32976, 17.31168, 8.00025]},
			"faces": {
				"north": {"uv": [11, 11.5, 11.5, 11.875], "texture": "#4"},
				"east": {"uv": [11.5, 11, 12, 11.375], "texture": "#4"},
				"south": {"uv": [11.5, 11.5, 12, 11.875], "texture": "#4"},
				"west": {"uv": [0, 12, 0.5, 12.375], "texture": "#4"},
				"up": {"uv": [11, 11.5, 10.5, 11], "texture": "#4"},
				"down": {"uv": [11.5, 10.5, 11, 11], "texture": "#4"}
			}
		},
		{
			"from": [8.89287, 17.5418, 7.47546],
			"to": [9.44853, 18.55081, 8.52504],
			"rotation": {"angle": 22.5, "axis": "z", "origin": [9.32976, 17.31168, 8.00025]},
			"faces": {
				"north": {"uv": [12, 11, 12.25, 11.5], "texture": "#4"},
				"east": {"uv": [11, 11, 11.5, 11.5], "texture": "#4"},
				"south": {"uv": [11.5, 12, 11.75, 12.5], "texture": "#4"},
				"west": {"uv": [11.5, 0, 12, 0.5], "texture": "#4"},
				"up": {"uv": [12.25, 12, 12, 11.5], "texture": "#4"},
				"down": {"uv": [12.25, 12, 12, 12.5], "texture": "#4"}
			}
		},
		{
			"from": [7.12589, 6.49166, 7.44165],
			"to": [7.89029, 7.41678, 8.55885],
			"rotation": {"angle": -22.5, "axis": "z", "origin": [7.36109, 6.39366, 8.00025]},
			"faces": {
				"north": {"uv": [12, 0, 12.375, 0.5], "texture": "#4"},
				"east": {"uv": [11.5, 0.5, 12, 1], "texture": "#4"},
				"south": {"uv": [0.5, 12, 0.875, 12.5], "texture": "#4"},
				"west": {"uv": [11.5, 1, 12, 1.5], "texture": "#4"},
				"up": {"uv": [12.375, 1, 12, 0.5], "texture": "#4"},
				"down": {"uv": [1.375, 12, 1, 12.5], "texture": "#4"}
			}
		},
		{
			"from": [7.67565, 5.28875, 7.51515],
			"to": [8.29305, 6.40987, 8.53435],
			"rotation": {"angle": 22.5, "axis": "z", "origin": [7.00435, 5.21231, 8.00025]},
			"faces": {
				"north": {"uv": [0, 12.5, 0.25, 13], "texture": "#4"},
				"east": {"uv": [1.5, 11.5, 2, 12], "texture": "#4"},
				"south": {"uv": [12.5, 0, 12.75, 0.5], "texture": "#4"},
				"west": {"uv": [11.5, 1.5, 12, 2], "texture": "#4"},
				"up": {"uv": [0.75, 13, 0.5, 12.5], "texture": "#4"},
				"down": {"uv": [12.75, 0.5, 12.5, 1], "texture": "#4"}
			}
		},
		{
			"from": [7.6, 9, 7.5],
			"to": [8.4, 16, 8.5],
			"rotation": {"angle": 0, "axis": "y", "origin": [13, -5, 9]},
			"faces": {
				"north": {"uv": [7, 8.5, 7.375, 12], "texture": "#4"},
				"east": {"uv": [6, 8.5, 6.5, 12], "texture": "#4"},
				"south": {"uv": [7.5, 8.5, 7.875, 12], "texture": "#4"},
				"west": {"uv": [6.5, 8.5, 7, 12], "texture": "#4"},
				"up": {"uv": [12.375, 1.5, 12, 1], "texture": "#4"},
				"down": {"uv": [1.875, 12, 1.5, 12.5], "texture": "#4"}
			}
		},
		{
			"from": [7.35, 12, 7.25],
			"to": [8.65, 12.25, 8.75],
			"rotation": {"angle": 0, "axis": "y", "origin": [13, -5, 9]},
			"faces": {
				"north": {"uv": [3, 12.5, 3.625, 12.625], "texture": "#4"},
				"east": {"uv": [1, 12.5, 1.75, 12.625], "texture": "#4"},
				"south": {"uv": [12.5, 3.5, 13.125, 3.625], "texture": "#4"},
				"west": {"uv": [12.5, 1, 13.25, 1.125], "texture": "#4"},
				"up": {"uv": [10.625, 8.75, 10, 8], "texture": "#4"},
				"down": {"uv": [9.625, 10, 9, 10.75], "texture": "#4"}
			}
		},
		{
			"from": [6, 14.5, 7.25],
			"to": [8, 16.5, 8.75],
			"rotation": {"angle": -45, "axis": "z", "origin": [8, 14.5, 8]},
			"faces": {
				"north": {"uv": [8, 8.5, 9, 9.5], "texture": "#4"},
				"east": {"uv": [9, 1, 9.75, 2], "texture": "#4"},
				"south": {"uv": [9, 0, 10, 1], "texture": "#4"},
				"west": {"uv": [9, 2, 9.75, 3], "texture": "#4"},
				"up": {"uv": [10, 3.75, 9, 3], "texture": "#4"},
				"down": {"uv": [10, 4, 9, 4.75], "texture": "#4"}
			}
		},
		{
			"from": [7.8, 13.5, 7.1],
			"to": [11.8, 18.5, 7.1],
			"rotation": {"angle": 22.5, "axis": "y", "origin": [10, 16, 7.5]},
			"faces": {
				"north": {"uv": [0, 6, 2, 8.5], "texture": "#4"},
				"east": {"uv": [0, 0, 0, 2.5], "texture": "#4"},
				"south": {"uv": [2, 6, 4, 8.5], "texture": "#4"},
				"west": {"uv": [0, 0, 0, 2.5], "texture": "#4"},
				"up": {"uv": [2, 0, 0, 0], "texture": "#4"},
				"down": {"uv": [2, 0, 0, 0], "texture": "#4"}
			}
		},
		{
			"from": [7.8, 13.5, 8.9],
			"to": [11.8, 18.5, 8.9],
			"rotation": {"angle": -22.5, "axis": "y", "origin": [10, 16, 8.5]},
			"faces": {
				"north": {"uv": [4, 6, 6, 8.5], "texture": "#4"},
				"east": {"uv": [0, 0, 0, 2.5], "texture": "#4"},
				"south": {"uv": [6, 6, 8, 8.5], "texture": "#4"},
				"west": {"uv": [0, 0, 0, 2.5], "texture": "#4"},
				"up": {"uv": [2, 0, 0, 0], "texture": "#4"},
				"down": {"uv": [2, 0, 0, 0], "texture": "#4"}
			}
		},
		{
			"from": [4.2, 13.5, 7.1],
			"to": [8.2, 18.5, 7.1],
			"rotation": {"angle": -22.5, "axis": "y", "origin": [6, 16, 7.5]},
			"faces": {
				"north": {"uv": [8, 6, 10, 8.5], "texture": "#4"},
				"east": {"uv": [0, 0, 0, 2.5], "texture": "#4"},
				"south": {"uv": [0, 8.5, 2, 11], "texture": "#4"},
				"west": {"uv": [0, 0, 0, 2.5], "texture": "#4"},
				"up": {"uv": [2, 0, 0, 0], "texture": "#4"},
				"down": {"uv": [2, 0, 0, 0], "texture": "#4"}
			}
		},
		{
			"from": [4.2, 13.5, 8.9],
			"to": [8.2, 18.5, 8.9],
			"rotation": {"angle": 22.5, "axis": "y", "origin": [6, 16, 8.5]},
			"faces": {
				"north": {"uv": [2, 8.5, 4, 11], "texture": "#4"},
				"east": {"uv": [0, 0, 0, 2.5], "texture": "#4"},
				"south": {"uv": [4, 8.5, 6, 11], "texture": "#4"},
				"west": {"uv": [0, 0, 0, 2.5], "texture": "#4"},
				"up": {"uv": [2, 0, 0, 0], "texture": "#4"},
				"down": {"uv": [2, 0, 0, 0], "texture": "#4"}
			}
		},
		{
			"from": [1, 6, 8.3],
			"to": [15, 15, 8.3],
			"rotation": {"angle": 0, "axis": "y", "origin": [16, 0, 0]},
			"faces": {
				"north": {"uv": [14.6, 0, 0, 9.3], "texture": "#1"},
				"east": {"uv": [2.125, 0, 0, 2.325], "texture": "#missing"},
				"south": {"uv": [0, 0, 14.6, 9.3], "texture": "#1"},
				"west": {"uv": [2.125, 0, 0, 2.325], "texture": "#missing"},
				"up": {"uv": [3.65, 0, 0, 1.2], "texture": "#missing"},
				"down": {"uv": [3.65, 0, 0, 1.2], "texture": "#missing"}
			}
		},
		{
			"from": [3.5, 4, 8],
			"to": [12.5, 16, 8],
			"faces": {
				"north": {"uv": [0, 0, 4.5, 6], "texture": "#4"},
				"east": {"uv": [0, 0, 0, 6], "texture": "#4"},
				"south": {"uv": [4.5, 0, 9, 6], "texture": "#4"},
				"west": {"uv": [0, 0, 0, 6], "texture": "#4"},
				"up": {"uv": [4.5, 0, 0, 0], "texture": "#4"},
				"down": {"uv": [4.5, 0, 0, 0], "texture": "#4"}
			}
		}
	],
	"gui_light": "front",
	"display": {
		"thirdperson_righthand": {
			"rotation": [151.75, 81.5, -137.75],
			"translation": [0, -1.25, 1.5]
		},
		"thirdperson_lefthand": {
			"rotation": [151.75, 81.5, -137.75],
			"translation": [0, -1.25, 1.5]
		},
		"firstperson_righthand": {
			"rotation": [-1, -69.56, 8.91],
			"translation": [3.75, 0.25, 0]
		},
		"firstperson_lefthand": {
			"rotation": [-1, -69.56, 8.91],
			"translation": [3.75, 0, 0]
		},
		"ground": {
			"translation": [0, 2.75, 0]
		},
		"gui": {
			"rotation": [0, -8.75, 0],
			"translation": [0, -4.25, 0]
		},
		"head": {
			"translation": [0, 4.5, 0],
			"scale": [0, 0, 0]
		},
		"fixed": {
			"translation": [0, -4.25, 0]
		}
	}
}