{
	"credit": "Made with NN Blockbench",
	"texture_size": [64, 64],
	"textures": {
		"1": "butterflyqueen:butterflyqueen/butterflyqueen_blossom2",
		"3": "butterflyqueen:butterflyqueen/butterflyqueen_bow",
		"particle": "butterflyqueen:butterflyqueen/butterflyqueen_blossom2"
	},
	"elements": [
		{
			"from": [8.45592, 8.18248, 7.20508],
			"to": [9.93768, 10.37768, 8.78562],
			"rotation": {"angle": -45, "axis": "z", "origin": [8.94984, 10.15816, 7.99535]},
			"faces": {
				"north": {"uv": [6, 5.5, 6.375, 6.0625], "texture": "#3"},
				"east": {"uv": [0, 6.25, 0.375, 6.8125], "texture": "#3"},
				"south": {"uv": [6.25, 0, 6.625, 0.5625], "texture": "#3"},
				"west": {"uv": [0.5, 6.25, 0.875, 6.8125], "texture": "#3"},
				"up": {"uv": [6.875, 3.125, 6.5, 2.75], "texture": "#3"},
				"down": {"uv": [6.875, 3.25, 6.5, 3.625], "texture": "#3"}
			}
		},
		{
			"from": [7.1796, 6.6063, 7.24008],
			"to": [8.66136, 9.0759, 8.75062],
			"rotation": {"angle": 0, "axis": "y", "origin": [6.78446, 7.64353, 7.99535]},
			"faces": {
				"north": {"uv": [5, 5.5, 5.375, 6.125], "texture": "#3"},
				"east": {"uv": [5.5, 5.5, 5.875, 6.125], "texture": "#3"},
				"south": {"uv": [5.75, 0, 6.125, 0.625], "texture": "#3"},
				"west": {"uv": [5.75, 0.75, 6.125, 1.375], "texture": "#3"},
				"up": {"uv": [6.875, 4.125, 6.5, 3.75], "texture": "#3"},
				"down": {"uv": [4.375, 6.5, 4, 6.875], "texture": "#3"}
			}
		},
		{
			"from": [8.51087, 8.96771, 7.14471],
			"to": [9.58103, 11.08608, 8.84599],
			"rotation": {"angle": 22.5, "axis": "z", "origin": [8.84015, 10.40008, 7.99535]},
			"faces": {
				"north": {"uv": [6.75, 1, 7, 1.5], "texture": "#3"},
				"east": {"uv": [4, 6, 4.4375, 6.5], "texture": "#3"},
				"south": {"uv": [6.75, 1.5, 7, 2], "texture": "#3"},
				"west": {"uv": [4.5, 6, 4.9375, 6.5], "texture": "#3"},
				"up": {"uv": [4, 7.1875, 3.75, 6.75], "texture": "#3"},
				"down": {"uv": [7.25, 1.5, 7, 1.9375], "texture": "#3"}
			}
		},
		{
			"from": [8.87122, 6.73961, 7.83071],
			"to": [9.01528, 9.68118, 8.15999],
			"rotation": {"angle": -22.5, "axis": "z", "origin": [8.8232, 8.34759, 8.68135]},
			"faces": {
				"north": {"uv": [7.5, 3.25, 7.5625, 4], "texture": "#3"},
				"east": {"uv": [4, 7.5, 4.0625, 8.25], "texture": "#3"},
				"south": {"uv": [7.5, 4, 7.5625, 4.75], "texture": "#3"},
				"west": {"uv": [4.25, 7.5, 4.3125, 8.25], "texture": "#3"},
				"up": {"uv": [8.0625, 0.8125, 8, 0.75], "texture": "#3"},
				"down": {"uv": [1.0625, 8, 1, 8.0625], "texture": "#3"}
			}
		},
		{
			"from": [8.59682, 6.73961, 7.83071],
			"to": [8.74088, 9.68118, 8.15999],
			"rotation": {"angle": -22.5, "axis": "z", "origin": [8.8232, 8.34759, 8.68135]},
			"faces": {
				"north": {"uv": [4.5, 7.5, 4.5625, 8.25], "texture": "#3"},
				"east": {"uv": [4.75, 7.5, 4.8125, 8.25], "texture": "#3"},
				"south": {"uv": [7.5, 4.75, 7.5625, 5.5], "texture": "#3"},
				"west": {"uv": [6, 7.5, 6.0625, 8.25], "texture": "#3"},
				"up": {"uv": [8.0625, 1.0625, 8, 1], "texture": "#3"},
				"down": {"uv": [1.3125, 8, 1.25, 8.0625], "texture": "#3"}
			}
		},
		{
			"from": [9.14562, 6.73961, 7.83071],
			"to": [9.28968, 9.68118, 8.15999],
			"rotation": {"angle": -22.5, "axis": "z", "origin": [8.8232, 8.34759, 8.68135]},
			"faces": {
				"north": {"uv": [6.25, 7.5, 6.3125, 8.25], "texture": "#3"},
				"east": {"uv": [6.5, 7.5, 6.5625, 8.25], "texture": "#3"},
				"south": {"uv": [7.5, 6.5, 7.5625, 7.25], "texture": "#3"},
				"west": {"uv": [6.75, 7.5, 6.8125, 8.25], "texture": "#3"},
				"up": {"uv": [8.0625, 1.3125, 8, 1.25], "texture": "#3"},
				"down": {"uv": [1.5625, 8, 1.5, 8.0625], "texture": "#3"}
			}
		},
		{
			"from": [8.69744, 10.99478, 7.17901],
			"to": [9.5618, 12.56435, 8.81169],
			"rotation": {"angle": -22.5, "axis": "z", "origin": [8.34072, 12.05396, 7.99535]},
			"faces": {
				"north": {"uv": [3.25, 7.25, 3.4375, 7.625], "texture": "#3"},
				"east": {"uv": [3.5, 6.25, 3.9375, 6.625], "texture": "#3"},
				"south": {"uv": [3.5, 7.25, 3.6875, 7.625], "texture": "#3"},
				"west": {"uv": [5, 6.25, 5.4375, 6.625], "texture": "#3"},
				"up": {"uv": [7.1875, 5.4375, 7, 5], "texture": "#3"},
				"down": {"uv": [7.1875, 5.5, 7, 5.9375], "texture": "#3"}
			}
		},
		{
			"from": [8.67496, 14.5418, 6.55147],
			"to": [9.72454, 15.55081, 7.10713],
			"rotation": {"angle": 22.5, "axis": "x", "origin": [9.19975, 14.31168, 6.67024]},
			"faces": {
				"north": {"uv": [6.25, 2.75, 6.5, 3], "texture": "#3"},
				"east": {"uv": [7.75, 4.25, 7.875, 4.5], "texture": "#3"},
				"south": {"uv": [6.75, 2.5, 7, 2.75], "texture": "#3"},
				"west": {"uv": [7.75, 4.5, 7.875, 4.75], "texture": "#3"},
				"up": {"uv": [8, 4.875, 7.75, 4.75], "texture": "#3"},
				"down": {"uv": [5.25, 7.75, 5, 7.875], "texture": "#3"}
			}
		},
		{
			"from": [8.67496, 15.3565, 6.91491],
			"to": [9.72454, 16.36551, 7.22057],
			"rotation": {"angle": -45, "axis": "x", "origin": [9.19975, 15.76101, 7.44274]},
			"faces": {
				"north": {"uv": [7.25, 6.5, 7.5, 6.75], "texture": "#3"},
				"east": {"uv": [7, 7.75, 7.0625, 8], "texture": "#3"},
				"south": {"uv": [7.25, 6.75, 7.5, 7], "texture": "#3"},
				"west": {"uv": [7.75, 7, 7.8125, 7.25], "texture": "#3"},
				"up": {"uv": [7.5, 7.8125, 7.25, 7.75], "texture": "#3"},
				"down": {"uv": [8, 7.25, 7.75, 7.3125], "texture": "#3"}
			}
		},
		{
			"from": [8.67496, 15.3565, 8.77943],
			"to": [9.72454, 16.36551, 9.08509],
			"rotation": {"angle": 45, "axis": "x", "origin": [9.19975, 15.76101, 8.55726]},
			"faces": {
				"north": {"uv": [7.25, 7, 7.5, 7.25], "texture": "#3"},
				"east": {"uv": [7.5, 7.75, 7.5625, 8], "texture": "#3"},
				"south": {"uv": [7.25, 7.25, 7.5, 7.5], "texture": "#3"},
				"west": {"uv": [7.75, 7.5, 7.8125, 7.75], "texture": "#3"},
				"up": {"uv": [8, 7.8125, 7.75, 7.75], "texture": "#3"},
				"down": {"uv": [0.25, 8, 0, 8.0625], "texture": "#3"}
			}
		},
		{
			"from": [8.67496, 7.93449, 8.21491],
			"to": [9.72454, 9.2435, 8.52057],
			"rotation": {"angle": 45, "axis": "x", "origin": [9.19975, 12.73899, 13.14274]},
			"faces": {
				"north": {"uv": [7, 7, 7.25, 7.3125], "texture": "#3"},
				"east": {"uv": [7.75, 5.5, 7.8125, 5.8125], "texture": "#3"},
				"south": {"uv": [7.25, 0, 7.5, 0.3125], "texture": "#3"},
				"west": {"uv": [5.75, 7.75, 5.8125, 8.0625], "texture": "#3"},
				"up": {"uv": [8.25, 0.0625, 8, 0], "texture": "#3"},
				"down": {"uv": [8.25, 0.25, 8, 0.3125], "texture": "#3"}
			}
		},
		{
			"from": [8.67496, 7.93449, 7.47943],
			"to": [9.72454, 9.2435, 7.78509],
			"rotation": {"angle": -45, "axis": "x", "origin": [9.19975, 12.73899, 2.85726]},
			"faces": {
				"north": {"uv": [7.25, 0.5, 7.5, 0.8125], "texture": "#3"},
				"east": {"uv": [7.75, 6, 7.8125, 6.3125], "texture": "#3"},
				"south": {"uv": [7.25, 1.5, 7.5, 1.8125], "texture": "#3"},
				"west": {"uv": [7.75, 6.5, 7.8125, 6.8125], "texture": "#3"},
				"up": {"uv": [8.25, 0.5625, 8, 0.5], "texture": "#3"},
				"down": {"uv": [1, 8, 0.75, 8.0625], "texture": "#3"}
			}
		},
		{
			"from": [8.65291, 14.16286, 6.23456],
			"to": [9.74659, 14.85082, 7.12137],
			"rotation": {"angle": -22.5, "axis": "x", "origin": [9.19975, 14.31168, 6.67024]},
			"faces": {
				"north": {"uv": [7.5, 5.5, 7.75, 5.6875], "texture": "#3"},
				"east": {"uv": [7.5, 5.75, 7.75, 5.9375], "texture": "#3"},
				"south": {"uv": [7, 7.5, 7.25, 7.6875], "texture": "#3"},
				"west": {"uv": [7.25, 7.5, 7.5, 7.6875], "texture": "#3"},
				"up": {"uv": [0.25, 7.75, 0, 7.5], "texture": "#3"},
				"down": {"uv": [7.75, 0, 7.5, 0.25], "texture": "#3"}
			}
		},
		{
			"from": [8.79172, 12.94344, 6.43567],
			"to": [9.60778, 14.15464, 7.11323],
			"rotation": {"angle": -22.5, "axis": "x", "origin": [9.19975, 13.79904, 6.73695]},
			"faces": {
				"north": {"uv": [0.75, 7.5, 0.9375, 7.8125], "texture": "#3"},
				"east": {"uv": [7.5, 0.75, 7.6875, 1.0625], "texture": "#3"},
				"south": {"uv": [1, 7.5, 1.1875, 7.8125], "texture": "#3"},
				"west": {"uv": [1.25, 7.5, 1.4375, 7.8125], "texture": "#3"},
				"up": {"uv": [7.9375, 1.9375, 7.75, 1.75], "texture": "#3"},
				"down": {"uv": [7.9375, 2, 7.75, 2.1875], "texture": "#3"}
			}
		},
		{
			"from": [8.79172, 12.94344, 8.88677],
			"to": [9.60778, 14.15464, 9.56433],
			"rotation": {"angle": 22.5, "axis": "x", "origin": [9.19975, 13.79904, 9.26305]},
			"faces": {
				"north": {"uv": [7.5, 1.25, 7.6875, 1.5625], "texture": "#3"},
				"east": {"uv": [1.5, 7.5, 1.6875, 7.8125], "texture": "#3"},
				"south": {"uv": [1.75, 7.5, 1.9375, 7.8125], "texture": "#3"},
				"west": {"uv": [7.5, 1.75, 7.6875, 2.0625], "texture": "#3"},
				"up": {"uv": [3.9375, 7.9375, 3.75, 7.75], "texture": "#3"},
				"down": {"uv": [7.9375, 4, 7.75, 4.1875], "texture": "#3"}
			}
		},
		{
			"from": [8.65291, 14.16286, 8.87863],
			"to": [9.74659, 14.85082, 9.76544],
			"rotation": {"angle": 22.5, "axis": "x", "origin": [9.19975, 14.31168, 9.32976]},
			"faces": {
				"north": {"uv": [7.5, 7.25, 7.75, 7.4375], "texture": "#3"},
				"east": {"uv": [7.5, 7.5, 7.75, 7.6875], "texture": "#3"},
				"south": {"uv": [0, 7.75, 0.25, 7.9375], "texture": "#3"},
				"west": {"uv": [7.75, 0, 8, 0.1875], "texture": "#3"},
				"up": {"uv": [0.5, 7.75, 0.25, 7.5], "texture": "#3"},
				"down": {"uv": [7.75, 0.25, 7.5, 0.5], "texture": "#3"}
			}
		},
		{
			"from": [8.67496, 14.5418, 8.89287],
			"to": [9.72454, 15.55081, 9.44853],
			"rotation": {"angle": -22.5, "axis": "x", "origin": [9.19975, 14.31168, 9.32976]},
			"faces": {
				"north": {"uv": [0.5, 7.5, 0.75, 7.75], "texture": "#3"},
				"east": {"uv": [7.75, 5, 7.875, 5.25], "texture": "#3"},
				"south": {"uv": [7.5, 0.5, 7.75, 0.75], "texture": "#3"},
				"west": {"uv": [5.25, 7.75, 5.375, 8], "texture": "#3"},
				"up": {"uv": [8, 5.375, 7.75, 5.25], "texture": "#3"},
				"down": {"uv": [5.75, 7.75, 5.5, 7.875], "texture": "#3"}
			}
		},
		{
			"from": [6.65867, 5.70832, 7.21331],
			"to": [7.72883, 7.00349, 8.77739],
			"rotation": {"angle": -22.5, "axis": "z", "origin": [6.98795, 5.57112, 7.99535]},
			"faces": {
				"north": {"uv": [2, 7.25, 2.25, 7.5625], "texture": "#3"},
				"east": {"uv": [2.25, 6.75, 2.625, 7.0625], "texture": "#3"},
				"south": {"uv": [7.25, 2, 7.5, 2.3125], "texture": "#3"},
				"west": {"uv": [2.75, 6.75, 3.125, 7.0625], "texture": "#3"},
				"up": {"uv": [7.25, 3.375, 7, 3], "texture": "#3"},
				"down": {"uv": [7.25, 3.5, 7, 3.875], "texture": "#3"}
			}
		},
		{
			"from": [7.42834, 4.02425, 7.31621],
			"to": [8.2927, 5.59382, 8.74309],
			"rotation": {"angle": 22.5, "axis": "z", "origin": [6.48852, 3.91723, 7.99535]},
			"faces": {
				"north": {"uv": [7.25, 3.5, 7.4375, 3.875], "texture": "#3"},
				"east": {"uv": [6.5, 4.25, 6.875, 4.625], "texture": "#3"},
				"south": {"uv": [3.75, 7.25, 3.9375, 7.625], "texture": "#3"},
				"west": {"uv": [4.5, 6.5, 4.875, 6.875], "texture": "#3"},
				"up": {"uv": [7.4375, 4.375, 7.25, 4], "texture": "#3"},
				"down": {"uv": [7.4375, 4.5, 7.25, 4.875], "texture": "#3"}
			}
		},
		{
			"from": [8.45592, 15.62232, 7.20508],
			"to": [9.93768, 17.81752, 8.78562],
			"rotation": {"angle": 45, "axis": "z", "origin": [8.94984, 15.84184, 7.99535]},
			"faces": {
				"north": {"uv": [6.25, 0.75, 6.625, 1.3125], "texture": "#3"},
				"east": {"uv": [1, 6.25, 1.375, 6.8125], "texture": "#3"},
				"south": {"uv": [1.5, 6.25, 1.875, 6.8125], "texture": "#3"},
				"west": {"uv": [6.25, 1.5, 6.625, 2.0625], "texture": "#3"},
				"up": {"uv": [6.875, 5.125, 6.5, 4.75], "texture": "#3"},
				"down": {"uv": [6.875, 5.25, 6.5, 5.625], "texture": "#3"}
			}
		},
		{
			"from": [8.51087, 14.91392, 7.14471],
			"to": [9.58103, 17.03229, 8.84599],
			"rotation": {"angle": -22.5, "axis": "z", "origin": [8.84015, 15.59992, 7.99535]},
			"faces": {
				"north": {"uv": [2, 6.75, 2.25, 7.25], "texture": "#3"},
				"east": {"uv": [6, 4.5, 6.4375, 5], "texture": "#3"},
				"south": {"uv": [6.75, 2, 7, 2.5], "texture": "#3"},
				"west": {"uv": [6, 5, 6.4375, 5.5], "texture": "#3"},
				"up": {"uv": [7.25, 2.4375, 7, 2], "texture": "#3"},
				"down": {"uv": [7.25, 2.5, 7, 2.9375], "texture": "#3"}
			}
		},
		{
			"from": [7.1796, 16.9241, 7.24008],
			"to": [8.66136, 19.3937, 8.75062],
			"rotation": {"angle": 0, "axis": "y", "origin": [6.78446, 18.35647, 7.99535]},
			"faces": {
				"north": {"uv": [5.75, 1.5, 6.125, 2.125], "texture": "#3"},
				"east": {"uv": [5.75, 2.25, 6.125, 2.875], "texture": "#3"},
				"south": {"uv": [6, 3, 6.375, 3.625], "texture": "#3"},
				"west": {"uv": [6, 3.75, 6.375, 4.375], "texture": "#3"},
				"up": {"uv": [6.875, 6.125, 6.5, 5.75], "texture": "#3"},
				"down": {"uv": [6.875, 6.25, 6.5, 6.625], "texture": "#3"}
			}
		},
		{
			"from": [8.69744, 13.43565, 7.17901],
			"to": [9.5618, 15.00522, 8.81169],
			"rotation": {"angle": 22.5, "axis": "z", "origin": [8.34072, 13.94604, 7.99535]},
			"faces": {
				"north": {"uv": [5, 7.25, 5.1875, 7.625], "texture": "#3"},
				"east": {"uv": [5.5, 6.25, 5.9375, 6.625], "texture": "#3"},
				"south": {"uv": [7.25, 5, 7.4375, 5.375], "texture": "#3"},
				"west": {"uv": [6, 6.25, 6.4375, 6.625], "texture": "#3"},
				"up": {"uv": [7.1875, 6.4375, 7, 6], "texture": "#3"},
				"down": {"uv": [7.1875, 6.5, 7, 6.9375], "texture": "#3"}
			}
		},
		{
			"from": [7.42834, 20.40618, 7.31621],
			"to": [8.2927, 21.97575, 8.74309],
			"rotation": {"angle": -22.5, "axis": "z", "origin": [6.48852, 22.08277, 7.99535]},
			"faces": {
				"north": {"uv": [5.25, 7.25, 5.4375, 7.625], "texture": "#3"},
				"east": {"uv": [6.75, 0, 7.125, 0.375], "texture": "#3"},
				"south": {"uv": [5.5, 7.25, 5.6875, 7.625], "texture": "#3"},
				"west": {"uv": [6.75, 0.5, 7.125, 0.875], "texture": "#3"},
				"up": {"uv": [7.4375, 5.875, 7.25, 5.5], "texture": "#3"},
				"down": {"uv": [5.9375, 7.25, 5.75, 7.625], "texture": "#3"}
			}
		},
		{
			"from": [6.65867, 18.99651, 7.21331],
			"to": [7.72883, 20.29168, 8.77739],
			"rotation": {"angle": 22.5, "axis": "z", "origin": [6.98795, 20.42888, 7.99535]},
			"faces": {
				"north": {"uv": [2.25, 7.25, 2.5, 7.5625], "texture": "#3"},
				"east": {"uv": [3.25, 6.75, 3.625, 7.0625], "texture": "#3"},
				"south": {"uv": [2.5, 7.25, 2.75, 7.5625], "texture": "#3"},
				"west": {"uv": [5, 6.75, 5.375, 7.0625], "texture": "#3"},
				"up": {"uv": [4.25, 7.375, 4, 7], "texture": "#3"},
				"down": {"uv": [7.25, 4, 7, 4.375], "texture": "#3"}
			}
		},
		{
			"from": [6.55919, 20.76896, 7.29323],
			"to": [7.52233, 21.93461, 8.7009],
			"rotation": {"angle": 22.5, "axis": "z", "origin": [6.9034, 21.7582, 8.0125]},
			"faces": {
				"north": {"uv": [7.25, 2.5, 7.5, 2.8125], "texture": "#3"},
				"east": {"uv": [5.5, 6.75, 5.875, 7.0625], "texture": "#3"},
				"south": {"uv": [2.75, 7.25, 3, 7.5625], "texture": "#3"},
				"west": {"uv": [6, 6.75, 6.375, 7.0625], "texture": "#3"},
				"up": {"uv": [4.5, 7.375, 4.25, 7], "texture": "#3"},
				"down": {"uv": [4.75, 7, 4.5, 7.375], "texture": "#3"}
			}
		},
		{
			"from": [5.81258, 3.66259, 7.38584],
			"to": [7.22519, 4.44051, 8.67003],
			"rotation": {"angle": 22.5, "axis": "z", "origin": [6.9034, 4.2418, 8.0125]},
			"faces": {
				"north": {"uv": [6, 7.25, 6.375, 7.4375], "texture": "#3"},
				"east": {"uv": [7.5, 2.25, 7.8125, 2.4375], "texture": "#3"},
				"south": {"uv": [7.25, 6, 7.625, 6.1875], "texture": "#3"},
				"west": {"uv": [7.5, 2.5, 7.8125, 2.6875], "texture": "#3"},
				"up": {"uv": [6.875, 7.0625, 6.5, 6.75], "texture": "#3"},
				"down": {"uv": [0.375, 7, 0, 7.3125], "texture": "#3"}
			}
		},
		{
			"from": [1.91258, 20.75949, 7.38584],
			"to": [3.32519, 21.53741, 8.67003],
			"rotation": {"angle": -22.5, "axis": "z", "origin": [6.9034, 11.7582, 8.0125]},
			"faces": {
				"north": {"uv": [7.25, 6.25, 7.625, 6.4375], "texture": "#3"},
				"east": {"uv": [7.5, 2.75, 7.8125, 2.9375], "texture": "#3"},
				"south": {"uv": [6.5, 7.25, 6.875, 7.4375], "texture": "#3"},
				"west": {"uv": [7.5, 3, 7.8125, 3.1875], "texture": "#3"},
				"up": {"uv": [0.875, 7.3125, 0.5, 7], "texture": "#3"},
				"down": {"uv": [1.375, 7, 1, 7.3125], "texture": "#3"}
			}
		},
		{
			"from": [6.55919, 4.06539, 7.29323],
			"to": [7.52233, 5.23104, 8.7009],
			"rotation": {"angle": -22.5, "axis": "z", "origin": [6.9034, 4.2418, 8.0125]},
			"faces": {
				"north": {"uv": [3, 7.25, 3.25, 7.5625], "texture": "#3"},
				"east": {"uv": [7, 1, 7.375, 1.3125], "texture": "#3"},
				"south": {"uv": [7.25, 3, 7.5, 3.3125], "texture": "#3"},
				"west": {"uv": [1.5, 7, 1.875, 7.3125], "texture": "#3"},
				"up": {"uv": [7.25, 4.875, 7, 4.5], "texture": "#3"},
				"down": {"uv": [5, 7, 4.75, 7.375], "texture": "#3"}
			}
		},
		{
			"from": [8.87122, 16.31882, 7.83071],
			"to": [9.01528, 19.26039, 8.15999],
			"rotation": {"angle": 22.5, "axis": "z", "origin": [8.8232, 17.65241, 8.68135]},
			"faces": {
				"north": {"uv": [0.25, 7.75, 0.3125, 8.5], "texture": "#3"},
				"east": {"uv": [7.75, 0.25, 7.8125, 1], "texture": "#3"},
				"south": {"uv": [0.5, 7.75, 0.5625, 8.5], "texture": "#3"},
				"west": {"uv": [7.75, 1, 7.8125, 1.75], "texture": "#3"},
				"up": {"uv": [8.0625, 1.5625, 8, 1.5], "texture": "#3"},
				"down": {"uv": [1.8125, 8, 1.75, 8.0625], "texture": "#3"}
			}
		},
		{
			"from": [9.14562, 16.31882, 7.83071],
			"to": [9.28968, 19.26039, 8.15999],
			"rotation": {"angle": 22.5, "axis": "z", "origin": [8.8232, 17.65241, 8.68135]},
			"faces": {
				"north": {"uv": [2, 7.75, 2.0625, 8.5], "texture": "#3"},
				"east": {"uv": [2.25, 7.75, 2.3125, 8.5], "texture": "#3"},
				"south": {"uv": [2.5, 7.75, 2.5625, 8.5], "texture": "#3"},
				"west": {"uv": [2.75, 7.75, 2.8125, 8.5], "texture": "#3"},
				"up": {"uv": [8.0625, 1.8125, 8, 1.75], "texture": "#3"},
				"down": {"uv": [8.0625, 2, 8, 2.0625], "texture": "#3"}
			}
		},
		{
			"from": [8.59682, 16.31882, 7.83071],
			"to": [8.74088, 19.26039, 8.15999],
			"rotation": {"angle": 22.5, "axis": "z", "origin": [8.8232, 17.65241, 8.68135]},
			"faces": {
				"north": {"uv": [3, 7.75, 3.0625, 8.5], "texture": "#3"},
				"east": {"uv": [3.25, 7.75, 3.3125, 8.5], "texture": "#3"},
				"south": {"uv": [7.75, 3.25, 7.8125, 4], "texture": "#3"},
				"west": {"uv": [3.5, 7.75, 3.5625, 8.5], "texture": "#3"},
				"up": {"uv": [8.0625, 2.3125, 8, 2.25], "texture": "#3"},
				"down": {"uv": [8.0625, 2.5, 8, 2.5625], "texture": "#3"}
			}
		},
		{
			"from": [8.45, 11.5, 6],
			"to": [9.95, 13.5, 8],
			"rotation": {"angle": 45, "axis": "x", "origin": [9.2, 11.5, 8]},
			"faces": {
				"north": {"uv": [2, 6.25, 2.375, 6.75], "texture": "#3"},
				"east": {"uv": [4, 5.5, 4.5, 6], "texture": "#3"},
				"south": {"uv": [6.25, 2.25, 6.625, 2.75], "texture": "#3"},
				"west": {"uv": [4.5, 5.5, 5, 6], "texture": "#3"},
				"up": {"uv": [2.875, 6.75, 2.5, 6.25], "texture": "#3"},
				"down": {"uv": [3.375, 6.25, 3, 6.75], "texture": "#3"}
			}
		},
		{
			"from": [10.1, 10.5, 7.8],
			"to": [10.1, 15.5, 11.8],
			"rotation": {"angle": 22.5, "axis": "y", "origin": [9.7, 13, 10]},
			"faces": {
				"north": {"uv": [0, 0, 0, 1.25], "texture": "#3"},
				"east": {"uv": [4, 3, 5, 4.25], "texture": "#3"},
				"south": {"uv": [0, 0, 0, 1.25], "texture": "#3"},
				"west": {"uv": [4, 4.25, 5, 5.5], "texture": "#3"},
				"up": {"uv": [0, 1, 0, 0], "texture": "#3"},
				"down": {"uv": [0, 0, 0, 1], "texture": "#3"}
			}
		},
		{
			"from": [8.3, 10.5, 7.8],
			"to": [8.3, 15.5, 11.8],
			"rotation": {"angle": -22.5, "axis": "y", "origin": [8.7, 13, 10]},
			"faces": {
				"north": {"uv": [0, 0, 0, 1.25], "texture": "#3"},
				"east": {"uv": [0, 5, 1, 6.25], "texture": "#3"},
				"south": {"uv": [0, 0, 0, 1.25], "texture": "#3"},
				"west": {"uv": [1, 5, 2, 6.25], "texture": "#3"},
				"up": {"uv": [0, 1, 0, 0], "texture": "#3"},
				"down": {"uv": [0, 0, 0, 1], "texture": "#3"}
			}
		},
		{
			"from": [10.1, 10.5, 4.2],
			"to": [10.1, 15.5, 8.2],
			"rotation": {"angle": -22.5, "axis": "y", "origin": [9.7, 13, 6]},
			"faces": {
				"north": {"uv": [0, 0, 0, 1.25], "texture": "#3"},
				"east": {"uv": [2, 5, 3, 6.25], "texture": "#3"},
				"south": {"uv": [0, 0, 0, 1.25], "texture": "#3"},
				"west": {"uv": [3, 5, 4, 6.25], "texture": "#3"},
				"up": {"uv": [0, 1, 0, 0], "texture": "#3"},
				"down": {"uv": [0, 0, 0, 1], "texture": "#3"}
			}
		},
		{
			"from": [8.3, 10.5, 4.2],
			"to": [8.3, 15.5, 8.2],
			"rotation": {"angle": 22.5, "axis": "y", "origin": [8.7, 13, 6]},
			"faces": {
				"north": {"uv": [0, 0, 0, 1.25], "texture": "#3"},
				"east": {"uv": [5, 3, 6, 4.25], "texture": "#3"},
				"south": {"uv": [0, 0, 0, 1.25], "texture": "#3"},
				"west": {"uv": [5, 4.25, 6, 5.5], "texture": "#3"},
				"up": {"uv": [0, 1, 0, 0], "texture": "#3"},
				"down": {"uv": [0, 0, 0, 1], "texture": "#3"}
			}
		},
		{
			"from": [9.4, 5, 4],
			"to": [9.4, 14, 12],
			"rotation": {"angle": 0, "axis": "y", "origin": [16, 0, 0]},
			"faces": {
				"north": {"uv": [0.26563, 0, 0, 0.29062], "texture": "#missing"},
				"east": {"uv": [5.3, 0, 14.8, 9.3], "texture": "#1"},
				"south": {"uv": [0.26563, 0, 0, 0.29062], "texture": "#missing"},
				"west": {"uv": [14.8, 0, 5.3, 9.3], "texture": "#1"},
				"up": {"uv": [0, 0.15, 0.45625, 0], "rotation": 90, "texture": "#missing"},
				"down": {"uv": [0, 0.15, 0.45625, 0], "rotation": 270, "texture": "#missing"}
			}
		},
		{
			"from": [3.2, 3, 8],
			"to": [11.2, 23, 8],
			"faces": {
				"north": {"uv": [0, 0, 2, 5], "texture": "#3"},
				"east": {"uv": [0, 0, 0, 5], "texture": "#3"},
				"south": {"uv": [2, 0, 4, 5], "texture": "#3"},
				"west": {"uv": [0, 0, 0, 5], "texture": "#3"},
				"up": {"uv": [2, 0, 0, 0], "texture": "#3"},
				"down": {"uv": [2, 0, 0, 0], "texture": "#3"}
			}
		},
		{
			"from": [9.8, 6.9, 4.65],
			"to": [9.8, 12.9, 11.4],
			"faces": {
				"north": {"uv": [0, 0, 0, 1.5], "texture": "#3"},
				"east": {"uv": [4, 0, 5.6875, 1.5], "texture": "#3"},
				"south": {"uv": [0, 0, 0, 1.5], "texture": "#3"},
				"west": {"uv": [4, 1.5, 5.6875, 3], "texture": "#3"},
				"up": {"uv": [0, 1.6875, 0, 0], "texture": "#3"},
				"down": {"uv": [0, 0, 0, 1.6875], "texture": "#3"}
			}
		}
	],
	"gui_light": "front",
	"display": {
		"thirdperson_righthand": {
			"rotation": [-31.54, 87.09, 19.64],
			"translation": [1.25, -9.25, 2],
			"scale": [1.4, 1.4, 1.4]
		},
		"thirdperson_lefthand": {
			"rotation": [-99.13, -84.97, -82.19],
			"translation": [-0.25, -9.25, 3],
			"scale": [1.4, 1.4, 1.4]
		},
		"firstperson_righthand": {
			"rotation": [-1, 99, 8.91],
			"translation": [3.75, 1.25, 0]
		},
		"firstperson_lefthand": {
			"rotation": [-2.06, -80.04, 7.81],
			"translation": [5, 1.25, 0]
		},
		"ground": {
			"translation": [0, 5.25, 0]
		},
		"gui": {
			"rotation": [-151.37, -37.69, -125.17],
			"translation": [-3.5, -2.75, 0]
		},
		"head": {
			"translation": [0, 4.5, 0],
			"scale": [0, 0, 0]
		},
		"fixed": {
			"translation": [0, -5.25, 0]
		}
	}
}