{
	"credit": "Made with NN Blockbench",
	"texture_size": [64, 64],
	"textures": {
		"1": "butterflyqueen:butterflyqueen/butterflyqueen_blossom2",
		"4": "butterflyqueen:butterflyqueen/butterflyqueen_fishing_rod",
		"particle": "butterflyqueen:butterflyqueen/butterflyqueen_blossom2"
	},
	"elements": [
		{
			"from": [8.40964, 4.55891, 7.43577],
			"to": [9.46804, 6.12691, 8.56473],
			"rotation": {"angle": -45, "axis": "z", "origin": [8.76244, 5.97011, 8.00025]},
			"faces": {
				"north": {"uv": [6, 7, 6.25, 7.375], "texture": "#4"},
				"east": {"uv": [6, 6.5, 6.3125, 6.875], "texture": "#4"},
				"south": {"uv": [6.25, 7, 6.5, 7.375], "texture": "#4"},
				"west": {"uv": [6.5, 6.5, 6.8125, 6.875], "texture": "#4"},
				"up": {"uv": [7, 7.3125, 6.75, 7], "texture": "#4"},
				"down": {"uv": [7.25, 6.75, 7, 7.0625], "texture": "#4"}
			}
		},
		{
			"from": [7.49798, 3.43307, 7.46077],
			"to": [8.55638, 5.19707, 8.53973],
			"rotation": {"angle": 0, "axis": "y", "origin": [7.21574, 4.17395, 8.00025]},
			"faces": {
				"north": {"uv": [5, 7, 5.25, 7.4375], "texture": "#4"},
				"east": {"uv": [5.25, 7, 5.5, 7.4375], "texture": "#4"},
				"south": {"uv": [7, 5.25, 7.25, 5.6875], "texture": "#4"},
				"west": {"uv": [5.5, 7, 5.75, 7.4375], "texture": "#4"},
				"up": {"uv": [7.75, 1.75, 7.5, 1.5], "texture": "#4"},
				"down": {"uv": [7.75, 1.75, 7.5, 2], "texture": "#4"}
			}
		},
		{
			"from": [8.44889, 5.11979, 7.39265],
			"to": [9.21329, 6.63291, 8.60785],
			"rotation": {"angle": 22.5, "axis": "z", "origin": [8.68409, 6.14291, 8.00025]},
			"faces": {
				"north": {"uv": [7.5, 0.5, 7.6875, 0.875], "texture": "#4"},
				"east": {"uv": [3, 7, 3.3125, 7.375], "texture": "#4"},
				"south": {"uv": [7.5, 1, 7.6875, 1.375], "texture": "#4"},
				"west": {"uv": [3.5, 7, 3.8125, 7.375], "texture": "#4"},
				"up": {"uv": [4.9375, 7.8125, 4.75, 7.5], "texture": "#4"},
				"down": {"uv": [7.6875, 4.75, 7.5, 5.0625], "texture": "#4"}
			}
		},
		{
			"from": [8.70629, 3.52829, 7.88265],
			"to": [8.80919, 5.62941, 8.11785],
			"rotation": {"angle": -22.5, "axis": "z", "origin": [8.67199, 4.67685, 8.49025]},
			"faces": {
				"north": {"uv": [7.75, 4.5, 7.8125, 5], "texture": "#4"},
				"east": {"uv": [7.75, 5, 7.8125, 5.5], "texture": "#4"},
				"south": {"uv": [7.75, 5.5, 7.8125, 6], "texture": "#4"},
				"west": {"uv": [7.75, 6, 7.8125, 6.5], "texture": "#4"},
				"up": {"uv": [8.0625, 4.8125, 8, 4.75], "texture": "#4"},
				"down": {"uv": [5.0625, 8, 5, 8.0625], "texture": "#4"}
			}
		},
		{
			"from": [8.51029, 3.52829, 7.88265],
			"to": [8.61319, 5.62941, 8.11785],
			"rotation": {"angle": -22.5, "axis": "z", "origin": [8.67199, 4.67685, 8.49025]},
			"faces": {
				"north": {"uv": [7.5, 7.75, 7.5625, 8.25], "texture": "#4"},
				"east": {"uv": [7.75, 7.5, 7.8125, 8], "texture": "#4"},
				"south": {"uv": [0, 8, 0.0625, 8.5], "texture": "#4"},
				"west": {"uv": [8, 0, 8.0625, 0.5], "texture": "#4"},
				"up": {"uv": [8.0625, 5.3125, 8, 5.25], "texture": "#4"},
				"down": {"uv": [5.5625, 8, 5.5, 8.0625], "texture": "#4"}
			}
		},
		{
			"from": [8.90229, 3.52829, 7.88265],
			"to": [9.00519, 5.62941, 8.11785],
			"rotation": {"angle": -22.5, "axis": "z", "origin": [8.67199, 4.67685, 8.49025]},
			"faces": {
				"north": {"uv": [7.75, 6.5, 7.8125, 7], "texture": "#4"},
				"east": {"uv": [7, 7.75, 7.0625, 8.25], "texture": "#4"},
				"south": {"uv": [7.75, 7, 7.8125, 7.5], "texture": "#4"},
				"west": {"uv": [7.25, 7.75, 7.3125, 8.25], "texture": "#4"},
				"up": {"uv": [8.0625, 5.0625, 8, 5], "texture": "#4"},
				"down": {"uv": [5.3125, 8, 5.25, 8.0625], "texture": "#4"}
			}
		},
		{
			"from": [8.58215, 6.5677, 7.41715],
			"to": [9.19955, 7.68882, 8.58335],
			"rotation": {"angle": -22.5, "axis": "z", "origin": [8.32735, 7.32426, 8.00025]},
			"faces": {
				"north": {"uv": [7.75, 3.75, 7.875, 4], "texture": "#4"},
				"east": {"uv": [7.25, 5.25, 7.5625, 5.5], "texture": "#4"},
				"south": {"uv": [4, 7.75, 4.125, 8], "texture": "#4"},
				"west": {"uv": [7.25, 5.5, 7.5625, 5.75], "texture": "#4"},
				"up": {"uv": [3.125, 8.0625, 3, 7.75], "texture": "#4"},
				"down": {"uv": [7.875, 3, 7.75, 3.3125], "texture": "#4"}
			}
		},
		{
			"from": [6.31049, 6.91949, 7.59222],
			"to": [7.26305, 8.63069, 8.40828],
			"rotation": {"angle": 45, "axis": "z", "origin": [6.94553, 8.48957, 8.00025]},
			"faces": {
				"north": {"uv": [5.75, 7, 6, 7.4375], "texture": "#4"},
				"east": {"uv": [7, 6.25, 7.1875, 6.6875], "texture": "#4"},
				"south": {"uv": [7, 5.75, 7.25, 6.1875], "texture": "#4"},
				"west": {"uv": [6.5, 7, 6.6875, 7.4375], "texture": "#4"},
				"up": {"uv": [1, 7.9375, 0.75, 7.75], "texture": "#4"},
				"down": {"uv": [8, 0.75, 7.75, 0.9375], "texture": "#4"}
			}
		},
		{
			"from": [6.53976, 7.72428, 7.45341],
			"to": [7.22772, 9.08609, 8.54709],
			"rotation": {"angle": -22.5, "axis": "z", "origin": [7.01604, 8.64509, 8.00025]},
			"faces": {
				"north": {"uv": [5, 7.5, 5.1875, 7.8125], "texture": "#4"},
				"east": {"uv": [7.25, 5.75, 7.5, 6.0625], "texture": "#4"},
				"south": {"uv": [5.25, 7.5, 5.4375, 7.8125], "texture": "#4"},
				"west": {"uv": [7.25, 6.25, 7.5, 6.5625], "texture": "#4"},
				"up": {"uv": [0.6875, 8, 0.5, 7.75], "texture": "#4"},
				"down": {"uv": [7.9375, 0.5, 7.75, 0.75], "texture": "#4"}
			}
		},
		{
			"from": [6.55212, 9.0274, 7.47546],
			"to": [7.10778, 10.03641, 8.52504],
			"rotation": {"angle": 22.5, "axis": "z", "origin": [7.3371, 9.7083, 8.00025]},
			"faces": {
				"north": {"uv": [0.25, 8, 0.375, 8.25], "texture": "#4"},
				"east": {"uv": [3, 7.5, 3.25, 7.75], "texture": "#4"},
				"south": {"uv": [0.5, 8, 0.625, 8.25], "texture": "#4"},
				"west": {"uv": [7.5, 3, 7.75, 3.25], "texture": "#4"},
				"up": {"uv": [8.125, 0.75, 8, 0.5], "texture": "#4"},
				"down": {"uv": [0.875, 8, 0.75, 8.25], "texture": "#4"}
			}
		},
		{
			"from": [6.55147, 15.5418, 7.47546],
			"to": [7.10713, 16.55081, 8.52504],
			"rotation": {"angle": -22.5, "axis": "z", "origin": [6.67024, 15.31168, 8.00025]},
			"faces": {
				"north": {"uv": [8, 0.75, 8.125, 1], "texture": "#4"},
				"east": {"uv": [3.5, 7.5, 3.75, 7.75], "texture": "#4"},
				"south": {"uv": [1, 8, 1.125, 8.25], "texture": "#4"},
				"west": {"uv": [7.5, 3.5, 7.75, 3.75], "texture": "#4"},
				"up": {"uv": [8.125, 1.25, 8, 1], "texture": "#4"},
				"down": {"uv": [1.375, 8, 1.25, 8.25], "texture": "#4"}
			}
		},
		{
			"from": [6.91491, 16.3565, 7.47546],
			"to": [7.22057, 17.36551, 8.52504],
			"rotation": {"angle": 45, "axis": "z", "origin": [7.44274, 16.76101, 8.00025]},
			"faces": {
				"north": {"uv": [3.25, 8, 3.3125, 8.25], "texture": "#4"},
				"east": {"uv": [4.25, 7.5, 4.5, 7.75], "texture": "#4"},
				"south": {"uv": [3.5, 8, 3.5625, 8.25], "texture": "#4"},
				"west": {"uv": [7.5, 4.25, 7.75, 4.5], "texture": "#4"},
				"up": {"uv": [8.0625, 3.75, 8, 3.5], "texture": "#4"},
				"down": {"uv": [3.8125, 8, 3.75, 8.25], "texture": "#4"}
			}
		},
		{
			"from": [8.77943, 16.3565, 7.47546],
			"to": [9.08509, 17.36551, 8.52504],
			"rotation": {"angle": -45, "axis": "z", "origin": [8.55726, 16.76101, 8.00025]},
			"faces": {
				"north": {"uv": [8, 3.75, 8.0625, 4], "texture": "#4"},
				"east": {"uv": [4.5, 7.5, 4.75, 7.75], "texture": "#4"},
				"south": {"uv": [4, 8, 4.0625, 8.25], "texture": "#4"},
				"west": {"uv": [7.5, 4.5, 7.75, 4.75], "texture": "#4"},
				"up": {"uv": [8.0625, 4.25, 8, 4], "texture": "#4"},
				"down": {"uv": [4.3125, 8, 4.25, 8.25], "texture": "#4"}
			}
		},
		{
			"from": [8.21491, 8.93449, 7.47546],
			"to": [8.52057, 10.2435, 8.52504],
			"rotation": {"angle": -45, "axis": "z", "origin": [13.14274, 13.73899, 8.00025]},
			"faces": {
				"north": {"uv": [2.5, 8, 2.5625, 8.3125], "texture": "#4"},
				"east": {"uv": [7.25, 6.75, 7.5, 7.0625], "texture": "#4"},
				"south": {"uv": [8, 2.5, 8.0625, 2.8125], "texture": "#4"},
				"west": {"uv": [7, 7.25, 7.25, 7.5625], "texture": "#4"},
				"up": {"uv": [8.0625, 4.5, 8, 4.25], "texture": "#4"},
				"down": {"uv": [4.5625, 8, 4.5, 8.25], "texture": "#4"}
			}
		},
		{
			"from": [7.47943, 8.93449, 7.47546],
			"to": [7.78509, 10.2435, 8.52504],
			"rotation": {"angle": 45, "axis": "z", "origin": [2.85726, 13.73899, 8.00025]},
			"faces": {
				"north": {"uv": [2.75, 8, 2.8125, 8.3125], "texture": "#4"},
				"east": {"uv": [7.25, 7.25, 7.5, 7.5625], "texture": "#4"},
				"south": {"uv": [8, 3, 8.0625, 3.3125], "texture": "#4"},
				"west": {"uv": [7.5, 0, 7.75, 0.3125], "texture": "#4"},
				"up": {"uv": [8.0625, 4.75, 8, 4.5], "texture": "#4"},
				"down": {"uv": [4.8125, 8, 4.75, 8.25], "texture": "#4"}
			}
		},
		{
			"from": [6.23456, 15.16286, 7.45341],
			"to": [7.12137, 15.85082, 8.54709],
			"rotation": {"angle": 22.5, "axis": "z", "origin": [6.67024, 15.31168, 8.00025]},
			"faces": {
				"north": {"uv": [7.75, 1, 8, 1.1875], "texture": "#4"},
				"east": {"uv": [7.75, 1.25, 8, 1.4375], "texture": "#4"},
				"south": {"uv": [7.75, 1.5, 8, 1.6875], "texture": "#4"},
				"west": {"uv": [7.75, 1.75, 8, 1.9375], "texture": "#4"},
				"up": {"uv": [3.5, 7.75, 3.25, 7.5], "texture": "#4"},
				"down": {"uv": [7.75, 3.25, 7.5, 3.5], "texture": "#4"}
			}
		},
		{
			"from": [6.43567, 13.94344, 7.59222],
			"to": [7.11323, 15.15464, 8.40828],
			"rotation": {"angle": 22.5, "axis": "z", "origin": [6.73695, 14.79904, 8.00025]},
			"faces": {
				"north": {"uv": [5.5, 7.5, 5.6875, 7.8125], "texture": "#4"},
				"east": {"uv": [5.75, 7.5, 5.9375, 7.8125], "texture": "#4"},
				"south": {"uv": [7.5, 5.75, 7.6875, 6.0625], "texture": "#4"},
				"west": {"uv": [6, 7.5, 6.1875, 7.8125], "texture": "#4"},
				"up": {"uv": [3.4375, 7.9375, 3.25, 7.75], "texture": "#4"},
				"down": {"uv": [3.6875, 7.75, 3.5, 7.9375], "texture": "#4"}
			}
		},
		{
			"from": [8.88677, 13.94344, 7.59222],
			"to": [9.56433, 15.15464, 8.40828],
			"rotation": {"angle": -22.5, "axis": "z", "origin": [9.26305, 14.79904, 8.00025]},
			"faces": {
				"north": {"uv": [6.25, 7.5, 6.4375, 7.8125], "texture": "#4"},
				"east": {"uv": [7.5, 6.25, 7.6875, 6.5625], "texture": "#4"},
				"south": {"uv": [6.5, 7.5, 6.6875, 7.8125], "texture": "#4"},
				"west": {"uv": [6.75, 7.5, 6.9375, 7.8125], "texture": "#4"},
				"up": {"uv": [7.9375, 3.6875, 7.75, 3.5], "texture": "#4"},
				"down": {"uv": [3.9375, 7.75, 3.75, 7.9375], "texture": "#4"}
			}
		},
		{
			"from": [8.87863, 15.16286, 7.45341],
			"to": [9.76544, 15.85082, 8.54709],
			"rotation": {"angle": -22.5, "axis": "z", "origin": [9.32976, 15.31168, 8.00025]},
			"faces": {
				"north": {"uv": [7.75, 2, 8, 2.1875], "texture": "#4"},
				"east": {"uv": [7.75, 2.25, 8, 2.4375], "texture": "#4"},
				"south": {"uv": [7.75, 2.5, 8, 2.6875], "texture": "#4"},
				"west": {"uv": [7.75, 2.75, 8, 2.9375], "texture": "#4"},
				"up": {"uv": [4.25, 7.75, 4, 7.5], "texture": "#4"},
				"down": {"uv": [7.75, 4, 7.5, 4.25], "texture": "#4"}
			}
		},
		{
			"from": [8.89287, 15.5418, 7.47546],
			"to": [9.44853, 16.55081, 8.52504],
			"rotation": {"angle": 22.5, "axis": "z", "origin": [9.32976, 15.31168, 8.00025]},
			"faces": {
				"north": {"uv": [8, 1.25, 8.125, 1.5], "texture": "#4"},
				"east": {"uv": [3.75, 7.5, 4, 7.75], "texture": "#4"},
				"south": {"uv": [1.5, 8, 1.625, 8.25], "texture": "#4"},
				"west": {"uv": [7.5, 3.75, 7.75, 4], "texture": "#4"},
				"up": {"uv": [8.125, 1.75, 8, 1.5], "texture": "#4"},
				"down": {"uv": [1.875, 8, 1.75, 8.25], "texture": "#4"}
			}
		},
		{
			"from": [7.12589, 2.79166, 7.44165],
			"to": [7.89029, 3.71678, 8.55885],
			"rotation": {"angle": -22.5, "axis": "z", "origin": [7.36109, 2.69366, 8.00025]},
			"faces": {
				"north": {"uv": [7.5, 7.25, 7.6875, 7.5], "texture": "#4"},
				"east": {"uv": [7.5, 2.5, 7.75, 2.75], "texture": "#4"},
				"south": {"uv": [7.5, 7.5, 7.6875, 7.75], "texture": "#4"},
				"west": {"uv": [7.5, 2.75, 7.75, 3], "texture": "#4"},
				"up": {"uv": [0.1875, 8, 0, 7.75], "texture": "#4"},
				"down": {"uv": [7.9375, 0, 7.75, 0.25], "texture": "#4"}
			}
		},
		{
			"from": [7.67565, 1.58875, 7.51515],
			"to": [8.29305, 2.70987, 8.53435],
			"rotation": {"angle": 22.5, "axis": "z", "origin": [7.00435, 1.51231, 8.00025]},
			"faces": {
				"north": {"uv": [7.75, 4, 7.875, 4.25], "texture": "#4"},
				"east": {"uv": [7.5, 2, 7.75, 2.25], "texture": "#4"},
				"south": {"uv": [4.25, 7.75, 4.375, 8], "texture": "#4"},
				"west": {"uv": [7.5, 2.25, 7.75, 2.5], "texture": "#4"},
				"up": {"uv": [7.875, 4.5, 7.75, 4.25], "texture": "#4"},
				"down": {"uv": [4.625, 7.75, 4.5, 8], "texture": "#4"}
			}
		},
		{
			"from": [7.6, 4, 7.5],
			"to": [8.4, 10, 8.5],
			"rotation": {"angle": 0, "axis": "y", "origin": [13, -5, 9]},
			"faces": {
				"north": {"uv": [2, 6.5, 2.1875, 8], "texture": "#4"},
				"east": {"uv": [1, 6.5, 1.25, 8], "texture": "#4"},
				"south": {"uv": [2.25, 6.5, 2.4375, 8], "texture": "#4"},
				"west": {"uv": [1.25, 6.5, 1.5, 8], "texture": "#4"},
				"up": {"uv": [7.6875, 7, 7.5, 6.75], "texture": "#4"},
				"down": {"uv": [7.6875, 7, 7.5, 7.25], "texture": "#4"}
			}
		},
		{
			"from": [7.6, 10, 7.5],
			"to": [8.4, 13, 8.5],
			"rotation": {"angle": 0, "axis": "y", "origin": [13, -5, 9]},
			"faces": {
				"north": {"uv": [2.5, 6.5, 2.6875, 8], "texture": "#4"},
				"east": {"uv": [1.5, 6.5, 1.75, 8], "texture": "#4"},
				"south": {"uv": [2.75, 6.5, 2.9375, 8], "texture": "#4"},
				"west": {"uv": [1.75, 6.5, 2, 8], "texture": "#4"},
				"up": {"uv": [0.4375, 8, 0.25, 7.75], "texture": "#4"},
				"down": {"uv": [7.9375, 0.25, 7.75, 0.5], "texture": "#4"}
			}
		},
		{
			"from": [7.35, 10, 7.25],
			"to": [8.65, 10.25, 8.75],
			"rotation": {"angle": 0, "axis": "y", "origin": [13, -5, 9]},
			"faces": {
				"north": {"uv": [8, 2, 8.3125, 2.0625], "texture": "#4"},
				"east": {"uv": [8, 1.75, 8.375, 1.8125], "texture": "#4"},
				"south": {"uv": [8, 2.25, 8.3125, 2.3125], "texture": "#4"},
				"west": {"uv": [2, 8, 2.375, 8.0625], "texture": "#4"},
				"up": {"uv": [4.3125, 7.375, 4, 7], "texture": "#4"},
				"down": {"uv": [4.8125, 7, 4.5, 7.375], "texture": "#4"}
			}
		},
		{
			"from": [6, 12.5, 7.25],
			"to": [8, 14.5, 8.75],
			"rotation": {"angle": -45, "axis": "z", "origin": [8, 12.5, 8]},
			"faces": {
				"north": {"uv": [3, 6.5, 3.5, 7], "texture": "#4"},
				"east": {"uv": [4, 6.5, 4.375, 7], "texture": "#4"},
				"south": {"uv": [3.5, 6.5, 4, 7], "texture": "#4"},
				"west": {"uv": [4.5, 6.5, 4.875, 7], "texture": "#4"},
				"up": {"uv": [5.5, 6.875, 5, 6.5], "texture": "#4"},
				"down": {"uv": [6, 6.5, 5.5, 6.875], "texture": "#4"}
			}
		},
		{
			"from": [7.8, 11.5, 7.1],
			"to": [11.8, 16.5, 7.1],
			"rotation": {"angle": 22.5, "axis": "y", "origin": [10, 14, 7.5]},
			"faces": {
				"north": {"uv": [0, 5.25, 1, 6.5], "texture": "#4"},
				"east": {"uv": [0, 0, 0, 1.25], "texture": "#4"},
				"south": {"uv": [1, 5.25, 2, 6.5], "texture": "#4"},
				"west": {"uv": [0, 0, 0, 1.25], "texture": "#4"},
				"up": {"uv": [1, 0, 0, 0], "texture": "#4"},
				"down": {"uv": [1, 0, 0, 0], "texture": "#4"}
			}
		},
		{
			"from": [7.8, 11.5, 8.9],
			"to": [11.8, 16.5, 8.9],
			"rotation": {"angle": -22.5, "axis": "y", "origin": [10, 14, 8.5]},
			"faces": {
				"north": {"uv": [6, 5.25, 7, 6.5], "texture": "#4"},
				"east": {"uv": [0, 0, 0, 1.25], "texture": "#4"},
				"south": {"uv": [0, 6.5, 1, 7.75], "texture": "#4"},
				"west": {"uv": [0, 0, 0, 1.25], "texture": "#4"},
				"up": {"uv": [1, 0, 0, 0], "texture": "#4"},
				"down": {"uv": [1, 0, 0, 0], "texture": "#4"}
			}
		},
		{
			"from": [4.2, 11.5, 7.1],
			"to": [8.2, 16.5, 7.1],
			"rotation": {"angle": -22.5, "axis": "y", "origin": [6, 14, 7.5]},
			"faces": {
				"north": {"uv": [2, 5.25, 3, 6.5], "texture": "#4"},
				"east": {"uv": [0, 0, 0, 1.25], "texture": "#4"},
				"south": {"uv": [3, 5.25, 4, 6.5], "texture": "#4"},
				"west": {"uv": [0, 0, 0, 1.25], "texture": "#4"},
				"up": {"uv": [1, 0, 0, 0], "texture": "#4"},
				"down": {"uv": [1, 0, 0, 0], "texture": "#4"}
			}
		},
		{
			"from": [4.2, 11.5, 8.9],
			"to": [8.2, 16.5, 8.9],
			"rotation": {"angle": 22.5, "axis": "y", "origin": [6, 14, 8.5]},
			"faces": {
				"north": {"uv": [4, 5.25, 5, 6.5], "texture": "#4"},
				"east": {"uv": [0, 0, 0, 1.25], "texture": "#4"},
				"south": {"uv": [5, 5.25, 6, 6.5], "texture": "#4"},
				"west": {"uv": [0, 0, 0, 1.25], "texture": "#4"},
				"up": {"uv": [1, 0, 0, 0], "texture": "#4"},
				"down": {"uv": [1, 0, 0, 0], "texture": "#4"}
			}
		},
		{
			"from": [4, 6, 8.3],
			"to": [12, 15, 8.3],
			"faces": {
				"north": {"uv": [5.3, 0, 14.8, 9.3], "texture": "#1"},
				"east": {"uv": [0, 0, 0.26563, 0.29062], "texture": "#missing"},
				"south": {"uv": [14.8, 0, 5.3, 9.3], "texture": "#1"},
				"west": {"uv": [0, 0, 0.26563, 0.29062], "texture": "#missing"},
				"up": {"uv": [0, 0, 0.45625, 0.15], "texture": "#missing"},
				"down": {"uv": [0, 0, 0.45625, 0.15], "texture": "#missing"}
			}
		},
		{
			"from": [0.875, 9, 8],
			"to": [15.875, 30, 8],
			"rotation": {"angle": 0, "axis": "y", "origin": [0, -2, 0]},
			"faces": {
				"north": {"uv": [0, 0, 3.75, 5.25], "texture": "#4"},
				"east": {"uv": [0, 0, 0, 5.25], "texture": "#4"},
				"south": {"uv": [3.75, 0, 7.5, 5.25], "texture": "#4"},
				"west": {"uv": [0, 0, 0, 5.25], "texture": "#4"},
				"up": {"uv": [3.75, 0, 0, 0], "texture": "#4"},
				"down": {"uv": [3.75, 0, 0, 0], "texture": "#4"}
			}
		}
	],
	"gui_light": "front",
	"display": {
		"thirdperson_righthand": {
			"rotation": [151.75, 81.5, -137.75],
			"translation": [0, -1.75, 2.25],
			"scale": [1.4, 1.4, 1.4]
		},
		"thirdperson_lefthand": {
			"rotation": [71.83, -87.45, 56.32],
			"translation": [0, -1.25, 1],
			"scale": [1.3, 1.3, 1.3]
		},
		"firstperson_righthand": {
			"rotation": [103.27, 84.36, -117.32],
			"translation": [4.5, 0.5, 0],
			"scale": [0.8, 0.8, 0.8]
		},
		"firstperson_lefthand": {
			"rotation": [-1, -69.56, 8.91],
			"translation": [3.75, 1, 0],
			"scale": [0.8, 0.8, 0.8]
		},
		"ground": {
			"translation": [0, 5.25, 0]
		},
		"gui": {
			"rotation": [177.56, 176, 141],
			"translation": [-4, -3.75, 0],
			"scale": [0.8, 0.8, 0.8]
		},
		"head": {
			"translation": [0, 4.5, 0],
			"scale": [0, 0, 0]
		},
		"fixed": {
			"translation": [0, -6.5, 0]
		}
	}
}