{
	"credit": "Made with NN Blockbench",
	"texture_size": [32, 32],
	"textures": {
		"1": "butterflyqueen:butterflyqueen/butterflyqueen_blossom2",
		"4": "butterflyqueen:butterflyqueen/butterflyqueen_shovel",
		"particle": "butterflyqueen:butterflyqueen/butterflyqueen_blossom2"
	},
	"elements": [
		{
			"from": [8.40964, 4.55891, 7.43577],
			"to": [9.46804, 6.12691, 8.56473],
			"rotation": {"angle": -45, "axis": "z", "origin": [8.76244, 5.97011, 8.00025]},
			"faces": {
				"north": {"uv": [10.5, 5, 11, 5.75], "texture": "#4"},
				"east": {"uv": [9.5, 5, 10.125, 5.75], "texture": "#4"},
				"south": {"uv": [9, 10.5, 9.5, 11.25], "texture": "#4"},
				"west": {"uv": [9, 9.5, 9.625, 10.25], "texture": "#4"},
				"up": {"uv": [0.5, 11.625, 0, 11], "texture": "#4"},
				"down": {"uv": [11.5, 0, 11, 0.625], "texture": "#4"}
			}
		},
		{
			"from": [7.49798, 3.43307, 7.46077],
			"to": [8.55638, 5.19707, 8.53973],
			"rotation": {"angle": 0, "axis": "y", "origin": [7.21574, 4.17395, 8.00025]},
			"faces": {
				"north": {"uv": [10, 10, 10.5, 10.875], "texture": "#4"},
				"east": {"uv": [10.5, 0, 11, 0.875], "texture": "#4"},
				"south": {"uv": [10.5, 1, 11, 1.875], "texture": "#4"},
				"west": {"uv": [10.5, 2, 11, 2.875], "texture": "#4"},
				"up": {"uv": [4.5, 11.5, 4, 11], "texture": "#4"},
				"down": {"uv": [5, 11, 4.5, 11.5], "texture": "#4"}
			}
		},
		{
			"from": [8.44889, 5.11979, 7.39265],
			"to": [9.21329, 6.63291, 8.60785],
			"rotation": {"angle": 22.5, "axis": "z", "origin": [8.68409, 6.14291, 8.00025]},
			"faces": {
				"north": {"uv": [3.5, 11, 3.875, 11.75], "texture": "#4"},
				"east": {"uv": [10, 6, 10.625, 6.75], "texture": "#4"},
				"south": {"uv": [11, 3.5, 11.375, 4.25], "texture": "#4"},
				"west": {"uv": [10, 7, 10.625, 7.75], "texture": "#4"},
				"up": {"uv": [11.875, 0.625, 11.5, 0], "texture": "#4"},
				"down": {"uv": [0.875, 11.5, 0.5, 12.125], "texture": "#4"}
			}
		},
		{
			"from": [8.70629, 3.52829, 7.88265],
			"to": [8.80919, 5.62941, 8.11785],
			"rotation": {"angle": -22.5, "axis": "z", "origin": [8.67199, 4.67685, 8.49025]},
			"faces": {
				"north": {"uv": [12, 3, 12.125, 4], "texture": "#4"},
				"east": {"uv": [3.5, 12, 3.625, 13], "texture": "#4"},
				"south": {"uv": [12, 4, 12.125, 5], "texture": "#4"},
				"west": {"uv": [12, 5, 12.125, 6], "texture": "#4"},
				"up": {"uv": [12.625, 5.625, 12.5, 5.5], "texture": "#4"},
				"down": {"uv": [12.625, 6, 12.5, 6.125], "texture": "#4"}
			}
		},
		{
			"from": [8.51029, 3.52829, 7.88265],
			"to": [8.61319, 5.62941, 8.11785],
			"rotation": {"angle": -22.5, "axis": "z", "origin": [8.67199, 4.67685, 8.49025]},
			"faces": {
				"north": {"uv": [12, 7, 12.125, 8], "texture": "#4"},
				"east": {"uv": [7.5, 12, 7.625, 13], "texture": "#4"},
				"south": {"uv": [8, 12, 8.125, 13], "texture": "#4"},
				"west": {"uv": [12, 8, 12.125, 9], "texture": "#4"},
				"up": {"uv": [12.625, 7.625, 12.5, 7.5], "texture": "#4"},
				"down": {"uv": [12.625, 8, 12.5, 8.125], "texture": "#4"}
			}
		},
		{
			"from": [8.90229, 3.52829, 7.88265],
			"to": [9.00519, 5.62941, 8.11785],
			"rotation": {"angle": -22.5, "axis": "z", "origin": [8.67199, 4.67685, 8.49025]},
			"faces": {
				"north": {"uv": [6, 12, 6.125, 13], "texture": "#4"},
				"east": {"uv": [12, 6, 12.125, 7], "texture": "#4"},
				"south": {"uv": [6.5, 12, 6.625, 13], "texture": "#4"},
				"west": {"uv": [7, 12, 7.125, 13], "texture": "#4"},
				"up": {"uv": [12.625, 6.625, 12.5, 6.5], "texture": "#4"},
				"down": {"uv": [12.625, 7, 12.5, 7.125], "texture": "#4"}
			}
		},
		{
			"from": [8.58215, 6.5677, 7.41715],
			"to": [9.19955, 7.68882, 8.58335],
			"rotation": {"angle": -22.5, "axis": "z", "origin": [8.32735, 7.32426, 8.00025]},
			"faces": {
				"north": {"uv": [12, 1.5, 12.25, 2], "texture": "#4"},
				"east": {"uv": [0.5, 11, 1.125, 11.5], "texture": "#4"},
				"south": {"uv": [2, 12, 2.25, 12.5], "texture": "#4"},
				"west": {"uv": [11, 1, 11.625, 1.5], "texture": "#4"},
				"up": {"uv": [11.75, 11.625, 11.5, 11], "texture": "#4"},
				"down": {"uv": [0.25, 12, 0, 12.625], "texture": "#4"}
			}
		},
		{
			"from": [6.31049, 6.91949, 7.59222],
			"to": [7.26305, 8.63069, 8.40828],
			"rotation": {"angle": 45, "axis": "z", "origin": [6.94553, 8.48957, 8.00025]},
			"faces": {
				"north": {"uv": [10.5, 3, 11, 3.875], "texture": "#4"},
				"east": {"uv": [9.5, 10.5, 9.875, 11.375], "texture": "#4"},
				"south": {"uv": [10.5, 4, 11, 4.875], "texture": "#4"},
				"west": {"uv": [10.5, 10, 10.875, 10.875], "texture": "#4"},
				"up": {"uv": [12, 8.875, 11.5, 8.5], "texture": "#4"},
				"down": {"uv": [9.5, 11.5, 9, 11.875], "texture": "#4"}
			}
		},
		{
			"from": [6.53976, 7.72428, 7.45341],
			"to": [7.22772, 9.08609, 8.54709],
			"rotation": {"angle": -22.5, "axis": "z", "origin": [7.01604, 8.64509, 8.00025]},
			"faces": {
				"north": {"uv": [1, 11.5, 1.375, 12.125], "texture": "#4"},
				"east": {"uv": [1.5, 11, 2, 11.625], "texture": "#4"},
				"south": {"uv": [11.5, 1.5, 11.875, 2.125], "texture": "#4"},
				"west": {"uv": [11, 1.5, 11.5, 2.125], "texture": "#4"},
				"up": {"uv": [11.875, 8.5, 11.5, 8], "texture": "#4"},
				"down": {"uv": [8.875, 11.5, 8.5, 12], "texture": "#4"}
			}
		},
		{
			"from": [6.55212, 9.0274, 7.47546],
			"to": [7.10778, 10.03641, 8.52504],
			"rotation": {"angle": 22.5, "axis": "z", "origin": [7.3371, 9.7083, 8.00025]},
			"faces": {
				"north": {"uv": [8.5, 12, 8.75, 12.5], "texture": "#4"},
				"east": {"uv": [11, 5.5, 11.5, 6], "texture": "#4"},
				"south": {"uv": [9, 12, 9.25, 12.5], "texture": "#4"},
				"west": {"uv": [11, 6, 11.5, 6.5], "texture": "#4"},
				"up": {"uv": [12.25, 9.5, 12, 9], "texture": "#4"},
				"down": {"uv": [9.75, 12, 9.5, 12.5], "texture": "#4"}
			}
		},
		{
			"from": [6.55147, 17.5418, 7.47546],
			"to": [7.10713, 18.55081, 8.52504],
			"rotation": {"angle": -22.5, "axis": "z", "origin": [6.67024, 17.31168, 8.00025]},
			"faces": {
				"north": {"uv": [12, 9.5, 12.25, 10], "texture": "#4"},
				"east": {"uv": [11, 7.5, 11.5, 8], "texture": "#4"},
				"south": {"uv": [10, 12, 10.25, 12.5], "texture": "#4"},
				"west": {"uv": [11, 8, 11.5, 8.5], "texture": "#4"},
				"up": {"uv": [12.25, 10.5, 12, 10], "texture": "#4"},
				"down": {"uv": [10.75, 12, 10.5, 12.5], "texture": "#4"}
			}
		},
		{
			"from": [6.91491, 18.3565, 7.47546],
			"to": [7.22057, 19.36551, 8.52504],
			"rotation": {"angle": 45, "axis": "z", "origin": [7.44274, 18.76101, 8.00025]},
			"faces": {
				"north": {"uv": [2.5, 12.5, 2.625, 13], "texture": "#4"},
				"east": {"uv": [11, 10, 11.5, 10.5], "texture": "#4"},
				"south": {"uv": [12.5, 2.5, 12.625, 3], "texture": "#4"},
				"west": {"uv": [10.5, 11, 11, 11.5], "texture": "#4"},
				"up": {"uv": [3.125, 13, 3, 12.5], "texture": "#4"},
				"down": {"uv": [12.625, 3, 12.5, 3.5], "texture": "#4"}
			}
		},
		{
			"from": [8.77943, 18.3565, 7.47546],
			"to": [9.08509, 19.36551, 8.52504],
			"rotation": {"angle": -45, "axis": "z", "origin": [8.55726, 18.76101, 8.00025]},
			"faces": {
				"north": {"uv": [12.5, 3.5, 12.625, 4], "texture": "#4"},
				"east": {"uv": [11, 10.5, 11.5, 11], "texture": "#4"},
				"south": {"uv": [4, 12.5, 4.125, 13], "texture": "#4"},
				"west": {"uv": [11, 11, 11.5, 11.5], "texture": "#4"},
				"up": {"uv": [12.625, 4.5, 12.5, 4], "texture": "#4"},
				"down": {"uv": [4.625, 12.5, 4.5, 13], "texture": "#4"}
			}
		},
		{
			"from": [8.21491, 10.93449, 7.47546],
			"to": [8.52057, 12.2435, 8.52504],
			"rotation": {"angle": -45, "axis": "z", "origin": [13.14274, 15.73899, 8.00025]},
			"faces": {
				"north": {"uv": [12.5, 0.5, 12.625, 1.125], "texture": "#4"},
				"east": {"uv": [2, 11, 2.5, 11.625], "texture": "#4"},
				"south": {"uv": [1.5, 12.5, 1.625, 13.125], "texture": "#4"},
				"west": {"uv": [2.5, 11, 3, 11.625], "texture": "#4"},
				"up": {"uv": [12.625, 5, 12.5, 4.5], "texture": "#4"},
				"down": {"uv": [5.125, 12.5, 5, 13], "texture": "#4"}
			}
		},
		{
			"from": [7.47943, 10.93449, 7.47546],
			"to": [7.78509, 12.2435, 8.52504],
			"rotation": {"angle": 45, "axis": "z", "origin": [2.85726, 15.73899, 8.00025]},
			"faces": {
				"north": {"uv": [12.5, 1.5, 12.625, 2.125], "texture": "#4"},
				"east": {"uv": [11, 2.5, 11.5, 3.125], "texture": "#4"},
				"south": {"uv": [2, 12.5, 2.125, 13.125], "texture": "#4"},
				"west": {"uv": [3, 11, 3.5, 11.625], "texture": "#4"},
				"up": {"uv": [12.625, 5.5, 12.5, 5], "texture": "#4"},
				"down": {"uv": [5.625, 12.5, 5.5, 13], "texture": "#4"}
			}
		},
		{
			"from": [6.23456, 17.16286, 7.45341],
			"to": [7.12137, 17.85082, 8.54709],
			"rotation": {"angle": 22.5, "axis": "z", "origin": [6.67024, 17.31168, 8.00025]},
			"faces": {
				"north": {"uv": [11.5, 9, 12, 9.375], "texture": "#4"},
				"east": {"uv": [9.5, 11.5, 10, 11.875], "texture": "#4"},
				"south": {"uv": [11.5, 9.5, 12, 9.875], "texture": "#4"},
				"west": {"uv": [10, 11.5, 10.5, 11.875], "texture": "#4"},
				"up": {"uv": [11.5, 7, 11, 6.5], "texture": "#4"},
				"down": {"uv": [11.5, 7, 11, 7.5], "texture": "#4"}
			}
		},
		{
			"from": [6.43567, 15.94344, 7.59222],
			"to": [7.11323, 17.15464, 8.40828],
			"rotation": {"angle": 22.5, "axis": "z", "origin": [6.73695, 16.79904, 8.00025]},
			"faces": {
				"north": {"uv": [11.5, 2.5, 11.875, 3.125], "texture": "#4"},
				"east": {"uv": [11.5, 3.5, 11.875, 4.125], "texture": "#4"},
				"south": {"uv": [4, 11.5, 4.375, 12.125], "texture": "#4"},
				"west": {"uv": [4.5, 11.5, 4.875, 12.125], "texture": "#4"},
				"up": {"uv": [12.375, 0.375, 12, 0], "texture": "#4"},
				"down": {"uv": [12.375, 0.5, 12, 0.875], "texture": "#4"}
			}
		},
		{
			"from": [8.88677, 15.94344, 7.59222],
			"to": [9.56433, 17.15464, 8.40828],
			"rotation": {"angle": -22.5, "axis": "z", "origin": [9.26305, 16.79904, 8.00025]},
			"faces": {
				"north": {"uv": [11.5, 4.5, 11.875, 5.125], "texture": "#4"},
				"east": {"uv": [5, 11.5, 5.375, 12.125], "texture": "#4"},
				"south": {"uv": [5.5, 11.5, 5.875, 12.125], "texture": "#4"},
				"west": {"uv": [11.5, 5.5, 11.875, 6.125], "texture": "#4"},
				"up": {"uv": [12.375, 1.375, 12, 1], "texture": "#4"},
				"down": {"uv": [1.875, 12, 1.5, 12.375], "texture": "#4"}
			}
		},
		{
			"from": [8.87863, 17.16286, 7.45341],
			"to": [9.76544, 17.85082, 8.54709],
			"rotation": {"angle": -22.5, "axis": "z", "origin": [9.32976, 17.31168, 8.00025]},
			"faces": {
				"north": {"uv": [11.5, 10, 12, 10.375], "texture": "#4"},
				"east": {"uv": [10.5, 11.5, 11, 11.875], "texture": "#4"},
				"south": {"uv": [11.5, 10.5, 12, 10.875], "texture": "#4"},
				"west": {"uv": [11, 11.5, 11.5, 11.875], "texture": "#4"},
				"up": {"uv": [11.5, 10, 11, 9.5], "texture": "#4"},
				"down": {"uv": [10.5, 11, 10, 11.5], "texture": "#4"}
			}
		},
		{
			"from": [8.89287, 17.5418, 7.47546],
			"to": [9.44853, 18.55081, 8.52504],
			"rotation": {"angle": 22.5, "axis": "z", "origin": [9.32976, 17.31168, 8.00025]},
			"faces": {
				"north": {"uv": [12, 10.5, 12.25, 11], "texture": "#4"},
				"east": {"uv": [11, 8.5, 11.5, 9], "texture": "#4"},
				"south": {"uv": [11, 12, 11.25, 12.5], "texture": "#4"},
				"west": {"uv": [11, 9, 11.5, 9.5], "texture": "#4"},
				"up": {"uv": [12.25, 11.5, 12, 11], "texture": "#4"},
				"down": {"uv": [11.75, 12, 11.5, 12.5], "texture": "#4"}
			}
		},
		{
			"from": [7.12589, 2.79166, 7.44165],
			"to": [7.89029, 3.71678, 8.55885],
			"rotation": {"angle": -22.5, "axis": "z", "origin": [7.36109, 2.69366, 8.00025]},
			"faces": {
				"north": {"uv": [11.5, 6.5, 11.875, 7], "texture": "#4"},
				"east": {"uv": [11, 5, 11.5, 5.5], "texture": "#4"},
				"south": {"uv": [7, 11.5, 7.375, 12], "texture": "#4"},
				"west": {"uv": [5.5, 11, 6, 11.5], "texture": "#4"},
				"up": {"uv": [11.875, 7.5, 11.5, 7], "texture": "#4"},
				"down": {"uv": [7.875, 11.5, 7.5, 12], "texture": "#4"}
			}
		},
		{
			"from": [7.67565, 1.58875, 7.51515],
			"to": [8.29305, 2.70987, 8.53435],
			"rotation": {"angle": 22.5, "axis": "z", "origin": [7.00435, 1.51231, 8.00025]},
			"faces": {
				"north": {"uv": [12, 2, 12.25, 2.5], "texture": "#4"},
				"east": {"uv": [11, 4.5, 11.5, 5], "texture": "#4"},
				"south": {"uv": [2.5, 12, 2.75, 12.5], "texture": "#4"},
				"west": {"uv": [5, 11, 5.5, 11.5], "texture": "#4"},
				"up": {"uv": [12.25, 3, 12, 2.5], "texture": "#4"},
				"down": {"uv": [3.25, 12, 3, 12.5], "texture": "#4"}
			}
		},
		{
			"from": [7.6, 4, 7.5],
			"to": [8.4, 10, 8.5],
			"rotation": {"angle": 0, "axis": "y", "origin": [13, -5, 9]},
			"faces": {
				"north": {"uv": [8, 8.5, 8.375, 11.5], "texture": "#4"},
				"east": {"uv": [6, 8.5, 6.5, 11.5], "texture": "#4"},
				"south": {"uv": [8.5, 8.5, 8.875, 11.5], "texture": "#4"},
				"west": {"uv": [6.5, 8.5, 7, 11.5], "texture": "#4"},
				"up": {"uv": [6.375, 12, 6, 11.5], "texture": "#4"},
				"down": {"uv": [6.875, 11.5, 6.5, 12], "texture": "#4"}
			}
		},
		{
			"from": [7.6, 10, 7.5],
			"to": [8.4, 16, 8.5],
			"rotation": {"angle": 0, "axis": "y", "origin": [13, -5, 9]},
			"faces": {
				"north": {"uv": [9, 0, 9.375, 3], "texture": "#4"},
				"east": {"uv": [7, 8.5, 7.5, 11.5], "texture": "#4"},
				"south": {"uv": [9, 3, 9.375, 6], "texture": "#4"},
				"west": {"uv": [7.5, 8.5, 8, 11.5], "texture": "#4"},
				"up": {"uv": [11.875, 8, 11.5, 7.5], "texture": "#4"},
				"down": {"uv": [8.375, 11.5, 8, 12], "texture": "#4"}
			}
		},
		{
			"from": [7.35, 10, 7.25],
			"to": [8.65, 10.25, 8.75],
			"rotation": {"angle": 0, "axis": "y", "origin": [13, -5, 9]},
			"faces": {
				"north": {"uv": [12.5, 0, 13.125, 0.125], "texture": "#4"},
				"east": {"uv": [12, 11.5, 12.75, 11.625], "texture": "#4"},
				"south": {"uv": [0.5, 12.5, 1.125, 12.625], "texture": "#4"},
				"west": {"uv": [12, 12, 12.75, 12.125], "texture": "#4"},
				"up": {"uv": [10.625, 8.75, 10, 8], "texture": "#4"},
				"down": {"uv": [10.625, 9, 10, 9.75], "texture": "#4"}
			}
		},
		{
			"from": [6, 14.5, 7.25],
			"to": [8, 16.5, 8.75],
			"rotation": {"angle": -45, "axis": "z", "origin": [8, 14.5, 8]},
			"faces": {
				"north": {"uv": [9, 8.5, 10, 9.5], "texture": "#4"},
				"east": {"uv": [9.5, 1, 10.25, 2], "texture": "#4"},
				"south": {"uv": [9.5, 0, 10.5, 1], "texture": "#4"},
				"west": {"uv": [9.5, 2, 10.25, 3], "texture": "#4"},
				"up": {"uv": [10.5, 3.75, 9.5, 3], "texture": "#4"},
				"down": {"uv": [10.5, 4, 9.5, 4.75], "texture": "#4"}
			}
		},
		{
			"from": [7.8, 13.5, 7.1],
			"to": [11.8, 18.5, 7.1],
			"rotation": {"angle": 22.5, "axis": "y", "origin": [10, 16, 7.5]},
			"faces": {
				"north": {"uv": [0, 6, 2, 8.5], "texture": "#4"},
				"east": {"uv": [0, 0, 0, 2.5], "texture": "#4"},
				"south": {"uv": [2, 6, 4, 8.5], "texture": "#4"},
				"west": {"uv": [0, 0, 0, 2.5], "texture": "#4"},
				"up": {"uv": [2, 0, 0, 0], "texture": "#4"},
				"down": {"uv": [2, 0, 0, 0], "texture": "#4"}
			}
		},
		{
			"from": [7.8, 13.5, 8.9],
			"to": [11.8, 18.5, 8.9],
			"rotation": {"angle": -22.5, "axis": "y", "origin": [10, 16, 8.5]},
			"faces": {
				"north": {"uv": [2, 8.5, 4, 11], "texture": "#4"},
				"east": {"uv": [0, 0, 0, 2.5], "texture": "#4"},
				"south": {"uv": [4, 8.5, 6, 11], "texture": "#4"},
				"west": {"uv": [0, 0, 0, 2.5], "texture": "#4"},
				"up": {"uv": [2, 0, 0, 0], "texture": "#4"},
				"down": {"uv": [2, 0, 0, 0], "texture": "#4"}
			}
		},
		{
			"from": [4.2, 13.5, 7.1],
			"to": [8.2, 18.5, 7.1],
			"rotation": {"angle": -22.5, "axis": "y", "origin": [6, 16, 7.5]},
			"faces": {
				"north": {"uv": [4, 6, 6, 8.5], "texture": "#4"},
				"east": {"uv": [0, 0, 0, 2.5], "texture": "#4"},
				"south": {"uv": [6, 6, 8, 8.5], "texture": "#4"},
				"west": {"uv": [0, 0, 0, 2.5], "texture": "#4"},
				"up": {"uv": [2, 0, 0, 0], "texture": "#4"},
				"down": {"uv": [2, 0, 0, 0], "texture": "#4"}
			}
		},
		{
			"from": [4.2, 13.5, 8.9],
			"to": [8.2, 18.5, 8.9],
			"rotation": {"angle": 22.5, "axis": "y", "origin": [6, 16, 8.5]},
			"faces": {
				"north": {"uv": [8, 6, 10, 8.5], "texture": "#4"},
				"east": {"uv": [0, 0, 0, 2.5], "texture": "#4"},
				"south": {"uv": [0, 8.5, 2, 11], "texture": "#4"},
				"west": {"uv": [0, 0, 0, 2.5], "texture": "#4"},
				"up": {"uv": [2, 0, 0, 0], "texture": "#4"},
				"down": {"uv": [2, 0, 0, 0], "texture": "#4"}
			}
		},
		{
			"from": [4, 6, 8.3],
			"to": [12, 15, 8.3],
			"faces": {
				"north": {"uv": [5.3, 0, 14.8, 9.3], "texture": "#1"},
				"east": {"uv": [0, 0, 2.125, 2.325], "texture": "#missing"},
				"south": {"uv": [14.8, 0, 5.3, 9.3], "texture": "#1"},
				"west": {"uv": [0, 0, 2.125, 2.325], "texture": "#missing"},
				"up": {"uv": [0, 0, 3.65, 1.2], "texture": "#missing"},
				"down": {"uv": [0, 0, 3.65, 1.2], "texture": "#missing"}
			}
		},
		{
			"from": [3.5, 12.65, 8],
			"to": [12.5, 24.75, 8],
			"faces": {
				"north": {"uv": [0, 0, 4.5, 6], "texture": "#4"},
				"east": {"uv": [0, 0, 0, 6], "texture": "#4"},
				"south": {"uv": [4.5, 0, 9, 6], "texture": "#4"},
				"west": {"uv": [0, 0, 0, 6], "texture": "#4"},
				"up": {"uv": [4.5, 0, 0, 0], "texture": "#4"},
				"down": {"uv": [4.5, 0, 0, 0], "texture": "#4"}
			}
		}
	],
	"gui_light": "front",
	"display": {
		"thirdperson_righthand": {
			"rotation": [151.75, 81.5, -137.75],
			"translation": [0, -1, 2.25],
			"scale": [1.4, 1.4, 1.4]
		},
		"thirdperson_lefthand": {
			"rotation": [151.75, 81.5, -137.75],
			"translation": [0, 0, 2.25],
			"scale": [1.4, 1.4, 1.4]
		},
		"firstperson_righthand": {
			"rotation": [-1, -69.56, 8.91],
			"translation": [3.75, 1.25, 0]
		},
		"firstperson_lefthand": {
			"rotation": [-1, -69.56, 8.91],
			"translation": [3.75, 1.25, 0]
		},
		"ground": {
			"translation": [0, 5.25, 0]
		},
		"gui": {
			"rotation": [176, 13.26, -137.73],
			"translation": [-3, -3.25, 0],
			"scale": [0.8, 0.8, 0.8]
		},
		"head": {
			"translation": [0, 4.5, 0],
			"scale": [0, 0, 0]
		},
		"fixed": {
			"translation": [0, -2, 0]
		}
	}
}