{
	"credit": "Made with NN Blockbench",
	"texture_size": [32, 32],
	"textures": {
		"1": "butterflyqueen:butterflyqueen/butterflyqueen_blossom2",
		"3": "butterflyqueen:butterflyqueen/butterflyqueen_wing",
		"particle": "butterflyqueen:butterflyqueen/butterflyqueen_blossom2"
	},
	"elements": [
		{
			"from": [-0.03892, 9.471, 8.61189],
			"to": [9.80168, 23.529, 8.61189],
			"rotation": {"angle": 22.5, "axis": "y", "origin": [4.88138, 16.5, 8.61189]},
			"faces": {
				"north": {"uv": [0, 7, 4.9375, 14], "texture": "#3"},
				"east": {"uv": [0, 0, 0, 7], "texture": "#3"},
				"south": {"uv": [5, 7, 9.9375, 14], "texture": "#3"},
				"west": {"uv": [0, 0, 0, 7], "texture": "#3"},
				"up": {"uv": [4.9375, 0, 0, 0], "texture": "#3"},
				"down": {"uv": [4.9375, 0, 0, 0], "texture": "#3"}
			}
		},
		{
			"from": [6.2886, 9.471, 8.98677],
			"to": [16.1292, 23.529, 8.98677],
			"rotation": {"angle": -22.5, "axis": "y", "origin": [11.91038, 16.5, 8.61189]},
			"faces": {
				"north": {"uv": [0, 0, 4.9375, 7], "texture": "#3"},
				"east": {"uv": [0, 0, 0, 7], "texture": "#3"},
				"south": {"uv": [5, 0, 9.9375, 7], "texture": "#3"},
				"west": {"uv": [0, 0, 0, 7], "texture": "#3"},
				"up": {"uv": [4.9375, 0, 0, 0], "texture": "#3"},
				"down": {"uv": [4.9375, 0, 0, 0], "texture": "#3"}
			}
		},
		{
			"from": [6.55147, 17.5418, 7.47546],
			"to": [7.10713, 18.55081, 8.52504],
			"rotation": {"angle": -22.5, "axis": "z", "origin": [6.67024, 17.31168, 8.00025]},
			"faces": {
				"north": {"uv": [12.5, 12.5, 12.75, 13], "texture": "#3"},
				"east": {"uv": [10, 12, 10.5, 12.5], "texture": "#3"},
				"south": {"uv": [13, 0, 13.25, 0.5], "texture": "#3"},
				"west": {"uv": [12, 10, 12.5, 10.5], "texture": "#3"},
				"up": {"uv": [13.25, 1, 13, 0.5], "texture": "#3"},
				"down": {"uv": [13.25, 1, 13, 1.5], "texture": "#3"}
			}
		},
		{
			"from": [6.91491, 18.3565, 7.47546],
			"to": [7.22057, 19.36551, 8.52504],
			"rotation": {"angle": 45, "axis": "z", "origin": [7.44274, 18.76101, 8.00025]},
			"faces": {
				"north": {"uv": [13, 4.5, 13.125, 5], "texture": "#3"},
				"east": {"uv": [11, 12, 11.5, 12.5], "texture": "#3"},
				"south": {"uv": [13, 10, 13.125, 10.5], "texture": "#3"},
				"west": {"uv": [12, 11, 12.5, 11.5], "texture": "#3"},
				"up": {"uv": [10.625, 13.5, 10.5, 13], "texture": "#3"},
				"down": {"uv": [13.125, 10.5, 13, 11], "texture": "#3"}
			}
		},
		{
			"from": [8.77943, 18.3565, 7.47546],
			"to": [9.08509, 19.36551, 8.52504],
			"rotation": {"angle": -45, "axis": "z", "origin": [8.55726, 18.76101, 8.00025]},
			"faces": {
				"north": {"uv": [11, 13, 11.125, 13.5], "texture": "#3"},
				"east": {"uv": [11.5, 12, 12, 12.5], "texture": "#3"},
				"south": {"uv": [13, 11, 13.125, 11.5], "texture": "#3"},
				"west": {"uv": [12, 11.5, 12.5, 12], "texture": "#3"},
				"up": {"uv": [11.625, 13.5, 11.5, 13], "texture": "#3"},
				"down": {"uv": [13.125, 11.5, 13, 12], "texture": "#3"}
			}
		},
		{
			"from": [8.21491, 10.93449, 7.47546],
			"to": [8.52057, 12.2435, 8.52504],
			"rotation": {"angle": -45, "axis": "z", "origin": [13.14274, 15.73899, 8.00025]},
			"faces": {
				"north": {"uv": [13, 3.5, 13.125, 4.125], "texture": "#3"},
				"east": {"uv": [12, 2, 12.5, 2.625], "texture": "#3"},
				"south": {"uv": [13, 7, 13.125, 7.625], "texture": "#3"},
				"west": {"uv": [12, 3, 12.5, 3.625], "texture": "#3"},
				"up": {"uv": [12.125, 13.5, 12, 13], "texture": "#3"},
				"down": {"uv": [13.125, 12, 13, 12.5], "texture": "#3"}
			}
		},
		{
			"from": [7.47943, 10.93449, 7.47546],
			"to": [7.78509, 12.2435, 8.52504],
			"rotation": {"angle": 45, "axis": "z", "origin": [2.85726, 15.73899, 8.00025]},
			"faces": {
				"north": {"uv": [13, 8, 13.125, 8.625], "texture": "#3"},
				"east": {"uv": [12, 4, 12.5, 4.625], "texture": "#3"},
				"south": {"uv": [13, 9, 13.125, 9.625], "texture": "#3"},
				"west": {"uv": [12, 5, 12.5, 5.625], "texture": "#3"},
				"up": {"uv": [12.625, 13.5, 12.5, 13], "texture": "#3"},
				"down": {"uv": [13.125, 12.5, 13, 13], "texture": "#3"}
			}
		},
		{
			"from": [6.23456, 17.16286, 7.45341],
			"to": [7.12137, 17.85082, 8.54709],
			"rotation": {"angle": 22.5, "axis": "z", "origin": [6.67024, 17.31168, 8.00025]},
			"faces": {
				"north": {"uv": [12.5, 10, 12.9375, 10.375], "texture": "#3"},
				"east": {"uv": [12.5, 5, 13.0625, 5.375], "texture": "#3"},
				"south": {"uv": [10.5, 12.5, 10.9375, 12.875], "texture": "#3"},
				"west": {"uv": [12.5, 5.5, 13.0625, 5.875], "texture": "#3"},
				"up": {"uv": [12.4375, 12.5625, 12, 12], "texture": "#3"},
				"down": {"uv": [12.9375, 2, 12.5, 2.5625], "texture": "#3"}
			}
		},
		{
			"from": [6.43567, 15.94344, 7.59222],
			"to": [7.11323, 17.15464, 8.40828],
			"rotation": {"angle": 22.5, "axis": "z", "origin": [6.73695, 16.79904, 8.00025]},
			"faces": {
				"north": {"uv": [12.5, 7, 12.8125, 7.625], "texture": "#3"},
				"east": {"uv": [12, 6, 12.4375, 6.625], "texture": "#3"},
				"south": {"uv": [12.5, 8, 12.8125, 8.625], "texture": "#3"},
				"west": {"uv": [12, 7, 12.4375, 7.625], "texture": "#3"},
				"up": {"uv": [12.8125, 11.4375, 12.5, 11], "texture": "#3"},
				"down": {"uv": [11.8125, 12.5, 11.5, 12.9375], "texture": "#3"}
			}
		},
		{
			"from": [8.88677, 15.94344, 7.59222],
			"to": [9.56433, 17.15464, 8.40828],
			"rotation": {"angle": -22.5, "axis": "z", "origin": [9.26305, 16.79904, 8.00025]},
			"faces": {
				"north": {"uv": [12.5, 9, 12.8125, 9.625], "texture": "#3"},
				"east": {"uv": [12, 8, 12.4375, 8.625], "texture": "#3"},
				"south": {"uv": [10, 12.5, 10.3125, 13.125], "texture": "#3"},
				"west": {"uv": [12, 9, 12.4375, 9.625], "texture": "#3"},
				"up": {"uv": [12.8125, 11.9375, 12.5, 11.5], "texture": "#3"},
				"down": {"uv": [12.8125, 12, 12.5, 12.4375], "texture": "#3"}
			}
		},
		{
			"from": [8.87863, 17.16286, 7.45341],
			"to": [9.76544, 17.85082, 8.54709],
			"rotation": {"angle": -22.5, "axis": "z", "origin": [9.32976, 17.31168, 8.00025]},
			"faces": {
				"north": {"uv": [12.5, 10.5, 12.9375, 10.875], "texture": "#3"},
				"east": {"uv": [12.5, 6, 13.0625, 6.375], "texture": "#3"},
				"south": {"uv": [11, 12.5, 11.4375, 12.875], "texture": "#3"},
				"west": {"uv": [12.5, 6.5, 13.0625, 6.875], "texture": "#3"},
				"up": {"uv": [12.9375, 3.5625, 12.5, 3], "texture": "#3"},
				"down": {"uv": [12.9375, 4, 12.5, 4.5625], "texture": "#3"}
			}
		},
		{
			"from": [8.89287, 17.5418, 7.47546],
			"to": [9.44853, 18.55081, 8.52504],
			"rotation": {"angle": 22.5, "axis": "z", "origin": [9.32976, 17.31168, 8.00025]},
			"faces": {
				"north": {"uv": [13, 1.5, 13.25, 2], "texture": "#3"},
				"east": {"uv": [10.5, 12, 11, 12.5], "texture": "#3"},
				"south": {"uv": [13, 2, 13.25, 2.5], "texture": "#3"},
				"west": {"uv": [12, 10.5, 12.5, 11], "texture": "#3"},
				"up": {"uv": [13.25, 3, 13, 2.5], "texture": "#3"},
				"down": {"uv": [13.25, 3, 13, 3.5], "texture": "#3"}
			}
		},
		{
			"from": [6, 14.5, 7.25],
			"to": [8, 16.5, 8.75],
			"rotation": {"angle": -45, "axis": "z", "origin": [8, 14.5, 8]},
			"faces": {
				"north": {"uv": [10, 10, 11, 11], "texture": "#3"},
				"east": {"uv": [11, 10, 11.75, 11], "texture": "#3"},
				"south": {"uv": [10, 11, 11, 12], "texture": "#3"},
				"west": {"uv": [11, 11, 11.75, 12], "texture": "#3"},
				"up": {"uv": [13, 0.75, 12, 0], "texture": "#3"},
				"down": {"uv": [13, 1, 12, 1.75], "texture": "#3"}
			}
		},
		{
			"from": [7.8, 13.5, 8.9],
			"to": [11.8, 18.5, 8.9],
			"rotation": {"angle": -22.5, "axis": "y", "origin": [10, 16, 8.5]},
			"faces": {
				"north": {"uv": [10, 5, 12, 7.5], "texture": "#3"},
				"east": {"uv": [0, 0, 0, 2.5], "texture": "#3"},
				"south": {"uv": [10, 7.5, 12, 10], "texture": "#3"},
				"west": {"uv": [0, 0, 0, 2.5], "texture": "#3"},
				"up": {"uv": [2, 0, 0, 0], "texture": "#3"},
				"down": {"uv": [2, 0, 0, 0], "texture": "#3"}
			}
		},
		{
			"from": [4.2, 13.5, 8.9],
			"to": [8.2, 18.5, 8.9],
			"rotation": {"angle": 22.5, "axis": "y", "origin": [6, 16, 8.5]},
			"faces": {
				"north": {"uv": [10, 0, 12, 2.5], "texture": "#3"},
				"east": {"uv": [0, 0, 0, 2.5], "texture": "#3"},
				"south": {"uv": [10, 2.5, 12, 5], "texture": "#3"},
				"west": {"uv": [0, 0, 0, 2.5], "texture": "#3"},
				"up": {"uv": [2, 0, 0, 0], "texture": "#3"},
				"down": {"uv": [2, 0, 0, 0], "texture": "#3"}
			}
		},
		{
			"from": [10, 9.75, 7.9],
			"to": [18, 17.75, 7.9],
			"faces": {
				"north": {"uv": [6.3, 0.7, 14.8, 9], "texture": "#1"},
				"east": {"uv": [3.15, 0.35, 0, 4.5], "texture": "#missing"},
				"south": {"uv": [6.3, 0.7, 14.8, 9], "texture": "#1"},
				"west": {"uv": [3.15, 0.35, 0, 4.5], "texture": "#missing"},
				"up": {"uv": [0, 0, 8, 0], "texture": "#missing"},
				"down": {"uv": [0, 0, 8, 0], "texture": "#missing"}
			}
		},
		{
			"from": [-1.5, 7.55, 9.2],
			"to": [6.5, 15.55, 9.2],
			"rotation": {"angle": 0, "axis": "y", "origin": [16, 0, 0]},
			"faces": {
				"north": {"uv": [14.8, 0.7, 6.3, 9], "texture": "#1"},
				"east": {"uv": [0, 0.35, 3.15, 4.5], "texture": "#missing"},
				"south": {"uv": [14.8, 0.7, 6.3, 9], "texture": "#1"},
				"west": {"uv": [0, 0.35, 3.15, 4.5], "texture": "#missing"},
				"up": {"uv": [8, 0, 0, 0], "texture": "#missing"},
				"down": {"uv": [8, 0, 0, 0], "texture": "#missing"}
			}
		}
	],
	"gui_light": "front",
	"display": {
		"thirdperson_righthand": {
			"rotation": [65, 180, 0],
			"translation": [0, -1, -4.5]
		},
		"thirdperson_lefthand": {
			"rotation": [65, 180, 0],
			"translation": [0, -1, -4.5]
		},
		"firstperson_righthand": {
			"rotation": [-1, -69.56, 8.91],
			"translation": [3.75, -6, 0]
		},
		"firstperson_lefthand": {
			"rotation": [-1, -69.56, 8.91],
			"translation": [3.75, 1.25, 0],
			"scale": [0, 0, 0]
		},
		"ground": {
			"translation": [0, 0.5, 0]
		},
		"gui": {
			"translation": [0.25, -7.75, 0]
		},
		"head": {
			"rotation": [2.75, 0, 0],
			"translation": [0, -75, 5],
			"scale": [3.3, 3.3, 3.3]
		},
		"fixed": {
			"rotation": [0, 180, 0],
			"translation": [0, -7, 0]
		}
	}
}